college_name,state,stream,ug_fee,pg_fee,rating,academic,accommodation,faculty,infrastructure,placement,social_life,institute_canonical,match_type,needs_manual_review
Indian Institute of Technology Madras,Tamil Nadu,Engineering,"75,116","23,070",8.7,9,7.9,8.7,8.8,8.8,9,IIT Madras,EXACT,False
"College of Engineering, Anna University",Tamil Nadu,Engineering,"50,000","50,000",8.4,8.7,7.7,8.1,8.7,8.3,8.7,"College of Engineering, Anna University",EXACT,False
"NIT Trichy, Tiruchirappalli",Tamil Nadu,Engineering,"1,49,250","99,250",8.5,8.6,7.8,8.2,8.7,8.8,8.7,"NIT Trichy, Tiruchirappalli",EXACT,False
Vellore Institute of Technology,Tamil Nadu,Engineering,"1,98,000","1,83,000",8.3,8.3,8,7.8,8.9,8.5,8.5,Vellore Institute of Technology,EXACT,False
"SRM Engineering College, Kanchipuram",Tamil Nadu,Engineering,"2,60,000","1,70,000",7.2,6.5,6.6,6.9,7.6,7.1,8.3,"SRM Engineering College, Kanchipuram",EXACT,False
SSN College of Engineering,Tamil Nadu,Engineering,"50,000","50,000",8.6,8.9,7.6,8.7,9.1,8.3,8.8,SSN College of Engineering,EXACT,False
"SASTRA University, Thanjavur",Tamil Nadu,Engineering,"1,67,000","1,57,000",8.1,8.5,7,8.2,8.3,8.7,8.1,"SASTRA University, Thanjavur",EXACT,False
P.S.G College of Technology,Tamil Nadu,Engineering,"87,000","1,54,000",9,9.2,8.7,8.9,9,9.1,8.8,P.S.G College of Technology,EXACT,False
Thiagarajar College of Engineering,Tamil Nadu,Engineering,"50,000","50,000",8.6,8.9,7.9,8.6,8.6,8.7,8.6,Thiagarajar College of Engineering,EXACT,False
Coimbatore Institute of Technology,Tamil Nadu,Engineering,"23,670","1,32,710",8,8.5,6.8,8.2,7.4,8.4,8.5,Coimbatore Institute of Technology,EXACT,False
Karunya Institute of Technology and Sciences,Tamil Nadu,Engineering,"2,13,500","1,21,500",7.9,7.9,7.9,7.9,8.5,7.5,7.4,Karunya Institute of Technology and Sciences,EXACT,False
Kumaraguru College of Technology,Tamil Nadu,Engineering,"50,000","50,000",8.2,8.3,7.6,8,8.8,7.9,8.5,Kumaraguru College of Technology,EXACT,False
"VEL Tech, Chennai",Tamil Nadu,Engineering,"50,000",--,8.2,8.5,8.5,8.1,7.8,8.3,8.1,"VEL Tech, Chennai",EXACT,False
"Mepco Schlenk Engineering College, Sivakasi",Tamil Nadu,Engineering,"1,34,000","1,04,150",8.1,8.5,8.1,8.3,8.6,7.9,7,Mepco Schlenk Engineering College,EXACT,False
Government College of Technology,Tamil Nadu,Engineering,"9,180","10,110",8.1,8.4,7.1,8.3,8,8,8.8,Government College of Technology,EXACT,False
Hindustan Institute of Technology and Science,Tamil Nadu,Engineering,"2,29,500","1,25,500",7.6,7.8,6.9,7.8,7.9,6.9,8,Hindustan Institute of Technology and Science,EXACT,False
Sri Krishna College of Engineering and Technology,Tamil Nadu,Engineering,"50,000","50,000",8.1,8.2,7.4,8.2,9,8.2,7.7,Sri Krishna College of Engineering and Technology,EXACT,False
Kongu Engineering College,Tamil Nadu,Engineering,"60,000","65,000",8.3,8.3,7.7,8.3,8.9,8.3,8.3,Kongu Engineering College,EXACT,False
Bannari Amman Institute of Technology,Tamil Nadu,Engineering,"60,000","35,000",8.3,8.2,8.1,8,9.1,8.1,8.2,Bannari Amman Institute of Technology,EXACT,False
"Sona College of Technology, Salem",Tamil Nadu,Engineering,"2,00,000","2,29,000",8.1,8.5,7.3,8.3,8.3,7.9,8.5,"Sona College of Technology, Salem",EXACT,False
Tamil Nadu Veterinary and Animal Sciences University,Tamil Nadu,Engineering,"21,415","33,325",8.3,8.4,8,8.4,8.2,8.2,8.4,Tamil Nadu Veterinary and Animal Sciences University,EXACT,False
"St. Joseph College Of Engineering, Kanchipuram",Tamil Nadu,Engineering,"60,000","65,000",8,7,--,--,9,8,--,St. Joseph College Of Engineering,EXACT,False
Saveetha Engineering College,Tamil Nadu,Engineering,"85,000","60,000",8,8.1,7.3,8.1,8.6,7.7,7.9,Saveetha Engineering College,EXACT,False
"Sri Sairam Engineering College, Chennai",Tamil Nadu,Engineering,"50,000","25,000",7.7,8.4,7.3,7.9,8.2,7.9,6.7,"Sri Sairam Engineering College, Chennai",EXACT,False
B.S. Abdur Rahman Crescent Institute of Science,Tamil Nadu,Engineering,"85,000","40,000",8.2,8.4,7.8,8.3,8.7,7.7,8.2,B.S. Abdur Rahman Crescent Institute of Science,EXACT,False
Sri Ramakrishna Engineering College,Tamil Nadu,Engineering,"55,000","60,000",8.1,8.4,7.7,8,8.3,8.3,8,Sri Ramakrishna Engineering College,EXACT,False
Rajalakshmi Engineering College,Tamil Nadu,Engineering,"50,000","50,000",7.8,8.1,6.3,8.1,8,8.3,7.7,Rajalakshmi Engineering College,EXACT,False
Sri Venkateswara College of Engineering,Tamil Nadu,Engineering,"65,000","60,000",8.2,8.4,7.4,8.4,8.6,8.1,8,Sri Venkateswara College of Engineering,EXACT,False
IIT Bombay,Maharashtra,Engineering,"2,28,000","32,000",8.9,9.3,7.9,8.7,8.9,9.1,9.2,IIT Bombay,EXACT,False
Institute of Chemical Technology,Maharashtra,Engineering,"85,350","70,750",8.7,9.1,8.1,8.9,8.7,8.4,9.1,Institute of Chemical Technology,EXACT,False
Visvesvaraya National Institute of Technology,Maharashtra,Engineering,"1,49,200","93,600",8.1,8.3,7.5,8,8.4,7.7,8.7,Visvesvaraya NIT,EXACT,False
College of Engineering,Maharashtra,Engineering,"40,500","64,500",8.6,8.7,8.2,8.1,8.5,8.7,9.1,College of Engineering,EXACT,False
Defence Institute of Advanced Technology,Maharashtra,Engineering,"1,53,600","45,000",8.8,9,8.6,8.8,9,8.6,8.6,Defence Institute of Advanced Technology,EXACT,False
National Institute of Industrial Engineering,Maharashtra,Engineering,"5,98,000","1,04,000",9,9,9,9,9,9.3,8.6,National Institute of Industrial Engineering,EXACT,False
Army Institute of Technology,Maharashtra,Engineering,"1,80,197","1,20,560",8.3,8,8.5,7.6,7.9,8.7,9,Army Institute of Technology,EXACT,False
Bharati Vidyapeeth Deemed University,Maharashtra,Engineering,"1,20,000","50,000",7.8,8.1,6.8,7.9,8.1,7.7,8.2,Bharati Vidyapeeth Deemed University,EXACT,False
Veermata Jijabai Technological Institute,Maharashtra,Engineering,"84,051","83,734",7.9,8.2,7.2,7.8,7.1,8.7,8.4,Veermata Jijabai Technological Institute,EXACT,False
GH Raisoni College of Engineering,Maharashtra,Engineering,"5,60,000","1,32,000",8.4,8.5,8,8.4,8.5,8,8.8,GH Raisoni College of Engineering,EXACT,False
Mukesh Patel School of Technology Management and,Maharashtra,Engineering,"4,52,000","5,01,500",8.2,8.1,8,7.8,8.7,8.1,8.3,Mukesh Patel School of Technology Management and,EXACT,False
Sardar Patel Institute of Technology,Maharashtra,Engineering,"1,70,000","1,68,000",8.1,8.4,6.9,7.9,8.3,9.1,8.1,Sardar Patel Institute of Technology,EXACT,False
Shri Ramdeobaba College of Engineering and Management,Maharashtra,Engineering,"1,45,000","1,25,000",8.1,8.3,7.6,8,7.9,8.3,8.2,Shri Ramdeobaba College of Engineering and Management,EXACT,False
Rashtrasant Tukadoji Maharaj Nagpur University,Maharashtra,Engineering,"33,600","60,000",7.5,8,7.2,7.7,7.9,6.9,7.4,Rashtrasant Tukadoji Maharaj Nagpur University,EXACT,False
Yeshwantrao Chavan College of Engineering,Maharashtra,Engineering,"1,51,801","1,53,328",7.6,7.7,7,7.6,8.2,7.2,7.6,Yeshwantrao Chavan College of Engineering,EXACT,False
Walchand College of Engineering,Maharashtra,Engineering,"84,935","96,550",8.3,8.4,7.3,8.3,8.4,8.8,8.4,Walchand College of Engineering,EXACT,False
MIT World Peace University,Maharashtra,Engineering,"3,10,000","1,90,000",8,8.1,7,8,8.5,7.7,8.4,MIT World Peace University,EXACT,False
Vishwakarma Institute of Information Technology,Maharashtra,Engineering,"1,64,000","78,000",7.8,8.2,6.8,8.1,7.4,8,8.1,Vishwakarma Institute of Information Technology,EXACT,False
Ramrao Adik Institute of Technology,Maharashtra,Engineering,"3,25,000","1,50,000",8.6,8.2,8,8.1,9,8.7,9.3,Ramrao Adik Institute of Technology,EXACT,False
Sardar Patel College of Engineering,Maharashtra,Engineering,"1,70,000","1,68,000",8,8.3,7.2,7.9,8,8.1,8.2,Sardar Patel College of Engineering,EXACT,False
K. J. Somaiya College of Engineering,Maharashtra,Engineering,"2,86,000","1,96,800",8.2,8.2,8,7.7,8.7,8,8.5,K. J. Somaiya College of Engineering,EXACT,False
Pimpri Chinchwad College of Engineering,Maharashtra,Engineering,"1,38,559","1,07,687",8.1,8.7,7.6,8.1,7.9,8.6,7.5,Pimpri Chinchwad College of Engineering,EXACT,False
"MKSSS's Cummins College of Engineering for Women,",Maharashtra,Engineering,"1,80,836","1,55,200",8.3,8.3,8,8.1,7.8,9,8.6,MKSSS's Cummins College of Engineering for Women,EXACT,False
Dwarkadas J Sanghvi College of Engineering,Maharashtra,Engineering,"1,94,000","1,39,000",8.2,8.2,7.7,8.2,8.4,8.3,8.2,Dwarkadas J Sanghvi College of Engineering,EXACT,False
Thakur College of Engineering and Technology,Maharashtra,Engineering,"1,47,500","1,36,931",8.2,8.1,8,7.9,9.1,7.9,8.4,Thakur College of Engineering and Technology,EXACT,False
SVKM's Narsee Monjee Institute of Management Studies,Maharashtra,Engineering,"3,02,000",--,8.2,8.5,6.8,8.6,8.3,8.3,8.7,SVKM's Narsee Monjee Institute of Management Studies,EXACT,False
"Amity University, Mumbai",Maharashtra,Engineering,"2,22,000","1,50,000",8.1,7.9,7.6,8.2,8.4,7.8,8.6,"Amity University, Mumbai",EXACT,False
"Vishwakarma Institute of Technology, Pune",Maharashtra,Engineering,"1,79,895","88,765",7.5,8.1,6.5,7.9,6.5,7.8,8.4,Vishwakarma Institute of Technology,EXACT,False
Indian Institute of Information Technology,Maharashtra,Engineering,"2,34,500","1,00,500",7.8,8.2,7.5,8,7.2,8.4,7.5,IIIT,EXACT,False
Tata Institute of Social Sciences,Maharashtra,Engineering,--,--,8.6,9,8.1,8.9,8.6,8.4,8.6,Tata Institute of Social Sciences,EXACT,False
Indian Institute of Technology,Uttar Pradesh,Engineering,"2,15,600","2,14,050",8.9,9.1,8.4,8.7,9.3,8.9,9.1,IIT,EXACT,False
Indian Institute of Technology,Uttar Pradesh,Engineering,"84,981","36,815",8.5,8.5,8.2,8.1,7.6,9.1,9.2,IIT,EXACT,False
"Amity University, Noida",Uttar Pradesh,Engineering,"3,11,000","1,40,000",8.2,8,7.9,8.1,8.9,7.6,8.7,"Amity University, Noida",EXACT,False
Aligarh Muslim University,Uttar Pradesh,Engineering,"2,69,445","4,30,970",8.3,8.8,7.9,8.5,8.8,7.2,8.6,Aligarh Muslim University,EXACT,False
MNNIT Allahabad,Uttar Pradesh,Engineering,"84,666","1,18,000",8,8.4,7.3,7.8,7.1,8.9,8.2,MNNIT Allahabad,EXACT,False
Jaypee Institute of Information Technology University,Uttar Pradesh,Engineering,"2,36,500","1,20,000",7.8,7.8,7.7,7.3,8.2,7.8,7.7,Jaypee Institute of Information Technology University,EXACT,False
Indian Institute of Information Technology,Uttar Pradesh,Engineering,"1,04,000","2,80,400",8.3,8.4,7.4,7.6,9,9.2,8.1,IIIT,EXACT,False
"Dayalbagh Educational Institute Faculty of Engineering, Agra",Uttar Pradesh,Engineering,"51,300","26,500",8,8.3,7.1,8.5,8.1,8.2,8,Dayalbagh Educational Institute Faculty of Engineering,EXACT,False
Sharda University,Uttar Pradesh,Engineering,"1,63,770","97,850",7.9,7.7,7.6,7.9,8.6,6.9,8.6,Sharda University,EXACT,False
Galgotias University,Uttar Pradesh,Engineering,"1,59,000","45,000",7.6,7.9,6.9,7.9,7.5,7.7,7.8,Galgotias University,EXACT,False
"Bennett University, Greater Noida",Uttar Pradesh,Engineering,"3,50,000","60,000",8.6,8.5,7.9,8.8,9.2,8.3,8.6,"Bennett University, Greater Noida",EXACT,False
Shiv Nadar University,Uttar Pradesh,Engineering,"2,00,000","1,60,000",9,8.8,8.7,8.8,9.6,8.5,9.4,Shiv Nadar University,EXACT,False
"Integral University, Lucknow",Uttar Pradesh,Engineering,"1,40,000","80,000",7.4,7.6,7.3,7.4,8,6.5,7.4,"Integral University, Lucknow",EXACT,False
J.S. University,Uttar Pradesh,Engineering,"47,500","13,500",8.5,8.5,7.8,8.7,9,8.2,8.6,J.S. University,EXACT,False
"GLA University, Mathura",Uttar Pradesh,Engineering,"1,78,000","75,000",8.2,8.2,7.9,8.3,8.3,8.2,8.1,"GLA University, Mathura",EXACT,False
Institute of Engineering and Technology,Uttar Pradesh,Engineering,"89,775","73,200",7.4,7.6,7.7,7,7.3,7,7.8,Institute of Engineering and Technology,EXACT,False
Sanskriti University,Uttar Pradesh,Engineering,"1,15,000","45,000",7,7.2,6.7,7,7.5,6.9,6.8,Sanskriti University,EXACT,False
"Monad University, Hapur",Uttar Pradesh,Engineering,"1,51,000","35,500",8,7.6,7.4,8.5,8,8.2,8.1,"Monad University, Hapur",EXACT,False
Indian Institute of Information Technology,Uttar Pradesh,Engineering,"2,18,700","2,18,700",7.8,7.6,7.2,7.4,6.8,9.4,8.1,IIIT,EXACT,False
"IFTM University, Moradabad",Uttar Pradesh,Engineering,"1,07,000","75,000",7.8,7.9,7.5,8.1,8,6.8,8.3,"IFTM University, Moradabad",EXACT,False
"Shobhit University, Meerut",Uttar Pradesh,Engineering,"1,11,200","1,22,400",7.8,8.4,7.3,7.8,8.3,7,7.9,"Shobhit University, Meerut",EXACT,False
"Glocal University, Saharanpur",Uttar Pradesh,Engineering,"1,44,000","94,000",7.1,7.5,6.9,7,6.7,7.2,7.3,"Glocal University, Saharanpur",EXACT,False
"Rama University, Kanpur",Uttar Pradesh,Engineering,"90,000","75,000",6.7,6.6,6.1,7.3,6.5,6.6,7.1,"Rama University, Kanpur",EXACT,False
Noida Institute of Engineering and Technology,Uttar Pradesh,Engineering,"6,14,000","2,13,000",7.6,8.1,7.1,8,7.6,7.8,7.1,Noida Institute of Engineering and Technology,EXACT,False
"ABES Engineering College, Ghaziabad",Uttar Pradesh,Engineering,"1,43,700","1,30,000",7.9,8.1,7.2,8.1,8.2,7.8,8,"ABES Engineering College, Ghaziabad",EXACT,False
Bundelkhand Institute of Engineering & Technology,Uttar Pradesh,Engineering,"61,800","59,300",7.1,7.3,7,6.9,7.4,6.2,8,Bundelkhand Institute of Engineering & Technology,EXACT,False
Harcourt Butler Technological University,Uttar Pradesh,Engineering,"1,35,000","83,300",7.3,7.5,6.9,7.4,6.5,7.8,7.8,Harcourt Butler Technological University,EXACT,False
Rajiv Gandhi Institute of Petroleum Technology,Uttar Pradesh,Engineering,"2,21,100","42,100",8.6,8.7,8.6,8.2,9.2,8.2,8.6,Rajiv Gandhi Institute of Petroleum Technology,EXACT,False
Indian Institute of Technology,Delhi,Engineering,"2,20,300","1,32,900",8.7,9,7.8,8.7,8.9,9,9,IIT,EXACT,False
"Jamia Millia Islamia University-[JMI], New Delhi",Delhi,Engineering,"16,150","8,970",8,8.4,7.6,8.3,8.4,7.2,8.2,Jamia Millia Islamia University-[JMI],EXACT,False
Delhi Technological University,Delhi,Engineering,"1,90,000","1,66,000",8.2,7.9,7.6,7.5,8.6,8.6,8.8,Delhi Technological University,EXACT,False
"Amity University, Noida",Delhi,Engineering,"3,11,000","1,40,000",8.2,8,7.9,8.1,8.9,7.6,8.7,"Amity University, Noida",EXACT,False
Indraprastha Institute of Information Technology,Delhi,Engineering,"3,60,000","1,00,000",8.7,8.8,8.7,8.9,8.9,8.6,8.2,Indraprastha Institute of Information Technology,EXACT,False
Guru Gobind Singh Indraprastha University,Delhi,Engineering,"1,17,200","23,000",7.8,8.1,7.5,8,8.1,6.9,8.1,Guru Gobind Singh Indraprastha University,EXACT,False
Jaypee Institute of Information Technology University,Delhi,Engineering,"2,36,500","1,20,000",7.8,7.8,7.7,7.3,8.2,7.8,7.7,Jaypee Institute of Information Technology University,EXACT,False
National Institute of Food Technology Entrepreneurship and,Delhi,Engineering,"1,71,550","1,52,950",8.1,8.5,7.1,6.9,9.4,8.5,7.9,National Institute of Food Technology Entrepreneurship and,EXACT,False
"School of Engineering and Technology, NCU",Delhi,Engineering,"2,60,000","82,000",9,9,--,--,9,--,--,School of Engineering and Technology,EXACT,False
"J.C. Bose University Of Science And Technology,",Delhi,Engineering,"83,625","83,625",7.3,7.7,6.5,7.4,6.6,7.7,7.6,J.C. Bose University Of Science And Technology,EXACT,False
Indira Gandhi Delhi Technical University For Women,Delhi,Engineering,"88,000","33,000",7.6,7.7,7,7.6,6.9,8.3,7.9,Indira Gandhi Delhi Technical University For Women,EXACT,False
Manav Rachna International Institute Of Research And,Delhi,Engineering,"1,81,500","1,16,000",7.2,7.1,6.7,6.5,8.4,6.5,7.8,Manav Rachna International Institute Of Research And,EXACT,False
Sharda University,Delhi,Engineering,"1,63,770","97,850",7.9,7.7,7.6,7.9,8.6,6.9,8.6,Sharda University,EXACT,False
Galgotias University,Delhi,Engineering,"1,59,000","45,000",7.6,7.9,6.9,7.9,7.5,7.7,7.8,Galgotias University,EXACT,False
Netaji Subhas University of Technology,Delhi,Engineering,"1,90,000","1,20,000",7.8,7.9,7.1,7.6,7.6,8.9,7.9,Netaji Subhas University of Technology,EXACT,False
Shiv Nadar University,Delhi,Engineering,"2,00,000","1,60,000",9,8.8,8.7,8.8,9.6,8.5,9.4,Shiv Nadar University,EXACT,False
Manav Rachna International Institute of Research and,Delhi,Engineering,"1,81,500","1,65,000",7.5,7.4,7.3,7.5,8.3,6.6,7.6,Manav Rachna International Institute of Research and,EXACT,False
National Institute of Technology,Delhi,Engineering,"96,866","1,98,500",6.8,7.3,6,7.1,6,7.6,6.8,NIT,EXACT,False
"Gurugram University, Gurgaon",Delhi,Engineering,"40,000",--,8.2,8.6,7.4,8.4,8.6,8,8.1,"Gurugram University, Gurgaon",EXACT,False
Chhotu Ram Rural Institute Of Technology,Delhi,Engineering,"33,450","33,450",8.4,8.7,8.1,8.4,8.7,8.1,8.2,Chhotu Ram Rural Institute Of Technology,EXACT,False
SunRise University,Delhi,Engineering,"72,200","32,200",8.1,8.1,7.3,8.7,8.1,7.9,8.4,SunRise University,EXACT,False
"Monad University, Hapur",Delhi,Engineering,"1,51,000","35,500",8,7.6,7.4,8.5,8,8.2,8.1,"Monad University, Hapur",EXACT,False
"Amity University, Gurgaon",Delhi,Engineering,"2,30,000","1,56,000",7.7,7.8,7.1,7.6,8.6,7.1,8.1,"Amity University, Gurgaon",EXACT,False
"Shobhit University, Meerut",Delhi,Engineering,"1,11,200","1,22,400",7.8,8.4,7.3,7.8,8.3,7,7.9,"Shobhit University, Meerut",EXACT,False
Indraprastha Institute of Technology and Management,Delhi,Engineering,"1,25,000",--,8.3,8.3,8,8.7,7.8,8.7,8.5,Indraprastha Institute of Technology and Management,EXACT,False
Maharaja Agrasen Institute of Technology,Delhi,Engineering,"1,43,200",--,7.5,7.8,7.2,7.7,7.5,7.5,7.4,Maharaja Agrasen Institute of Technology,EXACT,False
Maharaja Surajmal Institute of Technology,Delhi,Engineering,"1,35,300",--,7.3,7.9,6.7,7.5,6.8,7.7,7.1,Maharaja Surajmal Institute of Technology,EXACT,False
Noida Institute of Engineering and Technology,Delhi,Engineering,"6,14,000","2,13,000",7.6,8.1,7.1,8,7.6,7.8,7.1,Noida Institute of Engineering and Technology,EXACT,False
K L University,Andhra Pradesh,Engineering,"2,50,000","1,45,000",8.3,8.5,7.6,8.3,8.8,8.3,8.2,K L University,EXACT,False
"Andhra University, College of Engineering",Andhra Pradesh,Engineering,"10,000","1,09,000",7.7,8.2,6.9,7.8,8,7.2,7.9,Andhra University,EXACT,False
"Sri Venkateswara University College of Engineering, Tirupati",Andhra Pradesh,Engineering,"16,395","31,647",7.8,7.6,8.4,7.4,8.1,6.9,8.1,Sri Venkateswara University College of Engineering,EXACT,False
"Vignan’s Foundation for Science, Technology, and Research,",Andhra Pradesh,Engineering,"2,50,000","1,10,000",8.2,8.2,8.4,8.5,8.2,7.7,8.4,Vignan’s Foundation for Science,EXACT,False
"JNTUK University College of Engineering, Kakinada, East",Andhra Pradesh,Engineering,"10,000","30,000",7.7,8,7.1,7.8,8.2,7,8.3,JNTUK University College of Engineering,EXACT,False
Sree Vidyanikethan Engineering College,Andhra Pradesh,Engineering,"2,80,000","76,850",8.5,8.4,8.5,8.3,8.8,8.4,8.6,Sree Vidyanikethan Engineering College,EXACT,False
G. Pulla Reddy Engineering College,Andhra Pradesh,Engineering,"80,000","80,000",8.3,8.5,7.7,8.5,8.5,8.2,8.4,G. Pulla Reddy Engineering College,EXACT,False
Sri Venkateswara College of Engineering and Technology,Andhra Pradesh,Engineering,"89,350","75,000",7.9,8.3,7.9,8,8.2,7.3,7.5,Sri Venkateswara College of Engineering and Technology,EXACT,False
Velagapudi Ramakrishna Siddhartha Engineering College,Andhra Pradesh,Engineering,"71,050","70,000",8.2,8.6,7.6,8.4,8.4,8.2,8.1,Velagapudi Ramakrishna Siddhartha Engineering College,EXACT,False
Shri Vishnu Engineering College for Women,Andhra Pradesh,Engineering,"95,000","55,000",8.8,8.7,8.6,8.5,9.3,8.8,9,Shri Vishnu Engineering College for Women,EXACT,False
"JNTUA College of Engineering, Ananthapur",Andhra Pradesh,Engineering,"25,000","38,750",7,7.1,7.3,6.7,7.5,6.3,7.3,"JNTUA College of Engineering, Ananthapur",EXACT,False
Sagi Ramakrishnam Raju Engineering College,Andhra Pradesh,Engineering,"30,000","57,000",8.2,8.5,7.5,8.4,8.3,8.2,8.3,Sagi Ramakrishnam Raju Engineering College,EXACT,False
Gayatri Vidya Parishad College of Engineering,Andhra Pradesh,Engineering,"2,76,000","1,00,000",7.7,8.3,6.8,8,7.3,8.1,7.4,Gayatri Vidya Parishad College of Engineering,EXACT,False
Jawaharlal Nehru Technological University,Andhra Pradesh,Engineering,"1,00,000",--,7.4,7.7,6.8,7.1,7.7,7.1,7.8,Jawaharlal Nehru Technological University,EXACT,False
Indian Institute of Technology,Andhra Pradesh,Engineering,"16,950","78,218",8.6,9,8.1,8.8,8.7,8.2,8.9,IIT,EXACT,False
Prasad V. Potluri Siddhartha Institute of Technology,Andhra Pradesh,Engineering,"2,80,000","1,40,000",7.9,8.1,7.3,8.1,8.1,7.9,7.8,Prasad V. Potluri Siddhartha Institute of Technology,EXACT,False
Centurion University of Technology and Management,Andhra Pradesh,Engineering,"1,25,000","60,000",7.8,8,7.2,8.3,7.6,7.4,8.3,Centurion University of Technology and Management,EXACT,False
Aditya Engineering College,Andhra Pradesh,Engineering,"72,000","29,500",7.8,7.9,7.4,7.8,8.5,7.4,7.9,Aditya Engineering College,EXACT,False
Bapatla Engineering College,Andhra Pradesh,Engineering,"75,000","90,000",7.5,7.8,7.3,7.7,8.2,6.5,7.7,Bapatla Engineering College,EXACT,False
Gudlavalleru Engineering College,Andhra Pradesh,Engineering,"81,600","74,850",8.2,8.5,7.7,8.4,8.7,7.5,8.1,Gudlavalleru Engineering College,EXACT,False
Sri Venkateswara College of Engineering,Andhra Pradesh,Engineering,"80,000","75,000",8.3,8.3,8,8.1,9,7.8,8.5,Sri Venkateswara College of Engineering,EXACT,False
Sri Vasavi Engineering College,Andhra Pradesh,Engineering,"1,89,000","60,850",7.9,8.1,7.4,8,8.3,7.6,7.8,Sri Vasavi Engineering College,EXACT,False
Indian Institute of Information Technology Sri City,Andhra Pradesh,Engineering,"1,03,000","2,71,000",7,7.9,6.4,7.1,6.9,7.3,6.4,IIIT Sri City,EXACT,False
National Institute of Technology,Andhra Pradesh,Engineering,"1,87,500","1,00,000",7.2,7.9,6.6,7.5,6.9,6.9,7.2,NIT,EXACT,False
"Rajiv Gandhi University of Knowledge Technologies -[RGUKT],",Andhra Pradesh,Engineering,"39,000","96,000",8.2,8.4,7.6,8.1,8.9,7.7,8.5,Rajiv Gandhi University of Knowledge Technologies -[RGUKT],EXACT,False
Raghu Engineering College,Andhra Pradesh,Engineering,"85,000","57,000",8.1,8.3,7.1,8.1,8.4,8.5,8,Raghu Engineering College,EXACT,False
Indian Institute of Information Technology Design and,Andhra Pradesh,Engineering,"1,44,600","67,500",7.4,7.9,7.6,8,6.7,7.2,7.2,IIIT Design and,EXACT,False
Rajeev Gandhi Memorial College of Engineering and,Andhra Pradesh,Engineering,"69,100","62,800",7.4,7.8,7.2,7.6,8,6.2,7.4,Rajeev Gandhi Memorial College of Engineering and,EXACT,False
VIT University,Andhra Pradesh,Engineering,"1,98,000","1,93,000",8.2,8.3,7.9,8.3,8.1,8.4,8.1,VIT University,EXACT,False
National Institute of Technology,Karnataka,Engineering,"1,52,730","1,00,355",8.4,8.7,7.2,8.2,8.4,8.9,8.9,NIT,EXACT,False
Manipal Institute of Technology,Karnataka,Engineering,"3,35,000","2,10,000",8.7,8.5,8.5,8.1,9.4,8.1,9.3,Manipal Institute of Technology,EXACT,False
R V College of Engineering,Karnataka,Engineering,"3,50,000","37,700",8.5,8.7,7.9,8.2,8.6,9,8.4,R V College of Engineering,EXACT,False
Ramaiah Institute of Technology,Karnataka,Engineering,"86,226","96,570",8.4,8.5,7.8,8.3,8.7,8.3,8.6,Ramaiah Institute of Technology,EXACT,False
International Institute of Information Technology,Karnataka,Engineering,"1,64,000","3,24,000",8.7,9.2,8.5,9.1,8.8,8.9,7.6,International Institute of Information Technology,EXACT,False
BMS College of Engineering,Karnataka,Engineering,"2,29,110","26,800",8.2,8.4,8,8,8,8.3,8.7,BMS College of Engineering,EXACT,False
Siddaganga Institute of Technology,Karnataka,Engineering,"79,475","92,975",7.8,8.1,7.2,7.7,8.1,8,7.6,Siddaganga Institute of Technology,EXACT,False
New Horizon College of Engineering,Karnataka,Engineering,"2,50,000","75,000",8,8,7.6,8.1,8.3,7.8,8.2,New Horizon College of Engineering,EXACT,False
"Faculty of Engineering and Technology, Jain University",Karnataka,Engineering,"1,97,500","85,000",8.1,8,7.9,8,8.3,7.7,8.5,Faculty of Engineering and Technology,EXACT,False
Sri Jayachamarajendra College of Engineering,Karnataka,Engineering,"4,75,000","1,40,000",8.3,8.4,7.6,7.8,8.5,8.7,8.6,Sri Jayachamarajendra College of Engineering,EXACT,False
Dayananda Sagar College of Engineering,Karnataka,Engineering,"96,106","2,92,720",8,8,7.4,7.7,8.8,7.7,8.3,Dayananda Sagar College of Engineering,EXACT,False
NMAM Institute of Technology,Karnataka,Engineering,"1,63,000","83,220",7.9,8,7.5,8.2,8.1,7.5,7.9,NMAM Institute of Technology,EXACT,False
Nitte Meenakshi Institute of Technology,Karnataka,Engineering,"58,806","65,390",7.8,8.1,7.1,7.9,7.8,7.6,8.1,Nitte Meenakshi Institute of Technology,EXACT,False
PES University,Karnataka,Engineering,"3,40,000","2,00,000",8,8.5,7.7,8.1,8.1,8.1,7.6,PES University,EXACT,False
BMS Institute of Technology and Management,Karnataka,Engineering,"3,50,000",--,7.9,8.2,7.7,8,7.7,7.9,7.7,BMS Institute of Technology and Management,EXACT,False
"KLE Technological University, Hubli",Karnataka,Engineering,"15,000","40,000",8.4,8.5,7.6,8.2,9.1,8.4,8.4,"KLE Technological University, Hubli",EXACT,False
Dr. Ambedkar Institute of Technology,Karnataka,Engineering,"30,200","37,500",7.2,7.7,6.8,7.5,7.5,6.7,7.2,Dr. Ambedkar Institute of Technology,EXACT,False
PES College of Engineering,Karnataka,Engineering,"76,800","74,450",7.7,7.9,6.7,7.7,8.5,7.3,8,PES College of Engineering,EXACT,False
CMR Institute of Technology,Karnataka,Engineering,"2,50,000","1,40,000",7.9,8.2,7.3,7.9,8.3,7.7,8,CMR Institute of Technology,EXACT,False
The National Institute of Engineering,Karnataka,Engineering,"44,090","55,590",8.1,8.5,7.6,8.3,7.8,8.4,7.9,The National Institute of Engineering,EXACT,False
"Alliance College of Engineering and Design, Bangalore",Karnataka,Engineering,"2,25,000","1,50,000",7.2,7.3,7.1,6.5,8.7,6.5,7.2,Alliance College of Engineering and Design,EXACT,False
Basaveshwar Engineering College,Karnataka,Engineering,"65,340","60,000",7.7,8.1,7.9,8.1,8.1,6.6,7.2,Basaveshwar Engineering College,EXACT,False
"Christ University, Bangalore",Karnataka,Engineering,"1,70,000","35,000",8.3,8.5,7.4,8.2,8.9,8.1,8.8,"Christ University, Bangalore",EXACT,False
Manipal Academy of Higher Education,Karnataka,Engineering,"3,35,000","2,10,000",8.4,8.5,8.2,8.6,8.8,7.8,8.4,Manipal Academy of Higher Education,EXACT,False
Indian Institute of Science,Karnataka,Engineering,"29,200","35,200",9,9.6,8.5,9.4,9.5,8.4,8.4,Indian Institute of Science,EXACT,False
"REVA University, Bangalore",Karnataka,Engineering,"2,25,000","5,00,000",8.4,8.3,8.1,8.3,9.3,7.8,8.4,"REVA University, Bangalore",EXACT,False
"Alliance University, Bangalore",Karnataka,Engineering,"6,25,000","1,50,000",8,8.2,7.2,8.2,8.8,7.6,8,"Alliance University, Bangalore",EXACT,False
"Presidency University, Bangalore",Karnataka,Engineering,"2,10,000","90,000",8.3,8.2,7.6,8.6,8.8,8.2,8.3,"Presidency University, Bangalore",EXACT,False
Indian Institute of Technology,Telangana,Engineering,"2,22,995","5,00,895",8.5,8.7,8,8.7,8.5,8.3,8.6,IIT,EXACT,False
National Institute of Technology,Telangana,Engineering,"1,30,000","75,000",8.4,8.6,7.9,8.2,8.5,8.6,8.4,NIT,EXACT,False
International Institute of Information Technology,Telangana,Engineering,"3,00,000","1,50,000",8.3,9,8.2,8.5,7.8,9.2,6.9,International Institute of Information Technology,EXACT,False
Jawaharlal Nehru Technological University,Telangana,Engineering,"12,500","18,000",8,8.3,7.7,7.8,8.3,7.6,8.3,Jawaharlal Nehru Technological University,EXACT,False
"University College of Engineering, Osmania University",Telangana,Engineering,"27,770","39,770",8.6,9,8.5,8.5,8.6,8.4,8.4,University College of Engineering,EXACT,False
Chaitanya Bharathi Institute of Technology,Telangana,Engineering,"1,34,000","1,51,600",8.2,8.5,7.1,8.4,8.3,8.6,8.5,Chaitanya Bharathi Institute of Technology,EXACT,False
Vallurupalli Nageswara Rao Vignana Jyothi Institute of,Telangana,Engineering,"1,31,000","1,41,700",8.4,8.4,8.1,8.2,8.5,8.4,8.5,Vallurupalli Nageswara Rao Vignana Jyothi Institute of,EXACT,False
"CVR College of Engineering, Ibrahimpatnam, Rangareddi",Telangana,Engineering,"1,21,650","72,500",8.3,8.6,8.1,8.5,8.2,8.6,7.7,CVR College of Engineering,EXACT,False
Institute of Aeronautical Engineering,Telangana,Engineering,"90,000","70,000",8.3,8.4,8.5,8.2,8.5,8,8.2,Institute of Aeronautical Engineering,EXACT,False
BV Raju Institute of Technology,Telangana,Engineering,"1,20,000","70,000",8.5,8.6,8.2,8.3,8.9,8.4,8.7,BV Raju Institute of Technology,EXACT,False
Vardhaman College of Engineering,Telangana,Engineering,"1,25,000","57,000",8.1,8.2,8.2,8.2,8.5,8.1,7.6,Vardhaman College of Engineering,EXACT,False
"Anurag University, Hyderabad",Telangana,Engineering,"1,35,500","66,500",8.3,8.5,7.5,8.2,8.9,8,8.4,"Anurag University, Hyderabad",EXACT,False
Vasavi College of Engineering,Telangana,Engineering,"1,30,000","1,00,000",8,8.6,6.7,8.3,8,8.8,7.5,Vasavi College of Engineering,EXACT,False
Gokaraju Rangaraju Institute of Engineering and Technology,Telangana,Engineering,"1,22,000","75,000",8,8.3,7.3,7.9,8.5,8.1,7.6,Gokaraju Rangaraju Institute of Engineering and Technology,EXACT,False
Kakatiya Institute of Technology & Science,Telangana,Engineering,"1,25,960","74,550",8.2,8.3,7.9,8.4,8.3,7.9,8.4,Kakatiya Institute of Technology & Science,EXACT,False
K L University,Telangana,Engineering,"2,65,000","1,20,000",7.9,7.9,7.4,8.1,8.2,7.6,8.1,K L University,EXACT,False
Birla Institute of Technology and Science,Telangana,Engineering,"4,23,475","4,69,475",9,9,8.4,8.8,9.4,9.1,9.4,Birla Institute of Technology and Science,EXACT,False
Mahatma Gandhi Institute of Technology,Telangana,Engineering,"1,08,000",--,7.8,8.1,7.2,8.1,8.1,7.3,7.8,Mahatma Gandhi Institute of Technology,EXACT,False
Malla Reddy Engineering College,Telangana,Engineering,"1,03,000","57,000",7.4,7.7,7.1,7.4,7.8,7.1,7.5,Malla Reddy Engineering College,EXACT,False
Malla Reddy College of Engineering,Telangana,Engineering,"72,000",--,7,7.5,7.2,7,6.8,6.5,7.2,Malla Reddy College of Engineering,EXACT,False
Indian Institute of Chemical Technology,Telangana,Engineering,--,--,7.7,7,7,8.3,8,7.7,7.9,Indian Institute of Chemical Technology,EXACT,False
Sreenidhi Institute of Science and Technology,Telangana,Engineering,"5,20,000","2,10,000",7.6,7.8,6.9,7.5,7.8,7.7,7.6,Sreenidhi Institute of Science and Technology,EXACT,False
"Mahindra University, Hyderabad",Telangana,Engineering,"4,70,000","70,000",8.8,9.1,8.6,9,9.1,7.8,8.9,"Mahindra University, Hyderabad",EXACT,False
"St Martin's Engineering College, Secunderabad",Telangana,Engineering,"80,000",--,7.7,7.9,6.8,7.8,7.9,7.7,8.2,St Martin's Engineering College,EXACT,False
MLR Institute of Technology,Telangana,Engineering,"96,000","57,000",8.3,8.3,8.4,8.1,8.8,8,8.4,MLR Institute of Technology,EXACT,False
Keshav Memorial Institute of Technology,Telangana,Engineering,"1,11,500",--,8.2,8.7,6.7,8.6,8.1,9,8.3,Keshav Memorial Institute of Technology,EXACT,False
Vaagdevi College of Engineering,Telangana,Engineering,"86,000",--,7.8,8,7.4,8,8,7.5,8,Vaagdevi College of Engineering,EXACT,False
CMR Engineering College,Telangana,Engineering,"75,000","57,000",8.8,8.9,8.4,8.7,9.2,9,8.4,CMR Engineering College,EXACT,False
"Matrusri Engineering College, Hyderabad",Telangana,Engineering,"90,000",--,7,7.6,5.7,7.2,7.6,7,6.7,"Matrusri Engineering College, Hyderabad",EXACT,False
Indian Institute of Technology,Madhya Pradesh,Engineering,"2,28,700","50,800",8,8.4,7.6,8.1,7.7,7.8,8.4,IIT,EXACT,False
Maulana Azad National Institute of Technology,Madhya Pradesh,Engineering,"64,939","1,04,275",7.8,7.8,7.5,7.5,7.6,8.1,8.5,Maulana Azad NIT,EXACT,False
Indian Institute of Information Technology Design and,Madhya Pradesh,Engineering,"1,37,580","71,000",7.9,8.2,7.5,8,8.1,7.5,8.3,IIIT Design and,EXACT,False
Atal Bihari Vajpayee Indian Institute of Information,Madhya Pradesh,Engineering,"75,070","1,42,250",7.6,7.5,7,7.1,8.2,7.7,8,Atal Bihari Vajpayee Indian Institute of Information,EXACT,False
"VIT Bhopal University, Bhopal",Madhya Pradesh,Engineering,"1,98,000","1,93,000",7.9,8.6,7.7,8.4,7.1,8.1,7.4,"VIT Bhopal University, Bhopal",EXACT,False
"RKDF University, Bhopal",Madhya Pradesh,Engineering,"55,000","35,000",7.6,8,7,7.8,8,6.5,8.2,"RKDF University, Bhopal",EXACT,False
Awadhesh Pratap Singh University,Madhya Pradesh,Engineering,"40,000",--,7.1,7.9,6.5,8.1,7.2,5.3,7.3,Awadhesh Pratap Singh University,EXACT,False
"University Institute of Technology, Rajiv Gandhi Proudyogiki",Madhya Pradesh,Engineering,"23,920","62,735",6.9,7.2,6.5,6.6,7.6,6.3,6.9,University Institute of Technology,EXACT,False
Institute of Information Technology & Management,Madhya Pradesh,Engineering,"77,000","60,000",8.5,8.7,8,8.4,8.6,8.5,8.5,Institute of Information Technology & Management,EXACT,False
"Institute of Engineering and Technology, Devi Ahilya",Madhya Pradesh,Engineering,"82,961","71,100",7.7,7.9,6.6,7.3,7.4,8.4,8.4,Institute of Engineering and Technology,EXACT,False
Acropolis Institute of Technology & Research,Madhya Pradesh,Engineering,"75,100","25,500",7.8,7.9,7,7.8,7.8,8,8.1,Acropolis Institute of Technology & Research,EXACT,False
"Indian Institute of Information Technology -[IIIT], Bhopal",Madhya Pradesh,Engineering,"1,79,500",--,6,6.4,5.3,6.1,6.5,5,6.8,"IIIT -[IIIT], Bhopal",EXACT,False
Jaypee University of Engineering and Technology,Madhya Pradesh,Engineering,"1,89,500","96,500",7.9,7.8,7.9,7.5,8.9,7.4,7.6,Jaypee University of Engineering and Technology,EXACT,False
Oriental University,Madhya Pradesh,Engineering,"65,000","30,000",7.2,7.5,6.7,7.2,7.7,7.1,7.1,Oriental University,EXACT,False
"Amity University, Gwalior",Madhya Pradesh,Engineering,"1,64,000","64,000",8.6,8.8,8.5,8.4,9.3,8,8.3,"Amity University, Gwalior",EXACT,False
AKS University,Madhya Pradesh,Engineering,"60,000","46,000",7.3,7.8,5.9,8.2,7.6,6.9,7.4,AKS University,EXACT,False
Jagran Lakecity University,Madhya Pradesh,Engineering,"1,15,000","75,000",8,8,7.9,7.8,8.6,7.4,8.1,Jagran Lakecity University,EXACT,False
Jabalpur Engineering College,Madhya Pradesh,Engineering,"22,300","10,000",7.2,7.5,6.4,7.4,6.9,7.4,7.3,Jabalpur Engineering College,EXACT,False
"Swami Vivekanand University, Sagar",Madhya Pradesh,Engineering,"44,000","32,000",6.3,6.9,5,7,6.4,5.6,6.6,"Swami Vivekanand University, Sagar",EXACT,False
"Acropolis Group of Institutions, Indore",Madhya Pradesh,Engineering,"73,600","60,000",8.7,8.5,8.5,8.7,9,8.6,8.6,"Acropolis Group of Institutions, Indore",EXACT,False
LNCT University,Madhya Pradesh,Engineering,"80,000","65,000",9,9,8.8,9.3,8.8,8.9,8.9,LNCT University,EXACT,False
"Avantika University, Ujjain",Madhya Pradesh,Engineering,"2,22,500",--,9.1,9.3,8.5,9.3,8.5,9.5,9.2,"Avantika University, Ujjain",EXACT,False
Ujjain Engineering College,Madhya Pradesh,Engineering,"22,751","25,151",6.7,7.4,5.9,7.4,6.2,6.4,6.9,Ujjain Engineering College,EXACT,False
Shri Govindram Seksaria Institute of Technology and,Madhya Pradesh,Engineering,"75,550","1,18,425",7.4,8,6.7,7.7,7,7.5,7.2,Shri Govindram Seksaria Institute of Technology and,EXACT,False
Lakshmi Narain College of Technology,Madhya Pradesh,Engineering,"48,600","60,000",5.7,5.6,5.8,6.2,5.2,5.4,6.2,Lakshmi Narain College of Technology,EXACT,False
National Institute of Technology,Kerala,Engineering,"53,797","27,405",8.1,8.4,7.9,7.7,8,8.1,8.2,NIT,EXACT,False
Indian Institute of Space Science and Technology,Kerala,Engineering,"1,42,400","87,400",8.1,8.9,7.8,8.5,8.6,7.7,7.2,Indian Institute of Space Science and Technology,EXACT,False
"College of Engineering, Trivandrum",Kerala,Engineering,"2,00,000","15,725",8.4,8.6,7.8,8,8.5,8.4,8.8,"College of Engineering, Trivandrum",EXACT,False
"Cochin University of Science and Technology, School",Kerala,Engineering,"86,040","52,730",8.3,8.5,7.8,8.3,8.2,8.2,8.7,Cochin University of Science and Technology,EXACT,False
Baselios Thomas I Catholicose College of Engineering,Kerala,Engineering,"85,000",--,7.4,7.5,8,8.5,7,6.5,7,Baselios Thomas I Catholicose College of Engineering,EXACT,False
Cochin University of Science and Technology,Kerala,Engineering,"46,600","19,290",7.9,8.4,7.5,7.8,7.8,7.7,8.1,Cochin University of Science and Technology,EXACT,False
Indian Institute of Technology,Kerala,Engineering,"35,850","2,22,350",8.6,9.2,7.7,9,8.6,8.7,8.6,IIT,EXACT,False
APJ Abdul Kalam Technological University,Kerala,Engineering,"29,000",--,7.8,8.1,6.9,8.2,8.1,7.5,8,APJ Abdul Kalam Technological University,EXACT,False
Federal Institute of Science and Technology,Kerala,Engineering,"75,100","87,050",8.1,8.3,7.5,8.3,8.8,8,7.8,Federal Institute of Science and Technology,EXACT,False
"Indian Institute of Information Technology [IIIT], Kottayam",Kerala,Engineering,"1,98,950",--,8.3,8.5,8.1,8.5,8.1,8.6,8.2,"IIIT [IIIT], Kottayam",EXACT,False
Government Engineering College,Kerala,Engineering,"22,150","10,970",8.5,8.5,8,8.4,8.7,8.3,8.9,Government Engineering College,EXACT,False
National Institute of Electronics & Information Technology,Kerala,Engineering,"60,000","1,38,500",8.4,8.7,6.7,8.9,8.7,8.8,8.6,National Institute of Electronics & Information Technology,EXACT,False
TKM College of Engineering,Kerala,Engineering,"8,410","16,290",8.4,8.8,8.2,8.4,8.4,7.8,8.5,TKM College of Engineering,EXACT,False
Amal Jyothi College of Engineering,Kerala,Engineering,"1,00,000","96,000",7.6,7.9,7,7.9,9,6.9,7,Amal Jyothi College of Engineering,EXACT,False
Hindustan College of Engineering,Kerala,Engineering,"50,000",--,8,8.3,7.6,8.1,8,8,7.9,Hindustan College of Engineering,EXACT,False
Marian Engineering College,Kerala,Engineering,"96,050","61,300",7.8,8.3,7.1,8.3,8.6,7.9,6.8,Marian Engineering College,EXACT,False
"Saintgits College of Engineering, Kottayam",Kerala,Engineering,"75,000","1,71,900",8.3,8.4,7.9,8.6,8.8,7.8,8.1,Saintgits College of Engineering,EXACT,False
Rajiv Gandhi Institute of Technology,Kerala,Engineering,"22,000","22,000",7.9,8.3,7.3,8.1,8,7.4,8.4,Rajiv Gandhi Institute of Technology,EXACT,False
Mangalam College of Engineering Ettumanoor,Kerala,Engineering,"75,000","3,00,000",6.9,7,6.4,7.4,7.6,6.4,6.6,Mangalam College of Engineering Ettumanoor,EXACT,False
NSS College of Engineering,Kerala,Engineering,"8,739","11,065",8.3,8.4,8,8.5,8,8.2,8.4,NSS College of Engineering,EXACT,False
Sree Chitra Thirunal College of Engineering,Kerala,Engineering,"62,668","75,041",8,8.6,6,8.3,7.5,8.3,9,Sree Chitra Thirunal College of Engineering,EXACT,False
"Thejus Engineering College, Thrissur",Kerala,Engineering,"88,400","1,60,000",8,8.3,7.8,8.7,7.8,7.1,8.2,"Thejus Engineering College, Thrissur",EXACT,False
Mar Athanasius College of Engineering,Kerala,Engineering,"8,225","21,950",8.4,8.5,8.2,8.2,8.8,8.1,8.5,Mar Athanasius College of Engineering,EXACT,False
St. Thomas College of Engineering and Technology-,Kerala,Engineering,"58,150",--,8.3,8.4,7.9,8.6,8.5,7.8,8.3,St. Thomas College of Engineering and Technology-,EXACT,False
"College of Engineering Thalassery, Kannur",Kerala,Engineering,"38,250",--,7.2,7.8,6.3,7.8,7.5,6.6,7.3,College of Engineering Thalassery,EXACT,False
"KMCT College of Engineering, Kozhikode",Kerala,Engineering,"75,000",--,7.3,7.5,7.7,7.2,7.8,5.7,7.6,"KMCT College of Engineering, Kozhikode",EXACT,False
"MEA Engineering College- [MEAEC], Malappuram",Kerala,Engineering,"75,000","60,000",8.2,8.1,8.6,8.3,8.7,6.6,8.7,MEA Engineering College- [MEAEC],EXACT,False
Rajagiri School of Engineering & Technology,Kerala,Engineering,"87,000","77,000",8.2,8.4,8,8.2,9,8.6,6.9,Rajagiri School of Engineering & Technology,EXACT,False
Sahrdaya College of Engineering,Kerala,Engineering,"35,000","77,000",7.1,7.5,6.8,7.3,8.1,6.6,6.5,Sahrdaya College of Engineering,EXACT,False
"Trinity College of Engineering, Trivendrum",Kerala,Engineering,"75,000",--,6.8,7.6,6.4,7.3,6.7,6.1,6.5,Trinity College of Engineering,EXACT,False
Birla Institute of Technology and Science,Rajasthan,Engineering,"4,45,475","4,45,475",8.9,8.8,8.2,8.8,9,9,9.3,Birla Institute of Technology and Science,EXACT,False
Indian Institute of Technology,Rajasthan,Engineering,"70,433","71,500",8.2,8,7.9,8.2,8.2,8,8.7,IIT,EXACT,False
Malaviya National Institute of Technology,Rajasthan,Engineering,"94,333","1,22,665",8.2,8.2,7.4,8,8.7,8.2,8.5,Malaviya NIT,EXACT,False
"Singhania University, Jhunjhunu",Rajasthan,Engineering,"42,000","42,000",7.1,7.1,6.7,7.1,7.1,7,7.3,"Singhania University, Jhunjhunu",EXACT,False
Jaipur National University,Rajasthan,Engineering,"1,14,000","37,600",7.5,7.9,7,7.7,7.8,6.7,7.6,Jaipur National University,EXACT,False
Manipal University,Rajasthan,Engineering,"3,19,000","36,000",8.4,8.2,8.3,8.2,9.2,7.7,9,Manipal University,EXACT,False
JECRC University,Rajasthan,Engineering,"1,85,000","30,000",8.1,8.1,7.4,8.2,8.2,8.1,8.7,JECRC University,EXACT,False
SunRise University,Rajasthan,Engineering,"72,200","32,200",8.1,8.1,7.3,8.7,8.1,7.9,8.4,SunRise University,EXACT,False
"OPJS University, Churu",Rajasthan,Engineering,"71,200","76,200",7.2,7.1,7.6,7.6,7.7,6.3,6.8,"OPJS University, Churu",EXACT,False
"Banasthali Vidyapith, Jaipur",Rajasthan,Engineering,"2,03,500","1,61,500",8.5,8.8,8.2,8.9,8.6,7.9,8.8,"Banasthali Vidyapith, Jaipur",EXACT,False
"Amity University, Jaipur",Rajasthan,Engineering,"1,80,000","1,48,000",8,7.8,7.6,7.8,8.9,7.4,8.7,"Amity University, Jaipur",EXACT,False
Suresh Gyan Vihar University,Rajasthan,Engineering,"1,40,000","42,000",7.5,7.8,6.7,7.5,8.8,6.3,8,Suresh Gyan Vihar University,EXACT,False
IIS (Deemed to be University),Rajasthan,Engineering,"99,300","25,500",8.3,8.6,8.5,8.6,8,7.9,8.4,IIS (Deemed to be University),EXACT,False
Madhav University,Rajasthan,Engineering,"70,000","13,000",7.8,7.9,7.5,8.2,7.9,7.3,7.8,Madhav University,EXACT,False
"Jagannath University, Jaipur",Rajasthan,Engineering,"1,14,000","1,80,000",7.3,7.1,6.7,7.9,7.7,6.9,7.4,"Jagannath University, Jaipur",EXACT,False
Indian Institute of Information Technology,Rajasthan,Engineering,"2,30,925",--,7.6,7.9,7.1,6.6,7.8,8,7.9,IIIT,EXACT,False
"Tantia University, Sriganganagar",Rajasthan,Engineering,"30,000",--,8.6,8.8,8.4,9.3,8.8,7.1,9.1,"Tantia University, Sriganganagar",EXACT,False
"Pacific University, Udaipur",Rajasthan,Engineering,"80,000","80,000",7.7,7.8,7.3,8.1,7.8,7.2,8,"Pacific University, Udaipur",EXACT,False
"Swami Keshvanand Institute of Technology, Management and",Rajasthan,Engineering,"98,900","84,500",7.8,8.3,6.8,8.1,8.1,8,7.5,Swami Keshvanand Institute of Technology,EXACT,False
Maharana Pratap University of Agriculture and Technology,Rajasthan,Engineering,"87,800","86,000",8,8.2,8,8,8.1,7.9,7.8,Maharana Pratap University of Agriculture and Technology,EXACT,False
"Poornima College of Engineering, Jaipur",Rajasthan,Engineering,"1,70,000","1,78,000",7.5,7.9,7.4,7.6,7.2,7.6,7.4,"Poornima College of Engineering, Jaipur",EXACT,False
"Shridhar University, Pilani",Rajasthan,Engineering,"99,300","61,300",6.7,6.2,6.6,6.5,6.5,7.3,6.8,"Shridhar University, Pilani",EXACT,False
"Jaipur Engineering College and Research Centre, Jaipur",Rajasthan,Engineering,"92,000",--,7.7,7.9,6.6,7.5,7.3,8.1,8.5,Jaipur Engineering College and Research Centre,EXACT,False
Birla Institute of Technology,Rajasthan,Engineering,"11,57,000",--,7.2,8.1,5.4,8.1,6.9,7.8,7.1,Birla Institute of Technology,EXACT,False
Institute of Advanced Studies in Education,Rajasthan,Engineering,"79,400","64,000",8.2,8.9,8,8.3,8.4,7.5,7.9,Institute of Advanced Studies in Education,EXACT,False
National Institute of Technology,Haryana,Engineering,"56,716","1,02,800",8.2,8,7.4,8.1,8.2,8.6,8.6,NIT,EXACT,False
Panjab University,Haryana,Engineering,"96,300","27,500",7.7,8.2,7.7,8,7.7,6.5,8.2,Panjab University,EXACT,False
Punjab Engineering College University of Technology,Haryana,Engineering,"96,750","93,500",8,7.9,7.3,7.6,7.7,8.4,9,Punjab Engineering College University of Technology,EXACT,False
National Institute of Food Technology Entrepreneurship and,Haryana,Engineering,"1,71,550","1,52,950",8.1,8.5,7.1,6.9,9.4,8.5,7.9,National Institute of Food Technology Entrepreneurship and,EXACT,False
"University Institute of Engineering, Chandigarh University",Haryana,Engineering,"1,60,000","80,000",8.4,8.6,7.9,8.1,8.7,8.7,8.3,University Institute of Engineering,EXACT,False
"School of Engineering and Technology, NCU",Haryana,Engineering,"2,60,000","82,000",9,9,--,--,9,--,--,School of Engineering and Technology,EXACT,False
"J.C. Bose University Of Science And Technology,",Haryana,Engineering,"83,625","83,625",7.3,7.7,6.5,7.4,6.6,7.7,7.6,J.C. Bose University Of Science And Technology,EXACT,False
Manav Rachna International Institute Of Research And,Haryana,Engineering,"1,81,500","1,16,000",7.2,7.1,6.7,6.5,8.4,6.5,7.8,Manav Rachna International Institute Of Research And,EXACT,False
Manav Rachna International Institute of Research and,Haryana,Engineering,"1,81,500","1,65,000",7.5,7.4,7.3,7.5,8.3,6.6,7.6,Manav Rachna International Institute of Research and,EXACT,False
"Gurugram University, Gurgaon",Haryana,Engineering,"40,000",--,8.2,8.6,7.4,8.4,8.6,8,8.1,"Gurugram University, Gurgaon",EXACT,False
"PDM University, Bahadurgarh, Bahadurgarh",Haryana,Engineering,"1,00,200","41,200",7.4,7.1,7.6,7.4,7.5,7.1,7.7,"PDM University, Bahadurgarh, Bahadurgarh",EXACT,False
"Amity University, Gurgaon",Haryana,Engineering,"2,30,000","1,56,000",7.7,7.8,7.1,7.6,8.6,7.1,8.1,"Amity University, Gurgaon",EXACT,False
National Institute of Technical Teachers Training and,Haryana,Engineering,"44,696","24,500",7.7,7.7,6.7,8.6,7.7,7.7,8,National Institute of Technical Teachers Training and,EXACT,False
"IILM University, Gurgaon",Haryana,Engineering,"3,30,000","4,30,000",8.4,8.2,7.4,8.5,8.6,8.6,8.8,"IILM University, Gurgaon",EXACT,False
"University Institute of Engineering and Technology -[UIET],",Haryana,Engineering,"82,197","16,160",7.4,7.5,7.5,7.4,7,7,8.2,University Institute of Engineering and Technology -[UIET],EXACT,False
"Starex University, Gurgaon",Haryana,Engineering,"80,000","40,000",8.8,9.1,9.1,8.7,8.6,8.5,8.7,"Starex University, Gurgaon",EXACT,False
Indian Institute of Information Technology,Haryana,Engineering,"1,57,800",--,8.8,9.2,8.9,8.6,8.8,9.1,8.2,IIIT,EXACT,False
"SRM University Delhi NCR, Sonepat",Haryana,Engineering,"2,72,000","1,67,250",7.8,8,7.5,7.9,8.1,7.6,7.9,"SRM University Delhi NCR, Sonepat",EXACT,False
"Lingaya's Vidyapeeth, Faridabad",Haryana,Engineering,"1,34,500","84,500",7.8,8,7.5,8.1,7.7,7.3,8.1,"Lingaya's Vidyapeeth, Faridabad",EXACT,False
Modern Vidya Niketan,Haryana,Engineering,"1,35,000","95,000",7,7.2,6.4,7.7,7,6.8,6.8,Modern Vidya Niketan,EXACT,False
Delhi Technical Campus,Haryana,Engineering,"69,500",--,8.2,8.2,8.1,8.4,8,8.2,8.5,Delhi Technical Campus,EXACT,False
Chandigarh College of Engineering and Technology,Haryana,Engineering,"64,240",--,6.9,7.2,6.4,7.1,6.9,6.5,7.3,Chandigarh College of Engineering and Technology,EXACT,False
Manav Rachna University,Haryana,Engineering,"2,44,000","1,16,000",7.8,7.6,7.5,7.7,8.8,7.3,7.9,Manav Rachna University,EXACT,False
Seth Jai Parkash Mukand Lal Institute of,Haryana,Engineering,"89,090",--,7.3,7.5,7.2,7.2,7.4,6.8,7.4,Seth Jai Parkash Mukand Lal Institute of,EXACT,False
"Sushant University / Ansal University, Gurgaon",Haryana,Engineering,"2,41,120","1,37,120",7.8,8,8,7.9,8.4,7,7.5,Sushant University / Ansal University,EXACT,False
"University Institute of Engineering and Technology, Maharshi",Haryana,Engineering,"74,288","84,288",7.2,7.1,7.5,6.6,8.6,5.7,7.7,University Institute of Engineering and Technology,EXACT,False
St. Andrews Institute of Technology and Management,Haryana,Engineering,"92,000",--,8.7,8.8,8.6,8.7,9,8.6,8.6,St. Andrews Institute of Technology and Management,EXACT,False
Indian Institute of Technology,Gujarat,Engineering,"2,58,500","2,00,000",8.4,8.3,8.4,8.8,9.1,7.2,8.8,IIT,EXACT,False
Sardar Vallabhbhai National Institute of Technology,Gujarat,Engineering,"1,50,000","95,000",8,7.9,7.8,7.6,8.2,7.9,8.4,Sardar Vallabhbhai NIT,EXACT,False
Dhirubhai Ambani Institute of Information and Communication,Gujarat,Engineering,"1,54,000","1,97,000",8.7,8.8,8,8.4,8.7,9.2,8.8,Dhirubhai Ambani Institute of Information and Communication,EXACT,False
"Institute of Technology, Nirma University, Ahmedabad",Gujarat,Engineering,"1,97,200","2,64,000",8.3,8.3,7.9,8.3,8.9,8,8.3,Institute of Technology,EXACT,False
"Faculty of Technology and Engineering, Maharaja Sayajirao",Gujarat,Engineering,"7,640","8,340",8.1,8.4,6.6,8.5,8,8.3,8.8,Faculty of Technology and Engineering,EXACT,False
Nirma University,Gujarat,Engineering,"1,97,200","2,65,000",8.4,8.6,8,8.4,9.1,8.1,8.2,Nirma University,EXACT,False
Pandit Deendayal Petroleum University [PDPU] / (Energy,Gujarat,Engineering,"2,53,000","1,54,000",8.6,8.3,8.3,8.1,9.4,8.1,9.4,Pandit Deendayal Petroleum University [PDPU] / (Energy,EXACT,False
"Pandit Deendayal Petroleum University, School of Technology",Gujarat,Engineering,"2,53,000","1,54,000",8.6,8.4,8.3,8.1,9.4,7.9,9.3,Pandit Deendayal Petroleum University,EXACT,False
Central Institute of plastics engineering & Technology-,Gujarat,Engineering,"65,000","77,000",7.5,7.6,6.8,7.5,7.9,7.5,7.5,Central Institute of plastics engineering & Technology-,EXACT,False
Sardar Patel University,Gujarat,Engineering,--,--,7.8,8.6,7,8.5,7.7,7.3,7.8,Sardar Patel University,EXACT,False
"CEPT University, Ahmedabad",Gujarat,Engineering,"1,98,000","3,20,000",8.2,8.6,7.7,8.4,8.3,8.1,8,"CEPT University, Ahmedabad",EXACT,False
Ganpat University,Gujarat,Engineering,"1,08,000","43,000",8.1,8.2,7.2,8.1,8.5,7.8,8.6,Ganpat University,EXACT,False
"Indus University, Ahmedabad",Gujarat,Engineering,"96,000","1,26,000",7.5,7.9,7,7.7,7.8,6.8,7.9,"Indus University, Ahmedabad",EXACT,False
Navrachana University,Gujarat,Engineering,"1,14,000","1,12,000",7.7,7.7,7.4,8.2,8,7.2,7.8,Navrachana University,EXACT,False
Indian Institute of Information Technology Vadodara,Gujarat,Engineering,"1,79,720","1,06,720",7.8,8.2,7.5,7.8,6.3,8.5,8.2,IIIT Vadodara,EXACT,False
"Uka Tarsadia University, Bardoli",Gujarat,Engineering,"94,000","44,000",8.1,7.8,7.9,8.2,9.4,6.9,8.3,"Uka Tarsadia University, Bardoli",EXACT,False
"GSFC University, Vadodara",Gujarat,Engineering,"1,21,250",--,8.1,8.8,6.4,8.7,8.5,7.9,8.4,"GSFC University, Vadodara",EXACT,False
"Auro University, Surat",Gujarat,Engineering,"1,21,000",--,8.3,8.2,8.5,8.6,8.7,7.2,8.6,"Auro University, Surat",EXACT,False
L.D. College of Engineering,Gujarat,Engineering,"2,860","5,730",8.1,8.4,7.3,8.2,7.9,8.5,8.5,L.D. College of Engineering,EXACT,False
RK University,Gujarat,Engineering,"76,500","50,000",8.5,9,7.9,8.6,9,7.8,8.5,RK University,EXACT,False
Institute of Infrastructure Technology Research and Management,Gujarat,Engineering,"29,100","89,500",7.6,8.3,7.3,8.4,7.9,6.9,6.5,Institute of Infrastructure Technology Research and Management,EXACT,False
Indian Institute of Information Technology,Gujarat,Engineering,"1,47,000",--,7.9,8.4,8.5,7.8,7.5,6.5,8.4,IIIT,EXACT,False
"C. U. Shah University, Wadhwan",Gujarat,Engineering,"77,800","1,03,800",7.7,7.6,7,8.2,7.8,7.4,7.9,"C. U. Shah University, Wadhwan",EXACT,False
"P.P. Savani University, Surat",Gujarat,Engineering,"1,11,500","98,500",9.3,9.4,8.9,9.5,9.6,8.7,9.4,"P.P. Savani University, Surat",EXACT,False
Vishwakarma Government Engineering College,Gujarat,Engineering,"1,500","7,500",7.9,8.2,7.2,8.1,8.6,7.1,8.1,Vishwakarma Government Engineering College,EXACT,False
Dharmsinh Desai University,Gujarat,Engineering,"1,52,000","1,40,000",7.7,8.5,7,8.3,7.1,8.1,6.9,Dharmsinh Desai University,EXACT,False
Thapar Institute of Engineering and Technology,Punjab,Engineering,"3,24,800","2,00,600",8.3,8,8.1,7.7,8.9,8.2,8.8,Thapar Institute of Engineering and Technology,EXACT,False
Indian Institute of Technology,Punjab,Engineering,"2,19,800","39,970",8.5,8.5,8.1,8.2,9.1,8.4,8.9,IIT,EXACT,False
Panjab University,Punjab,Engineering,"96,300","27,500",7.7,8.2,7.7,8,7.7,6.5,8.2,Panjab University,EXACT,False
Punjab Engineering College University of Technology,Punjab,Engineering,"96,750","93,500",8,7.9,7.3,7.6,7.7,8.4,9,Punjab Engineering College University of Technology,EXACT,False
I.K. Gujral Punjab Technical University,Punjab,Engineering,"88,750","83,150",8.1,8,7.4,8.7,8.3,7.7,8.7,I.K. Gujral Punjab Technical University,EXACT,False
Dr BR Ambedkar National Institute of Technology,Punjab,Engineering,"6,76,000","2,28,000",7.9,8,7.7,7.6,8,8,8.3,Dr BR Ambedkar NIT,EXACT,False
"University Institute of Engineering, Chandigarh University",Punjab,Engineering,"1,60,000","80,000",8.4,8.6,7.9,8.1,8.7,8.7,8.3,University Institute of Engineering,EXACT,False
Sant Longowal Institute of Engineering and Technology,Punjab,Engineering,"81,000","58,000",7.6,7.7,7.1,7.5,8.4,6.5,8.1,Sant Longowal Institute of Engineering and Technology,EXACT,False
Chitkara University,Punjab,Engineering,"6,66,000",--,8.5,8.4,7.7,8.5,8.9,8.7,8.7,Chitkara University,EXACT,False
Chandigarh Group of Colleges,Punjab,Engineering,"94,000","95,000",8.1,8,7.4,8,8.3,8.6,8.4,Chandigarh Group of Colleges,EXACT,False
"RIMT University, Gobindgarh",Punjab,Engineering,"1,35,000","76,500",7.6,7.9,7.3,7.8,8,6.7,7.8,"RIMT University, Gobindgarh",EXACT,False
National Institute of Technical Teachers Training and,Punjab,Engineering,"44,696","24,500",7.7,7.7,6.7,8.6,7.7,7.7,8,National Institute of Technical Teachers Training and,EXACT,False
"Guru Kashi University, Bathinda",Punjab,Engineering,"92,680","92,100",7.5,7.4,7.2,8,7.2,7.2,7.8,"Guru Kashi University, Bathinda",EXACT,False
"University Institute of Engineering and Technology -[UIET],",Punjab,Engineering,"82,197","16,160",7.4,7.5,7.5,7.4,7,7,8.2,University Institute of Engineering and Technology -[UIET],EXACT,False
"Rayat Bahra University, Mohali",Punjab,Engineering,"1,00,000","40,000",7.7,7.8,7.4,8,7.7,7.4,7.6,"Rayat Bahra University, Mohali",EXACT,False
"DAV University, Jalandhar",Punjab,Engineering,"1,36,000","87,500",7.9,8.4,7,8.4,7,8,8.5,"DAV University, Jalandhar",EXACT,False
"Plaksha, Mohali",Punjab,Engineering,"6,90,000","12,70,000",--,--,--,--,--,--,--,"Plaksha, Mohali",EXACT,False
Chandigarh Engineering College,Punjab,Engineering,"94,000","95,000",7.9,7.8,7.3,7.7,8.2,8.5,8,Chandigarh Engineering College,EXACT,False
Sant Baba Bhag Singh University,Punjab,Engineering,"82,500","1,03,300",8.5,9,8.2,8.6,8,8.5,8.6,Sant Baba Bhag Singh University,EXACT,False
Chandigarh College of Engineering and Technology,Punjab,Engineering,"64,240",--,6.9,7.2,6.4,7.1,6.9,6.5,7.3,Chandigarh College of Engineering and Technology,EXACT,False
"Global Institute, Amritsar",Punjab,Engineering,"3,18,000","1,25,000",8.3,8,8.2,8.7,8.8,7.9,8.3,"Global Institute, Amritsar",EXACT,False
"Maharaja Ranjit Singh Punjab Technical University, Bathinda",Punjab,Engineering,"1,70,600","85,600",8.2,8.6,7.8,8.4,8.2,8.1,8.2,Maharaja Ranjit Singh Punjab Technical University,EXACT,False
Amritsar College of Engineering and Technology,Punjab,Engineering,"4,03,024","1,43,623",7.4,7.3,6.7,7.6,7.7,7.3,7.7,Amritsar College of Engineering and Technology,EXACT,False
Guru Nanak Dev Engineering College,Punjab,Engineering,"98,689","90,574",7.7,7.9,7.2,7.8,7.9,7.4,7.9,Guru Nanak Dev Engineering College,EXACT,False
Sri Guru Granth Sahib World University,Punjab,Engineering,"1,04,000","68,000",8.8,8.6,9,9,9.1,8.4,8.7,Sri Guru Granth Sahib World University,EXACT,False
Baba Banda Singh Bahadur Engineering College,Punjab,Engineering,"90,000","90,000",8.1,8.3,7.6,8.6,8.8,7,8,Baba Banda Singh Bahadur Engineering College,EXACT,False
Indian Institute of Technology,West Bengal,Engineering,"82,070","2,31,500",8.5,8.8,7.2,8.2,8.9,8.8,9,IIT,EXACT,False
Jadavpur University,West Bengal,Engineering,"2,400","24,000",8.4,9,7.6,8.5,8.1,8.4,9,Jadavpur University,EXACT,False
Indian Institute of Engineering Science and Technology,West Bengal,Engineering,"70,000","81,500",8,8.3,7.7,7.9,7.9,7.5,8.4,Indian Institute of Engineering Science and Technology,EXACT,False
National Institute of Technology,West Bengal,Engineering,"1,49,100","94,100",7.7,8,6.8,7.8,7.5,7.8,8.4,NIT,EXACT,False
Institute of Engineering and Management,West Bengal,Engineering,"1,68,400",--,7.5,8.2,6.5,8,6.7,8.4,7.2,Institute of Engineering and Management,EXACT,False
Heritage Institute of Technology,West Bengal,Engineering,"1,16,200","1,31,100",7.8,7.9,7,7.8,8.4,7.6,8.2,Heritage Institute of Technology,EXACT,False
Maulana Abul Kalam Azad University of Technology,West Bengal,Engineering,"49,000","81,200",7.7,8.1,6.9,8,7.8,7.7,7.6,Maulana Abul Kalam Azad University of Technology,EXACT,False
Narula Institute of Technology,West Bengal,Engineering,"1,29,800","1,22,600",8,8.5,7.2,8.2,8.3,7.8,8,Narula Institute of Technology,EXACT,False
Haldia Institute of Technology,West Bengal,Engineering,"1,16,350","1,04,600",7.8,7.9,7.2,7.5,8.5,7.2,8.3,Haldia Institute of Technology,EXACT,False
"Amity University, Kolkata",West Bengal,Engineering,"2,07,000","1,58,000",8.2,8.1,7.7,8.4,8.8,7.4,8.5,"Amity University, Kolkata",EXACT,False
"Techno India University, Kolkata",West Bengal,Engineering,"89,200","2,01,000",8,8.2,7.4,8.2,8.1,7.8,8.4,"Techno India University, Kolkata",EXACT,False
"Adamas University, Kolkata",West Bengal,Engineering,"1,72,800","1,34,850",8.2,8.3,7.5,8.5,9,7.8,7.8,"Adamas University, Kolkata",EXACT,False
Sister Nivedita University,West Bengal,Engineering,"1,49,500","1,49,500",8.2,8.2,7.6,8.9,7.9,7.8,8.7,Sister Nivedita University,EXACT,False
Asansol Engineering College,West Bengal,Engineering,"1,34,068","1,08,100",7.8,8.1,7.2,7.8,8.4,7.6,7.7,Asansol Engineering College,EXACT,False
University of Engineering and Management,West Bengal,Engineering,"1,61,200","1,50,000",8.1,8.6,7.2,8.5,7.9,8.8,7.7,University of Engineering and Management,EXACT,False
JIS College of Engineering,West Bengal,Engineering,"1,29,800","1,22,600",7.9,8.1,7.2,8.4,8.1,7.8,8,JIS College of Engineering,EXACT,False
Kalyani Government Engineering College,West Bengal,Engineering,"16,155","17,855",7.9,8.1,7.6,8,7.8,7.4,8.4,Kalyani Government Engineering College,EXACT,False
Indian Institute of Information Technology,West Bengal,Engineering,"17,120","2,02,020",6.8,7.6,6.4,7.2,6.1,7,6.5,IIIT,EXACT,False
The Neotia University,West Bengal,Engineering,"1,44,000","98,000",8.2,8.7,7.5,8.5,8.2,7.8,8.6,The Neotia University,EXACT,False
Bengal Institute of Technology,West Bengal,Engineering,--,--,7.4,7.9,6,7.5,7.1,7.7,8.2,Bengal Institute of Technology,EXACT,False
Siliguri Institute of Technology,West Bengal,Engineering,"3,93,000","54,000",7.8,7.9,7.1,8,8.3,7.2,8.2,Siliguri Institute of Technology,EXACT,False
"University Institute of Technology, University Of Burdwan",West Bengal,Engineering,"71,200","26,000",6.5,7,5.9,7.2,6.6,5.4,6.6,University Institute of Technology,EXACT,False
Jalpaiguri Government Engineering College,West Bengal,Engineering,"14,877","51,916",7.8,7.8,7.9,7.8,7.4,7.3,8.8,Jalpaiguri Government Engineering College,EXACT,False
"Techno India Salt Lake, Kolkata",West Bengal,Engineering,"4,83,800","2,73,000",7.5,7.9,6,7.8,7.5,7.6,8.3,"Techno India Salt Lake, Kolkata",EXACT,False
Bengal College of Engineering and Technology,West Bengal,Engineering,"1,03,600","1,12,500",7.1,7.2,6.6,7.2,8,6.1,7.5,Bengal College of Engineering and Technology,EXACT,False
Dr. B.C. Roy Engineering College,West Bengal,Engineering,"1,08,980","1,19,000",7.7,7.9,7.3,7.7,8.1,7.2,7.8,Dr. B.C. Roy Engineering College,EXACT,False
Bengal College of Engineering,West Bengal,Engineering,"98,500",--,5.7,6.3,5.9,6,5.4,5.1,5.3,Bengal College of Engineering,EXACT,False
Seacom Skills University,West Bengal,Engineering,"82,000","80,000",7.5,8.4,6.4,8.9,7.4,6.7,7.3,Seacom Skills University,EXACT,False
National Institute of Technology,Odisha,Engineering,"2,25,500","1,60,500",8.4,8.3,7.9,7.8,9.1,8.2,8.9,NIT,EXACT,False
Indian Institute of Technology,Odisha,Engineering,"2,28,676","2,33,884",7.8,8.1,8,8,7.8,7.8,7.2,IIT,EXACT,False
Institute of Technical Education and Research,Odisha,Engineering,"2,50,000","1,50,000",8.2,8.4,7.4,8.2,8.6,8.3,8,Institute of Technical Education and Research,EXACT,False
"C. V. Raman Global University, Bhubaneswar",Odisha,Engineering,"1,19,000","97,000",7.6,7.9,7,7.5,8.2,7.5,7.6,C. V. Raman Global University,EXACT,False
Veer Surendra Sai University of Technology,Odisha,Engineering,"91,280","91,140",7.9,8.2,7.7,7.9,7.4,7.7,8.4,Veer Surendra Sai University of Technology,EXACT,False
Biju Patnaik University of Technology,Odisha,Engineering,--,--,6.2,6.1,6.7,6.4,6.8,4.8,6.1,Biju Patnaik University of Technology,EXACT,False
Centurion University of Technology and Management,Odisha,Engineering,"1,00,000","40,000",8.1,8.3,7.6,8.5,8.4,7.4,8.5,Centurion University of Technology and Management,EXACT,False
International Institute of Information Technology,Odisha,Engineering,"2,01,100","1,76,150",7.7,8,6.9,7.6,7.8,7.7,8.2,International Institute of Information Technology,EXACT,False
"Indira Gandhi Institute of Technology- [IGIT], Dhenkanal",Odisha,Engineering,"34,500","34,500",7.8,8,8.3,7.9,7.7,6.7,8.4,Indira Gandhi Institute of Technology- [IGIT],EXACT,False
Silicon Institute of Technology,Odisha,Engineering,"6,00,000","2,70,000",7.7,8.5,7,8.1,7.3,7.7,7.5,Silicon Institute of Technology,EXACT,False
Silicon Institute of Technology,Odisha,Engineering,"3,80,000",--,7.7,8.3,7.4,7.9,8.8,6.6,7.4,Silicon Institute of Technology,EXACT,False
Xavier University,Odisha,Engineering,"3,08,000","2,17,000",8.2,8.7,7.8,8.4,9.2,6.8,8.4,Xavier University,EXACT,False
Bhubaneswar Engineering College,Odisha,Engineering,"2,52,000",--,7.5,7.2,7.5,7.7,7.7,7.3,7.8,Bhubaneswar Engineering College,EXACT,False
College of Engineering,Odisha,Engineering,"2,92,000","1,60,000",6.7,7.5,5.9,7,6.9,6,6.7,College of Engineering,EXACT,False
National Institute of Science and Technology,Odisha,Engineering,"1,21,500","80,000",7.9,8.2,7.1,8.1,8.1,7.8,7.9,National Institute of Science and Technology,EXACT,False
College of Engineering and Technology,Odisha,Engineering,"2,35,000","1,22,000",7.7,8,7.6,7.6,7.1,7.9,8.1,College of Engineering and Technology,EXACT,False
Gandhi Institute for Technology,Odisha,Engineering,"81,000","41,500",7.4,7.9,6.4,7.7,7.8,6.6,7.7,Gandhi Institute for Technology,EXACT,False
Orissa Engineering College,Odisha,Engineering,"86,500",--,7.5,7.6,7,7.4,7.7,7.3,7.8,Orissa Engineering College,EXACT,False
Parala Maharaja Engineering College,Odisha,Engineering,"33,400","33,400",7.3,7.7,7.5,7.6,7.6,5.7,7.7,Parala Maharaja Engineering College,EXACT,False
"CSIR-Institute of Minerals and Materials Technology -[CSIR-IMMT],",Odisha,Engineering,--,--,7,6.3,5.3,7.8,7.3,7.3,7.7,CSIR-Institute of Minerals and Materials Technology -[CSIR-IMMT],EXACT,False
GITA Autonomous College,Odisha,Engineering,"1,08,000","91,300",8.7,9,8.3,8.9,8.8,8.3,8.6,GITA Autonomous College,EXACT,False
"Seemanta Engineering College, Mayurbhanj",Odisha,Engineering,"2,20,000","1,20,000",8,8.2,8,8.6,8.6,7,7.7,"Seemanta Engineering College, Mayurbhanj",EXACT,False
"Trident Academy of Technology, Bhubaneswar",Odisha,Engineering,"1,08,300","72,000",8,8.3,7.5,8.3,8.1,7.9,7.9,Trident Academy of Technology,EXACT,False
"Government College of Engineering, Kendujhar",Odisha,Engineering,"1,40,000",--,7,7.8,7.6,7.4,6.9,5.1,7.3,Government College of Engineering,EXACT,False
CIPET: Centre for Skilling and Technical Support,Odisha,Engineering,"32,680","76,210",6.7,7,6.1,6.4,7.7,6.9,6.1,CIPET: Centre for Skilling and Technical Support,EXACT,False
"Vignan Institute of Technology And Management, Berhampur",Odisha,Engineering,"58,000",--,7.7,8.7,7.9,8.4,7.6,5.9,7.6,Vignan Institute of Technology And Management,EXACT,False
Krupajal Engineering College,Odisha,Engineering,"72,000","79,000",6.3,6.6,6.3,6.5,6.9,4.9,6.5,Krupajal Engineering College,EXACT,False
Indian Institute of Technology,Uttarakhand,Engineering,"2,21,700","23,250",8.4,8.5,7.6,7.9,9,8.6,8.9,IIT,EXACT,False
"Graphic Era University, School of Engineering and",Uttarakhand,Engineering,"2,36,400","1,21,000",8.2,8.3,7.7,8,8.6,8.8,8,Graphic Era University,EXACT,False
"College of Technology, GB Pant University of",Uttarakhand,Engineering,"65,344","46,244",7,7.1,6.7,6.9,7.3,6,7.7,College of Technology,EXACT,False
University of Petroleum and Energy Studies,Uttarakhand,Engineering,"16,04,500","5,57,250",8.1,8.1,7.8,7.9,8.6,7.7,8.2,University of Petroleum and Energy Studies,EXACT,False
"Doon University, Dehradun",Uttarakhand,Engineering,"34,750",--,7.2,7.3,7,7.3,7.9,6.3,7.6,"Doon University, Dehradun",EXACT,False
DIT University,Uttarakhand,Engineering,"2,00,000","1,20,000",7.8,7.9,7.6,7.6,8.4,7.4,8,DIT University,EXACT,False
Graphic Era University,Uttarakhand,Engineering,"3,23,400","92,900",8.3,8.2,7.9,8.4,8.6,8.1,8.4,Graphic Era University,EXACT,False
Graphic Era Hill University,Uttarakhand,Engineering,"2,75,600","79,600",8.1,7.9,7.8,8.1,8.4,7.7,8.4,Graphic Era Hill University,EXACT,False
"ICFAI University, Dehradun",Uttarakhand,Engineering,"1,56,000","1,40,000",7.8,8.2,7.5,8.2,7.4,7.3,7.9,"ICFAI University, Dehradun",EXACT,False
"MotherHood University, Roorkee",Uttarakhand,Engineering,"71,650",--,8,8.3,7.9,7.6,8,8,8.3,"MotherHood University, Roorkee",EXACT,False
Himgiri Zee University,Uttarakhand,Engineering,"90,000","80,000",7.9,8.5,5.5,9,8,7.7,8.8,Himgiri Zee University,EXACT,False
Swami Rama Himalayan University,Uttarakhand,Engineering,"2,12,250","84,000",7,7.1,6.6,6.9,7.4,7.1,6.7,Swami Rama Himalayan University,EXACT,False
"Tula's Institute, Dehradun",Uttarakhand,Engineering,"1,12,500","91,500",7.8,8,7.2,7.7,8.5,7.4,8.2,"Tula's Institute, Dehradun",EXACT,False
THDC Institute of Hydro Power Engineering and,Uttarakhand,Engineering,"73,500",--,6.9,6.8,6.4,7.4,7.8,5.6,7.2,THDC Institute of Hydro Power Engineering and,EXACT,False
College of Engineering,Uttarakhand,Engineering,"1,36,150","1,19,150",8.3,8.4,8.1,8.1,8.7,7.5,8.8,College of Engineering,EXACT,False
Shivalik College of Engineering,Uttarakhand,Engineering,"1,01,400","46,400",7.2,7.1,7.1,7.3,7.2,7.1,7.3,Shivalik College of Engineering,EXACT,False
Women Institute of Technology,Uttarakhand,Engineering,"75,500",--,7.9,9,7.4,9,7.2,6.7,8.3,Women Institute of Technology,EXACT,False
Indian Institute of Aeronautical Engineering,Uttarakhand,Engineering,"3,00,000","3,00,000",8.3,7.5,8.5,8.5,9,8,8,Indian Institute of Aeronautical Engineering,EXACT,False
Indira Gandhi National Forest Academy,Uttarakhand,Engineering,"1,84,500",--,8.7,9,9,8,9,9,8,Indira Gandhi National Forest Academy,EXACT,False
"Bipin Tripathi Kumaon Institute of Technology, Almora",Uttarakhand,Engineering,"71,150","82,250",6.4,6.8,6.2,6.6,7.3,4.6,6.8,Bipin Tripathi Kumaon Institute of Technology,EXACT,False
Govind Ballabh Pant Engineering College,Uttarakhand,Engineering,"69,015","80,015",6.4,7.1,6,6.1,7.3,5.1,7,Govind Ballabh Pant Engineering College,EXACT,False
BFIT Group of Institutions,Uttarakhand,Engineering,"35,000",--,7.5,7.7,7.1,7.7,7.6,7.1,8,BFIT Group of Institutions,EXACT,False
Dev Bhoomi Institute of Technology,Uttarakhand,Engineering,"1,19,700","92,000",7.2,7.1,6.5,7.5,7.4,7.5,7.2,Dev Bhoomi Institute of Technology,EXACT,False
Graphic Era Hill University Bhimtal Campus,Uttarakhand,Engineering,"2,75,600","1,30,600",8.1,8.2,7.6,7.9,8.8,7.8,8,Graphic Era Hill University Bhimtal Campus,EXACT,False
Indian Institute of Management,Tamil Nadu,Management,"11,90,000","10,00,000",8.8,8.7,8.8,9.1,8.9,8.7,8.8,Indian Institute of Management,EXACT,False
"Department of Management Studies, IIT Madras",Tamil Nadu,Management,"11,200","11,25,000",9.1,9.2,9.1,9,9.2,9.1,8.7,"Department of Management Studies, IIT Madras",EXACT,False
"NIT Trichy, Tiruchirappalli",Tamil Nadu,Management,"97,250","49,250",8.5,8.6,7.8,8.2,8.7,8.8,8.7,"NIT Trichy, Tiruchirappalli",EXACT,False
"Great Lakes Institute of Management, Chennai",Tamil Nadu,Management,"16,01,000","16,01,000",8.7,8.8,8.7,9.2,9.1,8.1,8.2,Great Lakes Institute of Management,EXACT,False
Loyola Institute of Business Administration,Tamil Nadu,Management,"15,26,000","20,500",9,9.1,9,9,9,9,9.1,Loyola Institute of Business Administration,EXACT,False
P.S.G College of Technology,Tamil Nadu,Management,"73,910","14,000",9,9.2,8.7,8.9,9,9.1,8.8,P.S.G College of Technology,EXACT,False
"Department of Management Studies, Anna University",Tamil Nadu,Management,"20,500",--,9.4,9.6,9.4,9.4,9.4,9.3,--,Department of Management Studies,EXACT,False
Vellore Institute of Technology,Tamil Nadu,Management,"57,000","3,51,500",8.3,8.3,8,7.8,8.9,8.5,8.5,Vellore Institute of Technology,EXACT,False
Bharathidasan Institute of Management,Tamil Nadu,Management,"7,10,351",--,8.6,9,8.7,8.8,8,8.7,8.2,Bharathidasan Institute of Management,EXACT,False
"School of Management, SRM IST, Kanchipuram",Tamil Nadu,Management,"1,10,000","3,60,000",9,8.9,9.1,9,9,9,--,School of Management,EXACT,False
"Amrita Vishwa Vidyapeetham, Coimbatore",Tamil Nadu,Management,"10,60,000","30,000",8.1,8.5,6.6,8.5,8.6,8.2,8,"Amrita Vishwa Vidyapeetham, Coimbatore",EXACT,False
PSG Institute of Management,Tamil Nadu,Management,"8,00,000",--,8.7,8.8,8.2,9.2,8.5,8.3,9.3,PSG Institute of Management,EXACT,False
Hindustan Institute of Technology and Science,Tamil Nadu,Management,"2,53,000","92,500",7.6,7.8,6.9,7.8,7.9,6.9,8,Hindustan Institute of Technology and Science,EXACT,False
Bannari Amman Institute of Technology,Tamil Nadu,Management,"45,000",--,8.3,8.2,8.1,8,9.1,8.1,8.2,Bannari Amman Institute of Technology,EXACT,False
"Mepco Schlenk Engineering College, Sivakasi",Tamil Nadu,Management,"90,000",--,8.1,8.5,8.1,8.3,8.6,7.9,7,Mepco Schlenk Engineering College,EXACT,False
Kongu Engineering College,Tamil Nadu,Management,"50,000",--,8.3,8.3,7.7,8.3,8.9,8.3,8.3,Kongu Engineering College,EXACT,False
Vel Tech Dr. RR & Dr. SR,Tamil Nadu,Management,"93,000","70,000",8.1,8.2,8.5,8,8.1,7.8,7.8,Vel Tech Dr. RR & Dr. SR,EXACT,False
Bharath University,Tamil Nadu,Management,"40,000","1,00,000",7.6,7.9,7.1,8.1,7.6,7.8,7,Bharath University,EXACT,False
Sairam Institute of Management Studies,Tamil Nadu,Management,"75,000",--,8.4,9,8,8,8,9,--,Sairam Institute of Management Studies,EXACT,False
"PSNA College of Engineering and Technology, Dindigul",Tamil Nadu,Management,"35,000",--,8.3,8.5,8,8.5,8.8,8.1,8,PSNA College of Engineering and Technology,EXACT,False
"IIKM Business School, Chennai",Tamil Nadu,Management,"3,75,000",--,6.9,6.8,6.1,7.4,7,7.4,6.8,"IIKM Business School, Chennai",EXACT,False
Vivekananda Institute of Management Studies,Tamil Nadu,Management,"2,00,000",--,7.5,7.8,6.5,7.8,7.8,7.3,7.5,Vivekananda Institute of Management Studies,EXACT,False
GRG School of Management Studies,Tamil Nadu,Management,"40,000","40,000",9,9,9,9.3,9.3,8.3,9.3,GRG School of Management Studies,EXACT,False
"Sona School of Management, Salem",Tamil Nadu,Management,"1,70,000",--,8.1,8.2,7.4,8.2,8.3,8,8.2,"Sona School of Management, Salem",EXACT,False
DJ Academy for Managerial Excellence,Tamil Nadu,Management,"1,60,000",--,9.1,9,9,9,9.7,9.3,8.7,DJ Academy for Managerial Excellence,EXACT,False
Sardar Vallabhbhai Patel International School of Textile,Tamil Nadu,Management,"1,46,000",--,8.2,7.5,8,9.3,7.5,8.5,8.3,Sardar Vallabhbhai Patel International School of Textile,EXACT,False
"Karunya School of Management, Karunya University",Tamil Nadu,Management,"2,44,000","41,000",8.4,8.5,8.2,8.7,8.7,8.2,8,Karunya School of Management,EXACT,False
Coimbatore Institute of Management and Technology,Tamil Nadu,Management,"1,20,000","15,000",8.3,8.4,8,8.6,8.6,8,8.3,Coimbatore Institute of Management and Technology,EXACT,False
"ITM Business School, Chennai",Tamil Nadu,Management,"4,95,000",--,8.3,8.8,8.2,8,8.5,8,8.5,"ITM Business School, Chennai",EXACT,False
SNS College of Technology,Tamil Nadu,Management,"35,000",--,8.3,8.5,7.6,8.5,8.5,8.3,8.5,SNS College of Technology,EXACT,False
"Shailesh J. Mehta School of Management, IIT",Maharashtra,Management,"6,91,100","25,800",8,8.3,7.9,8.5,8.5,8.4,6.6,Shailesh J. Mehta School of Management,EXACT,False
SP Jain Institute of Management and Research,Maharashtra,Management,"17,50,000","1,50,000",8.7,9,8.3,9,8.8,9,8.1,SP Jain Institute of Management and Research,EXACT,False
"Jamnalal Bajaj Institute of Management Studies -[JBIMS],",Maharashtra,Management,"3,05,000",--,8.8,9.1,8.6,9.1,8.7,9.2,8.3,Jamnalal Bajaj Institute of Management Studies -[JBIMS],EXACT,False
Symbiosis Institute of Business Management,Maharashtra,Management,"9,80,000",--,8.8,8.7,8.8,8.8,9.1,8.9,8.3,Symbiosis Institute of Business Management,EXACT,False
Narsee Monjee Institute of Management Studies,Maharashtra,Management,"6,02,000","3,02,000",8.1,8.4,7.6,8.5,8.1,7.9,8.2,Narsee Monjee Institute of Management Studies,EXACT,False
Symbiosis Centre for Management and Human Resource,Maharashtra,Management,"9,40,000","2,20,000",8,8,7.5,7.9,7.6,8.2,8.5,Symbiosis Centre for Management and Human Resource,EXACT,False
National Institute of Industrial Engineering,Maharashtra,Management,"1,04,000","7,03,000",9,9,9,9,9,9.3,8.6,National Institute of Industrial Engineering,EXACT,False
Prin. L. N. Welingkar Institute of Management,Maharashtra,Management,"5,50,000","3,40,000",8,8.4,7.4,8.4,8.2,7.8,7.9,Prin. L. N. Welingkar Institute of Management,EXACT,False
"Bharati Vidyapeeth University, Institute of Management and",Maharashtra,Management,"2,25,000","1,00,000",8,8.4,7.5,8.5,8,7.7,7.9,Bharati Vidyapeeth University,EXACT,False
"KJ Somaiya Institute of Management, Mumbai",Maharashtra,Management,"8,17,290","3,32,455",8.3,8.3,7.9,8.2,8.7,7.9,8.5,KJ Somaiya Institute of Management,EXACT,False
Institute of Management Technology,Maharashtra,Management,"6,42,000",--,8.6,8.4,8.6,8.5,9,7.9,8.9,Institute of Management Technology,EXACT,False
"Sydenham Institute of Management Studies, Research &",Maharashtra,Management,"1,38,000","16,000",8.9,9.1,8.8,9.1,8.6,9,8.5,Sydenham Institute of Management Studies,EXACT,False
Symbiosis Institute of International Business,Maharashtra,Management,"7,90,000",--,8.4,8.4,7.9,8.5,8.7,8.1,8.9,Symbiosis Institute of International Business,EXACT,False
Balaji Institute of Modern Management,Maharashtra,Management,"4,80,000",--,8.2,8,8.2,8.9,8.2,8.1,7.9,Balaji Institute of Modern Management,EXACT,False
SIES School of Business Studies,Maharashtra,Management,"3,50,000",--,7.8,8.5,6.1,8.1,8.2,7.7,8.1,SIES School of Business Studies,EXACT,False
ITM Business School Kharghar,Maharashtra,Management,"4,95,000",--,7.6,8.1,6.6,8.1,7.3,7.3,7.9,ITM Business School Kharghar,EXACT,False
Symbiosis Institute of Operations Management,Maharashtra,Management,"12,20,000","20,000",8.6,9.4,8.5,8.5,7.8,8.8,8.6,Symbiosis Institute of Operations Management,EXACT,False
Symbiosis Institute of Digital and Telecom Management,Maharashtra,Management,"6,60,000",--,8.9,8.9,8.7,8.9,9.1,8.8,8.7,Symbiosis Institute of Digital and Telecom Management,EXACT,False
Pune Institute of Business Management,Maharashtra,Management,"7,95,000","2,00,000",7.4,7.6,6.8,8,7.1,7.9,6.7,Pune Institute of Business Management,EXACT,False
Vaikunth Mehta National Institute of Co-Operative Management,Maharashtra,Management,"40,000","22,000",7.8,7.7,7.6,7.7,7.7,8.1,7.8,Vaikunth Mehta National Institute of Co-Operative Management,EXACT,False
N. L. Dalmia Institute of Management Studies,Maharashtra,Management,"10,20,000",--,8.2,8.4,7.4,8.4,8.8,7.9,8.2,N. L. Dalmia Institute of Management Studies,EXACT,False
International School of Business and Media,Maharashtra,Management,"6,85,000",--,8.2,8.3,7.3,8.3,8.2,8.1,9,International School of Business and Media,EXACT,False
Universal Business School,Maharashtra,Management,"4,28,000","10,98,000",8.6,8.8,8.2,8.8,8.7,8.2,8.7,Universal Business School,EXACT,False
Balaji Institute of Management and Human Resource,Maharashtra,Management,"5,30,000",--,8.8,8.8,8.6,9.2,9,8.7,8.6,Balaji Institute of Management and Human Resource,EXACT,False
IIEBM Indus Business School,Maharashtra,Management,"4,10,000",--,6.6,7.5,6.9,6.3,7.4,6.3,5.2,IIEBM Indus Business School,EXACT,False
DY Patil University's School of Management,Maharashtra,Management,"1,20,000","4,20,000",6.9,7.1,6,7.6,7,6.2,7.3,DY Patil University's School of Management,EXACT,False
Symbiosis Centre for Information Technology,Maharashtra,Management,"6,20,000","1,53,000",8,8.3,8,7.5,8,7.9,8.2,Symbiosis Centre for Information Technology,EXACT,False
Neville Wadia Institute of Management Studies and,Maharashtra,Management,"1,70,000",--,6.7,6.5,6.1,7.2,6.8,6.9,6.8,Neville Wadia Institute of Management Studies and,EXACT,False
Bharati Vidyapeeth Institute of Management Studies &,Maharashtra,Management,"4,00,000",--,6.7,6.6,6.3,7.4,7.3,5.8,7,Bharati Vidyapeeth Institute of Management Studies &,EXACT,False
MIT College of Management,Maharashtra,Management,"1,66,340","15,00,000",7.4,8.1,5.8,8.2,8.3,6.4,7.6,MIT College of Management,EXACT,False
Indian Institute of Management,Uttar Pradesh,Management,"19,25,000","7,50,000",8.8,8.8,8.8,9,8.9,9,8.2,Indian Institute of Management,EXACT,False
"Industrial and Management Engineering, IIT Kanpur- [IME",Uttar Pradesh,Management,"9,00,000","23,850",9.2,9.4,9.1,9.2,9.3,9.2,8.7,Industrial and Management Engineering,EXACT,False
"Institute of Management Studies, Banaras Hindu University,",Uttar Pradesh,Management,"85,000","15,000",8.5,8.5,8,8.8,8.2,8.3,9,Institute of Management Studies,EXACT,False
Amity Global Business School,Uttar Pradesh,Management,"2,70,000","4,00,000",8.5,8.6,7.4,8.8,9,8.4,8.7,Amity Global Business School,EXACT,False
Institute of Management Technology,Uttar Pradesh,Management,"1,27,000","4,80,000",8.6,8.7,8.4,8.4,8.8,8.2,8.9,Institute of Management Technology,EXACT,False
"Amity University, Noida",Uttar Pradesh,Management,"4,00,000","3,44,000",8.2,8,7.9,8.1,8.9,7.6,8.7,"Amity University, Noida",EXACT,False
Birla Institute of Management Technology,Uttar Pradesh,Management,"86,500","12,00,000",7.9,8,8.1,8.1,8.2,7.4,7.7,Birla Institute of Management Technology,EXACT,False
Aligarh Muslim University,Uttar Pradesh,Management,"17,395",--,8.3,8.8,7.9,8.5,8.8,7.2,8.6,Aligarh Muslim University,EXACT,False
"Jaipuria Institute of Management, Noida",Uttar Pradesh,Management,"5,35,000","1,50,000",8.4,8.6,7.8,8.7,8.4,8.1,8.6,"Jaipuria Institute of Management, Noida",EXACT,False
"Jaipuria Institute of Management, Lucknow",Uttar Pradesh,Management,"5,25,000","1,50,000",8.9,8.9,8.8,9.1,9,8.9,8.5,Jaipuria Institute of Management,EXACT,False
Amity Business School,Uttar Pradesh,Management,"5,88,000",--,8.4,8.2,8,8.2,9,8.2,8.8,Amity Business School,EXACT,False
Institute of Management Studies,Uttar Pradesh,Management,"7,95,000",--,7.9,8.2,7.6,8.3,8.1,8,7.2,Institute of Management Studies,EXACT,False
MNNIT Allahabad,Uttar Pradesh,Management,"82,000","91,000",8,8.4,7.3,7.8,7.1,8.9,8.2,MNNIT Allahabad,EXACT,False
GL Bajaj Institute of Management and Research,Uttar Pradesh,Management,"3,40,000","3,40,000",7.7,8.2,7.2,7.7,7.9,7.9,7.4,GL Bajaj Institute of Management and Research,EXACT,False
Institute of Technology and Science,Uttar Pradesh,Management,"3,00,000","1,15,800",8.2,8.6,7.5,8.3,8.6,7.9,8.1,Institute of Technology and Science,EXACT,False
Jaipuria School of Business,Uttar Pradesh,Management,"7,50,000",--,8.6,8.9,7.8,9,8.7,8.7,8.7,Jaipuria School of Business,EXACT,False
Ajay Kumar Garg Institute of Management,Uttar Pradesh,Management,"1,27,943",--,8.7,8.8,8,9.3,9.5,8.3,8,Ajay Kumar Garg Institute of Management,EXACT,False
Shri Ram Murti Smarak International Business School,Uttar Pradesh,Management,"25,500","5,10,000",9.5,9.5,9.6,9.4,9.6,9.4,9.2,Shri Ram Murti Smarak International Business School,EXACT,False
Institute of Management Studies,Uttar Pradesh,Management,"3,96,000","1,17,750",7.2,7.6,6.9,8,7,6.4,7.5,Institute of Management Studies,EXACT,False
Sanskriti University,Uttar Pradesh,Management,"90,000","1,15,000",7,7.2,6.7,7,7.5,6.9,6.8,Sanskriti University,EXACT,False
"Jaipuria Institute of Management, Ghaziabad",Uttar Pradesh,Management,"4,00,000",--,8.4,8.8,7.2,9.1,8.6,8.4,8.3,Jaipuria Institute of Management,EXACT,False
"Mangalayatan University, Institute of Business Management",Uttar Pradesh,Management,"75,000","1,35,000",8.1,9,7.7,8.3,8.3,7.8,7.7,Mangalayatan University,EXACT,False
Accurate Institute of Management and Technology,Uttar Pradesh,Management,"1,30,000",--,6.9,7.3,6.5,7.6,7.1,6.5,6.6,Accurate Institute of Management and Technology,EXACT,False
"Shobhit University, School of Business Studies, Meerut",Uttar Pradesh,Management,"56,200","1,31,200",9.2,9.3,9,9.3,9.3,9.3,--,Shobhit University,EXACT,False
Teerthanker Mahaveer Institute of Management and Technology,Uttar Pradesh,Management,"92,600","1,57,900",8,8.1,7.8,8,8.3,7.5,8.3,Teerthanker Mahaveer Institute of Management and Technology,EXACT,False
"Lloyd Business School, Greater Noida",Uttar Pradesh,Management,"2,60,000","35,000",7.9,7.9,7.6,8,8,7.9,7.9,"Lloyd Business School, Greater Noida",EXACT,False
Shri Ram Murti Smarak College of Engineering,Uttar Pradesh,Management,"1,34,982",--,7,7.3,6.9,6.8,7.3,6.3,7.3,Shri Ram Murti Smarak College of Engineering,EXACT,False
Galgotias University School of Business,Uttar Pradesh,Management,"1,00,000","1,59,000",7.4,7.3,6.5,7.3,7.7,7.8,7.7,Galgotias University School of Business,EXACT,False
Institute of Business Management,Uttar Pradesh,Management,"1,35,000","2,26,000",8.5,8.7,8.4,8.6,8.7,8.3,8.2,Institute of Business Management,EXACT,False
"Greater Noida Institute Of Technology MBA Institute,",Uttar Pradesh,Management,"64,800","1,17,400",6.9,6.5,5.5,8,8,6.5,--,Greater Noida Institute Of Technology MBA Institute,EXACT,False
Department of Management Studies IIT Delhi,Delhi,Management,"4,80,000","63,900",9.1,9.2,8.8,9.5,9.2,9,8.9,Department of Management Studies IIT Delhi,EXACT,False
Management Development Institute,Delhi,Management,"23,58,000","3,19,668",9,8.8,8.9,9,9.1,9.2,8.8,Management Development Institute,EXACT,False
Indian Institute of Management,Delhi,Management,"5,05,000","1,30,000",8.5,8.7,8.6,8.4,8.4,8.6,8.2,Indian Institute of Management,EXACT,False
International Management Institute,Delhi,Management,"8,69,500","2,47,000",8.4,8.8,8,8.8,8.2,8.4,7.9,International Management Institute,EXACT,False
Indian Institute of Foreign Trade,Delhi,Management,"5,10,000","8,85,000",8.7,8.7,8.4,9,8.4,8.9,8.5,Indian Institute of Foreign Trade,EXACT,False
"Jamia Millia Islamia University-[JMI], New Delhi",Delhi,Management,"40,600","50,000",8,8.4,7.6,8.3,8.4,7.2,8.2,Jamia Millia Islamia University-[JMI],EXACT,False
"Department of Commerce, University of Delhi, New",Delhi,Management,"15,696","3,685",8.4,8.3,8.5,8.9,8.2,8.3,8,Department of Commerce,EXACT,False
"University of Delhi, Faculty of Management Studies",Delhi,Management,"96,000","48,000",8.7,9.1,8.4,8.9,8.8,9.2,7.7,University of Delhi,EXACT,False
FORE School of Management,Delhi,Management,"15,98,000","1,20,000",7.8,8.4,7.1,8.5,7.6,7.9,7.4,FORE School of Management,EXACT,False
Amity Global Business School,Delhi,Management,"2,70,000","4,00,000",8.5,8.6,7.4,8.8,9,8.4,8.7,Amity Global Business School,EXACT,False
Institute of Management Technology,Delhi,Management,"1,27,000","4,80,000",8.6,8.7,8.4,8.4,8.8,8.2,8.9,Institute of Management Technology,EXACT,False
"Amity University, Noida",Delhi,Management,"4,00,000","3,44,000",8.2,8,7.9,8.1,8.9,7.6,8.7,"Amity University, Noida",EXACT,False
Birla Institute of Management Technology,Delhi,Management,"86,500","12,00,000",7.9,8,8.1,8.1,8.2,7.4,7.7,Birla Institute of Management Technology,EXACT,False
"Jaipuria Institute of Management, Noida",Delhi,Management,"5,35,000","1,50,000",8.4,8.6,7.8,8.7,8.4,8.1,8.6,"Jaipuria Institute of Management, Noida",EXACT,False
"University School of Management Studies, Guru Gobind",Delhi,Management,"70,000",--,8,8.2,7.4,8.2,8.4,7.8,8,University School of Management Studies,EXACT,False
Jagan Institute of Management Studies,Delhi,Management,"4,30,000","88,000",8.1,8.5,7.5,8.7,7.9,8,8.2,Jagan Institute of Management Studies,EXACT,False
Lal Bahadur Shastri Institute of Management,Delhi,Management,"5,70,000","6,72,500",7.7,7.8,6.8,8.1,7.4,7.6,8.2,Lal Bahadur Shastri Institute of Management,EXACT,False
Amity Business School,Delhi,Management,"5,88,000",--,8.4,8.2,8,8.2,9,8.2,8.8,Amity Business School,EXACT,False
Asia Pacific Institute of Management,Delhi,Management,"9,65,000",--,7.3,7.6,6.5,8.2,7.4,7.1,7.1,Asia Pacific Institute of Management,EXACT,False
"IILM Institute for Business & Management [IILM-IBM],",Delhi,Management,"1,15,000","1,15,000",6.5,6.4,5.7,6.3,6.3,7.3,6.8,IILM Institute for Business & Management [IILM-IBM],EXACT,False
"IILM Institute for Higher Education, New Delhi",Delhi,Management,"12,40,000","12,40,000",8.4,9,7,9,8.7,8.8,8,IILM Institute for Higher Education,EXACT,False
Institute of Management Studies,Delhi,Management,"7,95,000",--,7.9,8.2,7.6,8.3,8.1,8,7.2,Institute of Management Studies,EXACT,False
"O.P. Jindal Global University, Jindal Global Business",Delhi,Management,"4,50,000","5,50,000",9.3,9.1,9.3,9.1,9.3,9.1,9.8,O.P. Jindal Global University,EXACT,False
Fortune Institute of International Business,Delhi,Management,"8,90,000",--,8,8.3,6.8,8.6,8,7.9,8.3,Fortune Institute of International Business,EXACT,False
Apeejay School of Management,Delhi,Management,"4,50,000",--,7.7,8.5,6.5,8.3,7.2,7.5,8,Apeejay School of Management,EXACT,False
GL Bajaj Institute of Management and Research,Delhi,Management,"3,40,000","3,40,000",7.7,8.2,7.2,7.7,7.9,7.9,7.4,GL Bajaj Institute of Management and Research,EXACT,False
"Faculty of Management Studies, Manav Rachna International",Delhi,Management,"2,98,500","1,65,000",8.7,--,--,9,--,8,9,Faculty of Management Studies,EXACT,False
Institute of Technology and Science,Delhi,Management,"3,00,000","1,15,800",8.2,8.6,7.5,8.3,8.6,7.9,8.1,Institute of Technology and Science,EXACT,False
Jagannath International Management School,Delhi,Management,"7,95,000",--,8.4,8.9,7.3,9,8.2,8.5,8.5,Jagannath International Management School,EXACT,False
JK Business School,Delhi,Management,"93,000","3,58,900",8.2,8.2,8.3,8.2,8.4,7.6,8.4,JK Business School,EXACT,False
IFMR Graduate School of Business,Andhra Pradesh,Management,"7,18,000",--,8.2,8.3,8.1,8.4,8.3,8.5,7.8,IFMR Graduate School of Business,EXACT,False
K L University Business School,Andhra Pradesh,Management,"1,85,000","2,85,000",8.5,8.4,8.4,9,9.2,7.4,8.7,K L University Business School,EXACT,False
GITAM Institute of Management,Andhra Pradesh,Management,"2,10,000","3,96,000",8.5,8.6,7.3,8.8,9.2,8.4,8.7,GITAM Institute of Management,EXACT,False
K L University,Andhra Pradesh,Management,"2,85,000","1,85,000",8.3,8.5,7.6,8.3,8.8,8.3,8.2,K L University,EXACT,False
"Krea University, Sri City",Andhra Pradesh,Management,"13,86,000",--,8.6,8.2,8.6,8.7,8.6,8.8,8.8,"Krea University, Sri City",EXACT,False
Indian Institute of Management Visakhapatnam,Andhra Pradesh,Management,"14,33,250","16,50,000",8.9,8.8,9,9,8.8,8.8,8.8,Indian Institute of Management Visakhapatnam,EXACT,False
GEMS B School,Andhra Pradesh,Management,"2,50,000","3,60,000",9.1,9.5,8.5,9.5,9,9,9,GEMS B School,EXACT,False
VIT University,Andhra Pradesh,Management,"2,75,000","43,000",8.2,8.3,7.9,8.3,8.1,8.4,8.1,VIT University,EXACT,False
Sri Venkateswara University,Andhra Pradesh,Management,"23,200",--,8.1,7.9,8.3,8.2,7.9,7.7,8.4,Sri Venkateswara University,EXACT,False
"SRM University, Amaravathi",Andhra Pradesh,Management,"2,60,000","2,95,000",8.7,8.7,8.1,9.2,9.2,8.4,8.4,"SRM University, Amaravathi",EXACT,False
Indian Institute of Tourism and Travel Management,Andhra Pradesh,Management,"1,08,850","1,88,600",8.4,9.3,8.5,9,8.2,8,7.5,Indian Institute of Tourism and Travel Management,EXACT,False
Integral Institute of Advanced Management,Andhra Pradesh,Management,"1,60,000",--,6.9,7.2,4.4,7.6,7.2,7.2,8,Integral Institute of Advanced Management,EXACT,False
"Risali Institute of Management, Visakhapatnam",Andhra Pradesh,Management,--,--,8.4,8.2,8.3,8.3,8.8,8.4,8.4,Risali Institute of Management,EXACT,False
"Sree Vidyanikethan Institute of Management, Tirupati",Andhra Pradesh,Management,"74,000",--,8.6,8.6,8.4,8.7,8.7,8.1,8.8,Sree Vidyanikethan Institute of Management,EXACT,False
Accord Business School,Andhra Pradesh,Management,"45,000",--,--,--,--,--,--,--,--,Accord Business School,EXACT,False
VIT-AP School of Business,Andhra Pradesh,Management,"2,75,000","43,000",8.1,8.8,8.3,8.3,7.8,7.8,7.8,VIT-AP School of Business,EXACT,False
Nimra College of Business Management,Andhra Pradesh,Management,"34,000",--,7.5,9,5,9,--,--,--,Nimra College of Business Management,EXACT,False
"Wings Business School, Tirupati",Andhra Pradesh,Management,"50,000",--,6.8,6.6,7.2,6.5,6.5,6.9,7.1,"Wings Business School, Tirupati",EXACT,False
Sun International Institute for Tourism & Management-,Andhra Pradesh,Management,"1,30,500","1,60,500",7.9,8.4,7.3,7.5,7.8,8.5,7.7,Sun International Institute for Tourism & Management-,EXACT,False
Satya Institute of Management Studies,Andhra Pradesh,Management,"41,100",--,--,--,--,--,--,--,--,Satya Institute of Management Studies,EXACT,False
Sanskrithi School of Business,Andhra Pradesh,Management,"31,500",--,8.5,7.5,5.5,--,--,--,--,Sanskrithi School of Business,EXACT,False
Rajiv Gandhi Institute of Management and Science,Andhra Pradesh,Management,"30,000",--,7.8,8.5,6.8,8.5,7.5,6.8,8.5,Rajiv Gandhi Institute of Management and Science,EXACT,False
Emeralds Degree and PG College,Andhra Pradesh,Management,"28,000","79,000",8.6,9.3,8.3,8.6,9.5,7,8.6,Emeralds Degree and PG College,EXACT,False
Ambedkar Institute of Management Studies,Andhra Pradesh,Management,"1,10,000",--,--,--,--,--,--,--,--,Ambedkar Institute of Management Studies,EXACT,False
"DNR School of Business Management, Bhimavaram",Andhra Pradesh,Management,"27,000",--,--,--,--,--,--,--,--,DNR School of Business Management,EXACT,False
Dr. K. V Subba Reddy Institute of,Andhra Pradesh,Management,"34,500",--,8.3,9,9,8.8,7.8,7.5,7.8,Dr. K. V Subba Reddy Institute of,EXACT,False
Srinivasa Institute of Management Studies,Andhra Pradesh,Management,"35,000",--,--,--,--,--,--,--,--,Srinivasa Institute of Management Studies,EXACT,False
Sri Krishnadevaraya Institute of Management,Andhra Pradesh,Management,"10,000",--,6,6,--,--,--,--,--,Sri Krishnadevaraya Institute of Management,EXACT,False
Indian Institute of Management,Karnataka,Management,"23,00,000","27,50,000",9.1,9,9,9.1,9.2,9.2,8.9,Indian Institute of Management,EXACT,False
T. A. Pai Management Institute,Karnataka,Management,"7,55,000",--,8.5,8.5,8.4,8.8,8.6,8.7,7.8,T. A. Pai Management Institute,EXACT,False
"Alliance University, Bangalore",Karnataka,Management,"13,50,000","6,00,000",8,8.2,7.2,8.2,8.8,7.6,8,"Alliance University, Bangalore",EXACT,False
Jagdish Sheth School of Management,Karnataka,Management,"12,00,000","3,20,000",7.3,7.6,6.4,7.9,7.1,7,7.6,Jagdish Sheth School of Management,EXACT,False
"Christ University, Bangalore",Karnataka,Management,"3,80,000","1,66,000",8.3,8.5,7.4,8.2,8.9,8.1,8.8,"Christ University, Bangalore",EXACT,False
Prin. L.N. Welingkar Institute of Management Development,Karnataka,Management,"5,50,000",--,8.1,8.7,7.8,8.6,7.9,7.9,7.9,Prin. L.N. Welingkar Institute of Management Development,EXACT,False
SDM Institute for Management Development,Karnataka,Management,"2,86,000","11,20,000",8.6,8.6,8.9,8.4,9.3,7.6,8.6,SDM Institute for Management Development,EXACT,False
Xavier Institute of Management and Entrepreneurship,Karnataka,Management,"3,00,000",--,8,8.1,8.1,8.2,7.8,8.1,7.6,Xavier Institute of Management and Entrepreneurship,EXACT,False
Indus Business Academy,Karnataka,Management,"4,81,000",--,7.3,6.9,6.7,7.5,7.1,7.9,7.4,Indus Business Academy,EXACT,False
"AIMS Institutes, Bangalore",Karnataka,Management,"2,28,000","9,00,000",7.3,7.8,6.6,8.1,6.5,7.2,7.3,"AIMS Institutes, Bangalore",EXACT,False
Symbiosis Institute of Business Management,Karnataka,Management,"8,20,000","2,60,000",7.7,8,7.4,7.8,7.8,7.8,7.5,Symbiosis Institute of Business Management,EXACT,False
Kristu Jayanti College,Karnataka,Management,"80,000","25,000",8.4,8.9,7.7,8.4,8.9,8.1,8.5,Kristu Jayanti College,EXACT,False
Manipal Academy of Higher Education,Karnataka,Management,"4,01,000","1,78,000",8.4,8.5,8.2,8.6,8.8,7.8,8.4,Manipal Academy of Higher Education,EXACT,False
Ramaiah Institute of Technology,Karnataka,Management,"79,570",--,8.4,8.5,7.8,8.3,8.7,8.3,8.6,Ramaiah Institute of Technology,EXACT,False
"REVA University, Bangalore",Karnataka,Management,"90,000","3,00,000",8.4,8.3,8.1,8.3,9.3,7.8,8.4,"REVA University, Bangalore",EXACT,False
Kirloskar Institute of Advanced Management Studies,Karnataka,Management,"10,75,000",--,7.8,7.8,7.6,8.1,7.8,8,7.7,Kirloskar Institute of Advanced Management Studies,EXACT,False
RV Institute of Management,Karnataka,Management,"75,000",--,8,8.4,6.6,8.6,8.4,7.8,8.3,RV Institute of Management,EXACT,False
International School of Business and Research,Karnataka,Management,"9,00,000","1,00,000",7.7,7.9,7.3,8,7.5,7.5,8.2,International School of Business and Research,EXACT,False
St Aloysius Institute of Management and Information,Karnataka,Management,"2,60,000",--,7.5,7.5,6.8,7.7,7.4,7.9,7.6,St Aloysius Institute of Management and Information,EXACT,False
KLS Gogte Institute of Technology,Karnataka,Management,"1,08,000",--,8.2,8.4,7.3,8.4,8.6,8,8.6,KLS Gogte Institute of Technology,EXACT,False
Agriculture and Food Management Institute,Karnataka,Management,"1,65,000",--,--,--,--,--,--,--,--,Agriculture and Food Management Institute,EXACT,False
Dayananda Sagar College of Mangaement and Information,Karnataka,Management,"63,750",--,7.3,8,4,9,8,7,7.5,Dayananda Sagar College of Mangaement and Information,EXACT,False
Adarsh Institute of Management and Information Technology,Karnataka,Management,"5,00,000",--,7.8,7.7,7.5,8.8,7.8,7.2,7.9,Adarsh Institute of Management and Information Technology,EXACT,False
Bharatesh Education Trust's Global Business School,Karnataka,Management,"1,11,000",--,8.1,8,7.7,8.7,8.3,7.7,8.3,Bharatesh Education Trust's Global Business School,EXACT,False
"Presidency University, School of Management, Bangalore",Karnataka,Management,"1,65,000","3,25,000",7.4,7,5.7,9,9,6.3,--,Presidency University,EXACT,False
BMS College of Engineering,Karnataka,Management,"25,300",--,8.2,8.4,8,8,8,8.3,8.7,BMS College of Engineering,EXACT,False
"The Oxford College of Business Management, Bangalore",Karnataka,Management,"50,000","70,000",6.6,7,6.2,7.8,7,5.8,5.9,The Oxford College of Business Management,EXACT,False
KLS Institute of Management Education & Research,Karnataka,Management,"2,10,000",--,8.9,9.5,8,9.3,9.5,9,8.3,KLS Institute of Management Education & Research,EXACT,False
Indian Academy Group of Institutions,Karnataka,Management,"2,77,000","5,19,000",7.9,8.6,7.6,8.5,7.5,7.8,7.6,Indian Academy Group of Institutions,EXACT,False
T John College,Karnataka,Management,"88,700","2,67,700",8,8.1,7.8,8.1,8.5,7.6,7.8,T John College,EXACT,False
Indian School of Business,Telangana,Management,"10,20,000","47,00,000",9.3,8.9,9.4,9.6,9.6,9.3,9.2,Indian School of Business,EXACT,False
ICFAI Foundation for Higher Education,Telangana,Management,"2,50,000","7,00,000",8.2,8.3,7.5,8.1,8.6,7.8,8.9,ICFAI Foundation for Higher Education,EXACT,False
ICFAI Business School,Telangana,Management,"7,10,000","2,60,000",8.2,8.2,8,8.1,8.5,7.8,8.7,ICFAI Business School,EXACT,False
Narsee Monjee Institute of Management Studies,Telangana,Management,"2,52,000","8,27,000",8.8,8.9,8.4,9.2,8.9,8.5,8.9,Narsee Monjee Institute of Management Studies,EXACT,False
Institute of Management Technology,Telangana,Management,"6,03,000","5,00,000",8.6,8.6,8.6,8.7,8.8,8.4,8.5,Institute of Management Technology,EXACT,False
Woxsen School of Business,Telangana,Management,"3,05,000","6,95,000",8.3,8.1,8.1,8.6,8.4,8.2,8.3,Woxsen School of Business,EXACT,False
National Institute of Agricultural Extension Management,Telangana,Management,"8,25,000","7,000",8.6,8.8,7.8,8.9,8.4,9,8.7,National Institute of Agricultural Extension Management,EXACT,False
Institute of Public Enterprise,Telangana,Management,"4,55,000","3,80,000",8.3,8.1,7.6,8.9,9,7.8,8.3,Institute of Public Enterprise,EXACT,False
Birla Institute of Technology and Science,Telangana,Management,"1,10,125",--,9,9,8.4,8.8,9.4,9.1,9.4,Birla Institute of Technology and Science,EXACT,False
Symbiosis Institute of Business Management,Telangana,Management,"6,80,000",--,8.5,8.3,8.3,8.6,8.9,8.6,8.3,Symbiosis Institute of Business Management,EXACT,False
"Aurora's Business School Panjagutta, Hyderabad",Telangana,Management,"2,70,000",--,6.6,6.4,6.2,7.2,6.5,6.7,6.8,Aurora's Business School Panjagutta,EXACT,False
Dhruva College of Management,Telangana,Management,"6,55,000",--,9,9.1,9.4,8.9,9.7,8.4,8.4,Dhruva College of Management,EXACT,False
ICBM School of Business Excellence,Telangana,Management,"5,76,000",--,7.9,8,7.4,8.4,7.7,8.1,7.6,ICBM School of Business Excellence,EXACT,False
Vignana Jyothi Institute of Management,Telangana,Management,"4,50,000","7,50,000",8.4,8.5,7.9,8.7,8.6,8.3,8.5,Vignana Jyothi Institute of Management,EXACT,False
CMR College of Engineering & Technology,Telangana,Management,"50,000",--,8.2,8.5,8,8.1,8.6,8.3,7.9,CMR College of Engineering & Technology,EXACT,False
"Aristotle Post Graduate College, Hyderabad",Telangana,Management,"40,000",--,8,8.2,7.6,9,7.6,7.6,8,Aristotle Post Graduate College,EXACT,False
"St Joseph's Degree and PG College, Hyderabad",Telangana,Management,"54,000",--,7.8,8.2,6.4,8.4,7.5,8,8.1,St Joseph's Degree and PG College,EXACT,False
Chaitanya Bharathi Institute of Technology,Telangana,Management,"43,000",--,8.2,8.5,7.1,8.4,8.3,8.6,8.5,Chaitanya Bharathi Institute of Technology,EXACT,False
"ITM Business School, Warangal",Telangana,Management,"2,70,000",--,7.4,7.2,7.1,7.6,6.9,7.9,7.5,"ITM Business School, Warangal",EXACT,False
"Amjad Ali Khan College of Business Administration,",Telangana,Management,"27,000",--,8.4,8.9,7.6,9.1,8.4,7.9,8.6,Amjad Ali Khan College of Business Administration,EXACT,False
Siva Sivani Institute of Management,Telangana,Management,"6,60,000","6,22,038",7.4,7.6,7.2,7.6,7.3,7.3,7.5,Siva Sivani Institute of Management,EXACT,False
K L University,Telangana,Management,"2,85,000","1,85,000",7.9,7.9,7.4,8.1,8.2,7.6,8.1,K L University,EXACT,False
Symbiosis International University,Telangana,Management,"6,80,000",--,8.9,9,8.7,9,8.9,9,8.8,Symbiosis International University,EXACT,False
National Institute of Rural Development and Panchayati,Telangana,Management,"10,500",--,8.5,8.8,8.3,8.5,8.3,8.6,8.2,National Institute of Rural Development and Panchayati,EXACT,False
National Institute of Construction Management and Research,Telangana,Management,"10,59,100",--,7.5,7.2,7.1,7.5,7.2,8.1,7.6,National Institute of Construction Management and Research,EXACT,False
Vishwa Vishwani Institute of Systems and Management,Telangana,Management,"3,70,000","3,70,000",7.7,7.5,7.1,8,7.9,7.9,7.8,Vishwa Vishwani Institute of Systems and Management,EXACT,False
Institute of Insurance and Risk Management,Telangana,Management,"3,20,000","2,70,000",8.1,7.9,7.7,8.4,8,8.2,8.3,Institute of Insurance and Risk Management,EXACT,False
Indian Institute of Management and Commerce,Telangana,Management,"52,500",--,7.7,8.3,5.3,8.6,7.5,8.1,8.3,Indian Institute of Management and Commerce,EXACT,False
Hyderabad School of Business,Telangana,Management,"63,000","1,13,300",7.7,8,7.3,8.3,7.7,7.4,7.5,Hyderabad School of Business,EXACT,False
Pendekanti Institute of Management,Telangana,Management,"92,000",--,8,8.4,6,8.5,8.4,7.8,8.8,Pendekanti Institute of Management,EXACT,False
Indian Institute of Management,Madhya Pradesh,Management,"9,80,000","50,000",8.9,8.8,8.9,8.9,9,8.9,8.6,Indian Institute of Management,EXACT,False
Indian Institute of Forest Management,Madhya Pradesh,Management,"6,24,000","6,24,000",9,9,9.1,9,9.3,8.5,9.1,Indian Institute of Forest Management,EXACT,False
Prestige Institute of Management and Research,Madhya Pradesh,Management,"52,000","1,46,500",7.9,8.2,7,8.4,7.3,7.7,8.5,Prestige Institute of Management and Research,EXACT,False
"Jaipuria Institute of Management, Indore",Madhya Pradesh,Management,"3,95,000",--,8.4,8.4,7.8,8.5,8.9,8.3,8.6,"Jaipuria Institute of Management, Indore",EXACT,False
Prestige Institute of Management,Madhya Pradesh,Management,"36,000","80,000",6.1,7,5,6,6,6.3,6.5,Prestige Institute of Management,EXACT,False
Institute of Business Management & Research,Madhya Pradesh,Management,"1,15,000",--,8.4,8.3,8,8.6,9,7.8,8.9,Institute of Business Management & Research,EXACT,False
People's Institute of Management & Research,Madhya Pradesh,Management,"30,000","70,000",--,--,--,--,--,--,--,People's Institute of Management & Research,EXACT,False
Shri Vaishnav Institute of Management,Madhya Pradesh,Management,"42,120","73,620",8.1,8.6,7.1,8.7,8,7.5,8.6,Shri Vaishnav Institute of Management,EXACT,False
CH Institute of Management & Commerce,Madhya Pradesh,Management,"12,000","58,000",7.2,8,7,7,8.3,6.3,6.7,CH Institute of Management & Commerce,EXACT,False
Vidyasagar Institute of Management,Madhya Pradesh,Management,"43,100",--,--,--,--,--,--,--,--,Vidyasagar Institute of Management,EXACT,False
"SAGE University, Indore",Madhya Pradesh,Management,"70,000","70,000",8.7,8.7,7.9,8.8,9.2,8.5,9,"SAGE University, Indore",EXACT,False
"Amity University, Gwalior",Madhya Pradesh,Management,"80,000","64,000",8.6,8.8,8.5,8.4,9.3,8,8.3,"Amity University, Gwalior",EXACT,False
"Jagran LakeCity Business School, Bhopal",Madhya Pradesh,Management,"1,35,000","1,75,000",8.1,7.9,9,--,8.3,7.3,--,"Jagran LakeCity Business School, Bhopal",EXACT,False
"VIT Bhopal University, Bhopal",Madhya Pradesh,Management,"70,000","43,000",7.9,8.6,7.7,8.4,7.1,8.1,7.4,"VIT Bhopal University, Bhopal",EXACT,False
"RKDF University, Bhopal",Madhya Pradesh,Management,"90,000","18,000",7.6,8,7,7.8,8,6.5,8.2,"RKDF University, Bhopal",EXACT,False
Awadhesh Pratap Singh University,Madhya Pradesh,Management,"24,000","30,000",7.1,7.9,6.5,8.1,7.2,5.3,7.3,Awadhesh Pratap Singh University,EXACT,False
Rabindranath Tagore University,Madhya Pradesh,Management,"50,000","90,000",7.7,8,7.4,7.8,8.6,6.4,7.8,Rabindranath Tagore University,EXACT,False
Oriental University,Madhya Pradesh,Management,"50,000","2,41,775",7.2,7.5,6.7,7.2,7.7,7.1,7.1,Oriental University,EXACT,False
AKS University,Madhya Pradesh,Management,"54,000","60,000",7.3,7.8,5.9,8.2,7.6,6.9,7.4,AKS University,EXACT,False
"ITM University, Gwalior",Madhya Pradesh,Management,"1,50,000","70,000",7.6,7.9,7,7.6,8.1,7.2,8,"ITM University, Gwalior",EXACT,False
Jagran Lakecity University,Madhya Pradesh,Management,"1,35,000","1,75,000",8,8,7.9,7.8,8.6,7.4,8.1,Jagran Lakecity University,EXACT,False
Narsee Monjee Institute of Management Studies -[NMIMS,Madhya Pradesh,Management,"2,52,000","7,27,000",8.7,8.4,8.9,9.7,9.2,6.2,9.6,Narsee Monjee Institute of Management Studies -[NMIMS,EXACT,False
"Swami Vivekanand University, Sagar",Madhya Pradesh,Management,"27,600","42,600",6.3,6.9,5,7,6.4,5.6,6.6,"Swami Vivekanand University, Sagar",EXACT,False
Institute of Professional Education and Research,Madhya Pradesh,Management,"62,450","1,03,000",8.5,9,7.5,9,8.2,8,9.2,Institute of Professional Education and Research,EXACT,False
"Institute of Management Studies, Devi Ahilya Vishwavidyalaya",Madhya Pradesh,Management,"63,600","59,211",7.7,8.1,6.9,8.1,7.1,7.7,8.1,Institute of Management Studies,EXACT,False
LNCT University,Madhya Pradesh,Management,"85,000","45,000",9,9,8.8,9.3,8.8,8.9,8.9,LNCT University,EXACT,False
Indian Institute of Management,Kerala,Management,"22,50,000","45,000",8.9,8.9,8.9,9.1,9.1,9.1,8.3,Indian Institute of Management,EXACT,False
Rajagiri Centre for Business Studies,Kerala,Management,"7,00,000",--,7.7,7.3,7.5,7.9,7.5,8.1,7.7,Rajagiri Centre for Business Studies,EXACT,False
"SCMS Cochin School of Business, Cochin",Kerala,Management,"3,75,000",--,7.5,8,8.1,7.4,8.3,7.2,6.1,"SCMS Cochin School of Business, Cochin",EXACT,False
National Institute of Technology,Kerala,Management,"27,405","82,405",8.1,8.4,7.9,7.7,8,8.1,8.2,NIT,EXACT,False
Xavier Institute of Management and Entrepreneurship,Kerala,Management,"4,00,000",--,9.1,9.2,8.7,9.3,9.2,9,9.1,Xavier Institute of Management and Entrepreneurship,EXACT,False
Saintgits Institute of Management,Kerala,Management,"2,27,000",--,8.7,8.7,8,9,8.7,8.8,8.7,Saintgits Institute of Management,EXACT,False
Nehru College of Engineering and Research Centre,Kerala,Management,"40,000",--,6.7,7,6.3,6.7,7.8,5.3,6.8,Nehru College of Engineering and Research Centre,EXACT,False
SCMS School of Technology and Management,Kerala,Management,"3,60,000",--,7.8,7.9,7.7,8.4,7.5,8.3,7.2,SCMS School of Technology and Management,EXACT,False
"Lead College of Management, Palakkad",Kerala,Management,"7,00,000",--,7.6,7.3,7.6,7.8,7.4,7.9,7.8,"Lead College of Management, Palakkad",EXACT,False
Farook Institute of Management Studies,Kerala,Management,"1,70,000",--,8.9,9,9,9,9.1,8.1,8.9,Farook Institute of Management Studies,EXACT,False
Berchmans Institute of Management Studies,Kerala,Management,"2,85,000",--,7.6,7.3,7,8,8.8,6.8,7.5,Berchmans Institute of Management Studies,EXACT,False
Holy Grace Academy of Management Studies,Kerala,Management,"1,28,000",--,8.5,8.7,8.3,8.3,8.5,8.2,9,Holy Grace Academy of Management Studies,EXACT,False
"MES College Marampally, Aluva",Kerala,Management,--,--,8.8,8.9,8.4,9.1,9.3,8,9,"MES College Marampally, Aluva",EXACT,False
"Jain University, Kochi",Kerala,Management,--,--,8.7,8.6,8.1,9.1,8.7,8.8,8.9,"Jain University, Kochi",EXACT,False
Rajagiri Business School,Kerala,Management,"12,30,500","3,25,000",8.2,8.4,7.4,8.1,8.9,7.5,9,Rajagiri Business School,EXACT,False
"Albertian Institute of Management- [AIM], Cochin",Kerala,Management,"1,90,376",--,8,8,6.5,8.8,8.8,7.8,8.2,Albertian Institute of Management- [AIM],EXACT,False
Yuvakshetra Institute of Management Studies,Kerala,Management,"96,000",--,6.9,7.7,5.8,6.8,8,6.5,6.7,Yuvakshetra Institute of Management Studies,EXACT,False
"IIKM Business School, Calicut",Kerala,Management,"90,000","3,85,000",8.2,7.7,8,8,8.7,8.7,8,"IIKM Business School, Calicut",EXACT,False
"Naipunnya School of Management, Cherthala",Kerala,Management,"18,000",--,7.5,7.4,6.8,8.1,7.8,7.6,7.3,Naipunnya School of Management,EXACT,False
State Institute of Hospitality Management,Kerala,Management,"30,000","30,000",7.8,8.5,6.8,8,7.3,8.8,7.3,State Institute of Hospitality Management,EXACT,False
Kochi Business School,Kerala,Management,"3,20,000","2,50,000",7.7,7.7,7.3,7.8,7.5,7.9,7.9,Kochi Business School,EXACT,False
Amrita School of Business,Kerala,Management,"6,60,000",--,9.4,9.7,9,--,--,--,--,Amrita School of Business,EXACT,False
Mar Athanasios College for Advanced Studies Tiruvalla,Kerala,Management,"96,600",--,8.7,9.3,9.3,8.6,8.8,8,8.4,Mar Athanasios College for Advanced Studies Tiruvalla,EXACT,False
Amity Global Business School,Kerala,Management,"1,61,000","2,99,000",8.6,9,7.5,8.8,8.6,8.6,9.2,Amity Global Business School,EXACT,False
Bhavan's Royal Institute of Management,Kerala,Management,"1,63,000",--,7.7,8,7.5,7.4,6.7,7.9,8.4,Bhavan's Royal Institute of Management,EXACT,False
"Don Bosco College Sulthan Bathery, Wayanad",Kerala,Management,"38,600","45,000",7.9,8.3,6.8,8.5,8.3,6.8,8.5,Don Bosco College Sulthan Bathery,EXACT,False
Girideepam Institute of Advanced Learning,Kerala,Management,"89,000",--,7.2,8.4,5.4,8.6,7,6.6,7.3,Girideepam Institute of Advanced Learning,EXACT,False
Indian School of Business Management and Administration,Kerala,Management,"14,900","95,900",9.2,9.7,9.7,9.3,9.3,9,8.3,Indian School of Business Management and Administration,EXACT,False
Indian Institute of Management,Rajasthan,Management,"18,50,000","13,00,000",9,8.9,8.9,9.1,9,8.9,9,Indian Institute of Management,EXACT,False
"Jaipuria Institute of Management, Jaipur",Rajasthan,Management,"4,40,000",--,7.8,8.1,6.7,8,7.7,8.1,8,"Jaipuria Institute of Management, Jaipur",EXACT,False
Birla Institute of Technology and Science,Rajasthan,Management,"4,23,975","86,825",8.9,8.8,8.2,8.8,9,9,9.3,Birla Institute of Technology and Science,EXACT,False
Institute of Rural Management,Rajasthan,Management,"3,70,000",--,5.3,6,3.8,5.5,3.8,6.3,6.3,Institute of Rural Management,EXACT,False
International School of Informatics and Management,Rajasthan,Management,"32,000",--,7.8,8.3,7,8.2,7.1,7.9,8.1,International School of Informatics and Management,EXACT,False
Institute of Agri Business Management,Rajasthan,Management,"1,71,960",--,7.8,8.3,7.8,8.3,8.3,6.8,7.5,Institute of Agri Business Management,EXACT,False
"Jagannath University, Jaipur",Rajasthan,Management,"75,000","1,55,000",7.3,7.1,6.7,7.9,7.7,6.9,7.4,"Jagannath University, Jaipur",EXACT,False
"Jaipur National University, School of Business &",Rajasthan,Management,"68,700","2,50,000",8.1,8.4,8,9,7.4,7.6,8.3,Jaipur National University,EXACT,False
"Poddar Management and Technical Campus, Jaipur",Rajasthan,Management,"2,00,000",--,8.5,--,--,--,--,--,--,Poddar Management and Technical Campus,EXACT,False
JECRC University,Rajasthan,Management,"1,20,000","1,25,000",8.1,8.1,7.4,8.2,8.2,8.1,8.7,JECRC University,EXACT,False
Jagan Institute of Management Studies,Rajasthan,Management,"5,95,000",--,8.4,7.9,8.2,8.6,8.5,8.5,8.6,Jagan Institute of Management Studies,EXACT,False
"Amity University, Jaipur",Rajasthan,Management,"3,34,000","22,40,000",8,7.8,7.6,7.8,8.9,7.4,8.7,"Amity University, Jaipur",EXACT,False
University of Rajasthan,Rajasthan,Management,"5,440","23,300",7.6,8.1,7.1,8.1,7.9,6.5,7.8,University of Rajasthan,EXACT,False
Taxila Business School,Rajasthan,Management,"4,55,000","1,60,000",8.3,8.6,7.6,9,7.8,8.6,8.1,Taxila Business School,EXACT,False
"Singhania University, Jhunjhunu",Rajasthan,Management,"42,000","22,000",7.1,7.1,6.7,7.1,7.1,7,7.3,"Singhania University, Jhunjhunu",EXACT,False
Jaipur National University,Rajasthan,Management,"1,80,500","1,32,000",7.5,7.9,7,7.7,7.8,6.7,7.6,Jaipur National University,EXACT,False
Manipal University,Rajasthan,Management,"4,07,000","1,53,000",8.4,8.2,8.3,8.2,9.2,7.7,9,Manipal University,EXACT,False
SunRise University,Rajasthan,Management,"24,200","62,200",8.1,8.1,7.3,8.7,8.1,7.9,8.4,SunRise University,EXACT,False
"OPJS University, Churu",Rajasthan,Management,"93,800","36,200",7.2,7.1,7.6,7.6,7.7,6.3,6.8,"OPJS University, Churu",EXACT,False
"Banasthali Vidyapith, Jaipur",Rajasthan,Management,"1,63,500","1,61,500",8.5,8.8,8.2,8.9,8.6,7.9,8.8,"Banasthali Vidyapith, Jaipur",EXACT,False
Suresh Gyan Vihar University,Rajasthan,Management,"80,000","2,00,000",7.5,7.8,6.7,7.5,8.8,6.3,8,Suresh Gyan Vihar University,EXACT,False
IIS (Deemed to be University),Rajasthan,Management,"4,77,300","99,300",8.3,8.6,8.5,8.6,8,7.9,8.4,IIS (Deemed to be University),EXACT,False
Madhav University,Rajasthan,Management,"60,000","60,000",7.8,7.9,7.5,8.2,7.9,7.3,7.8,Madhav University,EXACT,False
"Tantia University, Sriganganagar",Rajasthan,Management,"40,000","75,000",8.6,8.8,8.4,9.3,8.8,7.1,9.1,"Tantia University, Sriganganagar",EXACT,False
"Pacific University, Udaipur",Rajasthan,Management,"42,500","50,000",7.7,7.8,7.3,8.1,7.8,7.2,8,"Pacific University, Udaipur",EXACT,False
Management Development Institute,Haryana,Management,"23,58,000","3,19,668",9,8.8,8.9,9,9.1,9.2,8.8,Management Development Institute,EXACT,False
Indian Institute of Management,Haryana,Management,"5,05,000","1,30,000",8.5,8.7,8.6,8.4,8.4,8.6,8.2,Indian Institute of Management,EXACT,False
"University Business School, Panjab University",Haryana,Management,"25,660",--,8.3,8.1,8.4,8.4,7.9,8.1,8.7,University Business School,EXACT,False
"University School of Business, Chandigarh University",Haryana,Management,"1,05,000","1,95,000",9.1,9.1,8.8,9.1,9.2,9.3,8.9,University School of Business,EXACT,False
"IILM Institute for Business & Management [IILM-IBM],",Haryana,Management,"1,15,000","1,15,000",6.5,6.4,5.7,6.3,6.3,7.3,6.8,IILM Institute for Business & Management [IILM-IBM],EXACT,False
"O.P. Jindal Global University, Jindal Global Business",Haryana,Management,"4,50,000","5,50,000",9.3,9.1,9.3,9.1,9.3,9.1,9.8,O.P. Jindal Global University,EXACT,False
"Faculty of Management Studies, Manav Rachna International",Haryana,Management,"2,98,500","1,65,000",8.7,--,--,9,--,8,9,Faculty of Management Studies,EXACT,False
JK Business School,Haryana,Management,"93,000","3,58,900",8.2,8.2,8.3,8.2,8.4,7.6,8.4,JK Business School,EXACT,False
Manav Rachna International Institute of Research and,Haryana,Management,"2,98,500","1,61,000",7.5,7.4,7.3,7.5,8.3,6.6,7.6,Manav Rachna International Institute of Research and,EXACT,False
"IBMR Business School, Gurgaon",Haryana,Management,"2,97,000","5,75,000",8,8.3,7.8,8.2,7.8,8,7.8,"IBMR Business School, Gurgaon",EXACT,False
Tilak Raj Chadha Institute of Management &,Haryana,Management,"40,540","76,900",8.1,8.3,7.2,8.8,7.2,8.5,8.8,Tilak Raj Chadha Institute of Management &,EXACT,False
Amity Business School,Haryana,Management,"30,000",--,7.5,7.4,7.4,7.7,8,6.9,7.3,Amity Business School,EXACT,False
"SRM University Delhi NCR, Sonepat",Haryana,Management,"1,72,500","2,86,000",7.8,8,7.5,7.9,8.1,7.6,7.9,"SRM University Delhi NCR, Sonepat",EXACT,False
"Gurugram University, Gurgaon",Haryana,Management,"40,000","40,000",8.2,8.6,7.4,8.4,8.6,8,8.1,"Gurugram University, Gurgaon",EXACT,False
"Great Learning, Gurgaon",Haryana,Management,"2,25,000","3,00,000",7.7,7.5,6,8.6,8,8.4,7.8,"Great Learning, Gurgaon",EXACT,False
"PDM University, Bahadurgarh, Bahadurgarh",Haryana,Management,"81,700","1,35,000",7.4,7.1,7.6,7.4,7.5,7.1,7.7,"PDM University, Bahadurgarh, Bahadurgarh",EXACT,False
BML Munjal University,Haryana,Management,"5,25,000","2,72,000",8.1,8,8,7.9,8.5,7.8,8.3,BML Munjal University,EXACT,False
"Amity University, Gurgaon",Haryana,Management,"4,32,000","2,48,000",7.7,7.8,7.1,7.6,8.6,7.1,8.1,"Amity University, Gurgaon",EXACT,False
O. P. Jindal Global University,Haryana,Management,"5,50,000","1,20,000",8.3,8.4,8.2,8.3,8.8,7.5,8.7,O. P. Jindal Global University,EXACT,False
"IILM University, Gurgaon",Haryana,Management,"7,50,000","3,30,000",8.4,8.2,7.4,8.5,8.6,8.6,8.8,"IILM University, Gurgaon",EXACT,False
ICFAI Business School,Haryana,Management,"4,00,500",--,7.6,8.2,6.5,8.1,7.2,7.8,8,ICFAI Business School,EXACT,False
"Starex University, Gurgaon",Haryana,Management,"1,00,000","65,000",8.8,9.1,9.1,8.7,8.6,8.5,8.7,"Starex University, Gurgaon",EXACT,False
Great Lakes Institute of Management,Haryana,Management,"14,01,000","14,01,000",8.5,8.7,8.2,8.5,8.8,8.6,8.4,Great Lakes Institute of Management,EXACT,False
Modern Vidya Niketan,Haryana,Management,"90,000","95,000",7,7.2,6.4,7.7,7,6.8,6.8,Modern Vidya Niketan,EXACT,False
National Institute of Financial Management,Haryana,Management,"15,00,000",--,8.8,9.3,9,8.7,8.1,8.1,9.4,National Institute of Financial Management,EXACT,False
Manav Rachna University,Haryana,Management,"1,64,500","1,30,000",7.8,7.6,7.5,7.7,8.8,7.3,7.9,Manav Rachna University,EXACT,False
"Sushant University / Ansal University, Gurgaon",Haryana,Management,"1,45,000","3,98,000",7.8,8,8,7.9,8.4,7,7.5,Sushant University / Ansal University,EXACT,False
"NIILM University, Kaithal",Haryana,Management,"2,40,000","40,000",8.1,8.6,7.9,8.5,7.9,7.8,8.1,"NIILM University, Kaithal",EXACT,False
Indian Institute of Management,Gujarat,Management,"28,00,000","10,00,000",9,8.9,8.9,9.1,9,9.2,8.6,Indian Institute of Management,EXACT,False
"Institute of Management, Nirma university, Ahmedabad",Gujarat,Management,"5,02,000","58,500",8.6,8.3,8.5,8.8,9,8.3,8.7,Institute of Management,EXACT,False
Institute of Rural Management,Gujarat,Management,"8,60,000","5,83,400",8.9,8.9,8.8,9,9,8.9,8.9,Institute of Rural Management,EXACT,False
ITM Vocational University,Gujarat,Management,"62,000","57,000",7.8,8.7,7.4,8,7.5,7.1,7.9,ITM Vocational University,EXACT,False
Maharaja Sayajirao University of Baroda,Gujarat,Management,"23,100","21,660",7.9,8.3,7,8.4,8,7.2,8.4,Maharaja Sayajirao University of Baroda,EXACT,False
S. V. Institute of Management,Gujarat,Management,"97,000",--,7.8,8.2,7.3,8.6,7.6,7.2,8.1,S. V. Institute of Management,EXACT,False
Sardar Patel University,Gujarat,Management,"68,140","12,500",7.8,8.6,7,8.5,7.7,7.3,7.8,Sardar Patel University,EXACT,False
Nirma University,Gujarat,Management,"5,02,000","97,200",8.4,8.6,8,8.4,9.1,8.1,8.2,Nirma University,EXACT,False
Pandit Deendayal Petroleum University [PDPU] / (Energy,Gujarat,Management,"2,49,000","4,19,000",8.6,8.3,8.3,8.1,9.4,8.1,9.4,Pandit Deendayal Petroleum University [PDPU] / (Energy,EXACT,False
"CEPT University, Ahmedabad",Gujarat,Management,"3,78,000",--,8.2,8.6,7.7,8.4,8.3,8.1,8,"CEPT University, Ahmedabad",EXACT,False
Ganpat University,Gujarat,Management,"95,000","60,000",8.1,8.2,7.2,8.1,8.5,7.8,8.6,Ganpat University,EXACT,False
"Indus University, Ahmedabad",Gujarat,Management,"85,000","65,500",7.5,7.9,7,7.7,7.8,6.8,7.9,"Indus University, Ahmedabad",EXACT,False
Marwadi University,Gujarat,Management,"67,000","1,20,000",8.3,8.2,8.3,8.2,9.1,7.7,8.2,Marwadi University,EXACT,False
MICA,Gujarat,Management,"21,00,000","70,000",9,8.8,9,9,9.1,8.8,9.1,MICA,EXACT,False
Navrachana University,Gujarat,Management,"1,14,000","1,10,000",7.7,7.7,7.4,8.2,8,7.2,7.8,Navrachana University,EXACT,False
"GLS University, Ahmedabad",Gujarat,Management,"1,22,000","50,000",7.9,8,6.9,8.5,8.1,7.6,8.5,"GLS University, Ahmedabad",EXACT,False
Karnavati University,Gujarat,Management,"1,80,000","1,44,000",8.9,8.6,8.2,9.3,9.4,8.6,9.3,Karnavati University,EXACT,False
Children's University,Gujarat,Management,"1,500",--,8.1,8.3,7.7,8.8,7.7,7.4,8.5,Children's University,EXACT,False
Indian School of Business Management and Administration,Gujarat,Management,"14,900","69,900",8,8.8,7.6,8.1,8,7.9,7.8,Indian School of Business Management and Administration,EXACT,False
"Uka Tarsadia University, Bardoli",Gujarat,Management,"81,000","67,000",8.1,7.8,7.9,8.2,9.4,6.9,8.3,"Uka Tarsadia University, Bardoli",EXACT,False
"GSFC University, Vadodara",Gujarat,Management,"86,000",--,8.1,8.8,6.4,8.7,8.5,7.9,8.4,"GSFC University, Vadodara",EXACT,False
"Auro University, Surat",Gujarat,Management,"2,90,000","2,70,000",8.3,8.2,8.5,8.6,8.7,7.2,8.6,"Auro University, Surat",EXACT,False
RK University,Gujarat,Management,"89,500","61,000",8.5,9,7.9,8.6,9,7.8,8.5,RK University,EXACT,False
"Sumandeep Vidyapeeth, Vadodara",Gujarat,Management,"70,200","80,000",7.8,8,7,8.2,8,7.5,8,"Sumandeep Vidyapeeth, Vadodara",EXACT,False
"Atmiya University, Rajkot",Gujarat,Management,"92,650","21,300",8.1,8.8,7.5,8.6,8.4,7.4,7.9,"Atmiya University, Rajkot",EXACT,False
"Ahmedabad Management Association, Ahmedabad",Gujarat,Management,"40,000","40,000",8.6,9.2,8.3,8.8,8.6,8.1,8.3,Ahmedabad Management Association,EXACT,False
"B K School of Business Management, Ahmedabad",Gujarat,Management,"15,000","10,000",7.9,8.3,6.8,8.2,7.4,8.3,8.1,B K School of Business Management,EXACT,False
"C. U. Shah University, Wadhwan",Gujarat,Management,"22,100","58,500",7.7,7.6,7,8.2,7.8,7.4,7.9,"C. U. Shah University, Wadhwan",EXACT,False
"P.P. Savani University, Surat",Gujarat,Management,"78,500","1,98,500",9.3,9.4,8.9,9.5,9.6,8.7,9.4,"P.P. Savani University, Surat",EXACT,False
"University Business School, Panjab University",Punjab,Management,"25,660",--,8.3,8.1,8.4,8.4,7.9,8.1,8.7,University Business School,EXACT,False
"University School of Business, Chandigarh University",Punjab,Management,"1,05,000","1,95,000",9.1,9.1,8.8,9.1,9.2,9.3,8.9,University School of Business,EXACT,False
"Chitkara University, Chitkara Business School",Punjab,Management,"2,12,000","2,83,000",8.5,8.9,7.4,8.5,9.1,8.5,8.6,Chitkara University,EXACT,False
"PCTE Group of Institutes, Ludhiana",Punjab,Management,"55,550","97,350",7.7,8,7.2,8,8,6.8,8.3,"PCTE Group of Institutes, Ludhiana",EXACT,False
Chandigarh Business School of Administration,Punjab,Management,"49,900","92,000",8,8,7.4,8.1,8,8.4,8.3,Chandigarh Business School of Administration,EXACT,False
Baba Farid College of Management and Technology,Punjab,Management,"1,08,700",--,8.3,8.4,8.3,8.4,8.3,7.9,8.4,Baba Farid College of Management and Technology,EXACT,False
Chitkara University,Punjab,Management,"5,66,000","3,50,000",8.5,8.4,7.7,8.5,8.9,8.7,8.7,Chitkara University,EXACT,False
Indian Institute of Management,Punjab,Management,"6,00,000","9,50,000",9,8.8,9.1,9.1,8.9,9.1,8.7,Indian Institute of Management,EXACT,False
"RIMT University, Gobindgarh",Punjab,Management,"1,50,000","57,000",7.6,7.9,7.3,7.8,8,6.7,7.8,"RIMT University, Gobindgarh",EXACT,False
"Guru Kashi University, Bathinda",Punjab,Management,"62,580","24,580",7.5,7.4,7.2,8,7.2,7.2,7.8,"Guru Kashi University, Bathinda",EXACT,False
"Rayat Bahra University, Mohali",Punjab,Management,"50,000","1,10,000",7.7,7.8,7.4,8,7.7,7.4,7.6,"Rayat Bahra University, Mohali",EXACT,False
"DAV University, Jalandhar",Punjab,Management,"87,500","1,45,000",7.9,8.4,7,8.4,7,8,8.5,"DAV University, Jalandhar",EXACT,False
"GNA University, Phagwara",Punjab,Management,"54,000","1,67,400",7.7,8,7.6,7.9,7.8,7.2,7.7,"GNA University, Phagwara",EXACT,False
Indian School of Business,Punjab,Management,"10,20,000","47,60,000",8.9,9,8.9,9,8.9,8.6,8.7,Indian School of Business,EXACT,False
"Adesh University, Bathinda",Punjab,Management,"90,000","1,37,500",8.6,8.8,8.8,8.5,9,8.3,8.3,"Adesh University, Bathinda",EXACT,False
Sant Baba Bhag Singh University,Punjab,Management,"82,500","44,000",8.5,9,8.2,8.6,8,8.5,8.6,Sant Baba Bhag Singh University,EXACT,False
Sri Guru Granth Sahib World University,Punjab,Management,"1,04,000","42,000",8.8,8.6,9,9,9.1,8.4,8.7,Sri Guru Granth Sahib World University,EXACT,False
"Sri Aurobindo College of Commerce and Management,",Punjab,Management,"77,000",--,7.1,8.9,6.8,8.8,6.9,3.7,7.3,Sri Aurobindo College of Commerce and Management,EXACT,False
LM Thapar School of Management,Punjab,Management,"4,15,860","4,80,000",7.9,7.7,8.1,8,7.9,7.7,7.8,LM Thapar School of Management,EXACT,False
Global Institute of Management,Punjab,Management,"46,850","80,750",--,--,--,--,--,--,--,Global Institute of Management,EXACT,False
Malout Institute of Management and Information Technology,Punjab,Management,"44,950","90,549",7.7,8,7.8,7.4,8.3,6.4,8,Malout Institute of Management and Information Technology,EXACT,False
Punjab College of Technical Education,Punjab,Management,"51,250","96,650",8,7.7,8.1,7.9,8.3,7.1,8.8,Punjab College of Technical Education,EXACT,False
Global Institute of Management and Emerging Technologies,Punjab,Management,--,--,7.4,7.6,7,7.7,8.4,6.3,7.3,Global Institute of Management and Emerging Technologies,EXACT,False
"UEI Global, Ludhiana",Punjab,Management,"1,10,000","35,000",8.4,8.2,8.2,8.3,8.3,9,8.5,"UEI Global, Ludhiana",EXACT,False
Rayat Institute of Management,Punjab,Management,"46,850","80,750",9.3,--,--,--,--,--,--,Rayat Institute of Management,EXACT,False
Synetic Business School,Punjab,Management,"46,250","90,000",7.4,6.3,--,--,7.7,8.3,--,Synetic Business School,EXACT,False
Cordia Institutes of Hospitality and Tourism Management,Punjab,Management,"62,850",--,--,--,--,--,--,--,--,Cordia Institutes of Hospitality and Tourism Management,EXACT,False
Cordia Business School,Punjab,Management,"35,000","85,000",--,--,--,--,--,--,--,Cordia Business School,EXACT,False
Indian Institute of Management,West Bengal,Management,"27,00,000","2,68,000",8.9,8.9,8.8,9,8.8,9.1,8.5,Indian Institute of Management,EXACT,False
Vinod Gupta School of Management,West Bengal,Management,"6,00,000","10,000",8.9,9,8.7,8.8,9.1,8.7,9.1,Vinod Gupta School of Management,EXACT,False
"International Management Institute- [IMI], Kolkata",West Bengal,Management,"6,27,950","1,02,000",8.6,8.8,8.4,8.7,8.9,8.6,8.3,International Management Institute- [IMI],EXACT,False
Indian Institute of Social Welfare and Business,West Bengal,Management,"2,55,000","35,000",7.7,8.6,6.5,8.3,6.9,8,8,Indian Institute of Social Welfare and Business,EXACT,False
Calcutta Business School,West Bengal,Management,"3,50,000",--,8.5,8.4,8.6,8.4,8.4,8.8,8.5,Calcutta Business School,EXACT,False
Eastern Institute for Integrated Learning In Management,West Bengal,Management,"2,70,000","6,50,000",7.5,7.6,6.6,7.5,7.4,8.1,7.6,Eastern Institute for Integrated Learning In Management,EXACT,False
ICFAI Business School,West Bengal,Management,"4,00,500",--,8.8,9.2,8.2,9.2,8.5,8.9,8.9,ICFAI Business School,EXACT,False
Institute of Engineering and Management,West Bengal,Management,"3,20,000","1,15,000",7.5,8.2,6.5,8,6.7,8.4,7.2,Institute of Engineering and Management,EXACT,False
Bhartiya Vidya Bhavan Institute of Management Science,West Bengal,Management,"1,06,000","5,51,000",8,8.5,6.8,8.8,8.2,7.4,8.3,Bhartiya Vidya Bhavan Institute of Management Science,EXACT,False
Institute of Management Study,West Bengal,Management,"55,000","2,60,000",7.3,7.8,6.4,7.7,7.6,7.3,6.8,Institute of Management Study,EXACT,False
"Amity University, Kolkata",West Bengal,Management,"80,000","1,90,000",8.2,8.1,7.7,8.4,8.8,7.4,8.5,"Amity University, Kolkata",EXACT,False
"Techno India University, Kolkata",West Bengal,Management,--,--,8,8.2,7.4,8.2,8.1,7.8,8.4,"Techno India University, Kolkata",EXACT,False
"Adamas University, Kolkata",West Bengal,Management,"82,000","2,51,400",8.2,8.3,7.5,8.5,9,7.8,7.8,"Adamas University, Kolkata",EXACT,False
"Brainware University, Kolkata",West Bengal,Management,"3,37,200","1,00,000",7.9,8.3,7.6,7.9,8.2,7.8,7.3,"Brainware University, Kolkata",EXACT,False
Sister Nivedita University,West Bengal,Management,"1,19,000","3,51,000",8.2,8.2,7.6,8.9,7.9,7.8,8.7,Sister Nivedita University,EXACT,False
St. Xavier's University,West Bengal,Management,"5,55,000","1,32,000",8.4,8.7,8,8.3,8.9,7.8,8.4,St. Xavier's University,EXACT,False
Management Development Institute,West Bengal,Management,"4,41,000",--,8.4,8.3,8.7,8.4,8.2,7.9,8.6,Management Development Institute,EXACT,False
"Praxis Business School, Kolkata",West Bengal,Management,"3,89,000",--,8.6,9.3,8,9,8.3,8.7,8,"Praxis Business School, Kolkata",EXACT,False
The Neotia University,West Bengal,Management,"98,000","1,06,000",8.2,8.7,7.5,8.5,8.2,7.8,8.6,The Neotia University,EXACT,False
"Goenka College of Commerce and Business Administration,",West Bengal,Management,--,--,7.8,8.9,6.1,8.6,7.5,7.5,8.1,Goenka College of Commerce and Business Administration,EXACT,False
Indian Institute of Foreign Trade,West Bengal,Management,"4,00,000","75,000",9,9.2,8.7,9.2,8.9,9.2,8.9,Indian Institute of Foreign Trade,EXACT,False
Globsyn Business School,West Bengal,Management,"7,95,000","14,000",8.1,8.4,7.7,8.1,8.1,8,8,Globsyn Business School,EXACT,False
Seacom Skills University,West Bengal,Management,"1,10,000","60,000",7.5,8.4,6.4,8.9,7.4,6.7,7.3,Seacom Skills University,EXACT,False
Army Institute of Management,West Bengal,Management,"4,26,144",--,8.9,8.7,9,8.8,8.5,9,9.1,Army Institute of Management,EXACT,False
Bengal Institute of Business Studies,West Bengal,Management,"3,66,400",--,7.3,7.3,6.6,7.9,7.1,7.7,7.1,Bengal Institute of Business Studies,EXACT,False
Indian Maritime University,West Bengal,Management,"2,00,000",--,8.1,8.4,7.8,8.4,7.6,8.2,8.3,Indian Maritime University,EXACT,False
The Heritage Academy,West Bengal,Management,"1,26,850",--,8.3,8.8,7.9,8.6,8.8,6.7,8.7,The Heritage Academy,EXACT,False
National Institute of Management,West Bengal,Management,"1,14,000","82,000",8.5,8.4,7.4,8.8,8.7,8.7,8.9,National Institute of Management,EXACT,False
"Inspiria Knowledge Campus, Siliguri",West Bengal,Management,"1,25,000",--,8.1,8.1,7.4,8.4,8.6,8,8.2,"Inspiria Knowledge Campus, Siliguri",EXACT,False
International School of Hospitality Management,West Bengal,Management,"2,42,000",--,8.8,8.6,8.6,9,8.7,8.9,9.2,International School of Hospitality Management,EXACT,False
KIIT School of Management,Odisha,Management,"2,80,000","4,60,000",8.7,8.9,8.5,8.7,9.4,8.2,8.2,KIIT School of Management,EXACT,False
Xavier University,Odisha,Management,"8,60,000","1,67,000",8.2,8.7,7.8,8.4,9.2,6.8,8.4,Xavier University,EXACT,False
International Management Institute,Odisha,Management,"2,55,000","6,00,000",9.2,9.2,9,9.3,9.4,9,9.1,International Management Institute,EXACT,False
Institute of Management and Information Science,Odisha,Management,"2,58,000",--,8.2,8.7,8.3,8.5,7.8,8,7.8,Institute of Management and Information Science,EXACT,False
Gandhi Institute of Management Studies,Odisha,Management,"1,46,000",--,6.4,7,5.5,6.6,7.9,5,6.5,Gandhi Institute of Management Studies,EXACT,False
GITA Autonomous College,Odisha,Management,"75,000",--,8.7,9,8.3,8.9,8.8,8.3,8.6,GITA Autonomous College,EXACT,False
"Astha School of Management, Bhubaneswar",Odisha,Management,"1,60,000",--,9,9.1,8.6,9.3,9.4,8.6,9.1,"Astha School of Management, Bhubaneswar",EXACT,False
Xavier Institute of Management,Odisha,Management,"10,80,000","15,50,000",8.2,8.3,7.9,8.5,8.3,7.9,8.4,Xavier Institute of Management,EXACT,False
Kalinga Institute of Industrial Technology,Odisha,Management,"3,59,000","2,25,000",8.6,8.4,8.1,8.2,9.2,8.6,9,Kalinga Institute of Industrial Technology,EXACT,False
Centurion University of Technology and Management,Odisha,Management,"1,00,000","50,000",8.1,8.3,7.6,8.5,8.4,7.4,8.5,Centurion University of Technology and Management,EXACT,False
KIIT School of Rural Management,Odisha,Management,"7,59,000",--,9.1,9.5,8.9,9.2,9.2,9,8.6,KIIT School of Rural Management,EXACT,False
Sri Sri University,Odisha,Management,"3,51,890","1,21,890",7.1,7.3,6.7,7,7.3,6.3,8.2,Sri Sri University,EXACT,False
"Khallikote University -[KUB], Berhampur",Odisha,Management,"24,700",--,8.6,8.6,8.1,8.7,9,8.2,8.7,"Khallikote University -[KUB], Berhampur",EXACT,False
Indian Institute of Management,Odisha,Management,"13,03,000","9,00,000",8.8,8.8,8.7,9,8.8,9.1,8.5,Indian Institute of Management,EXACT,False
Birla Global University,Odisha,Management,"1,60,000","1,20,000",8.3,8.8,8.1,7.8,8.8,8.1,8.4,Birla Global University,EXACT,False
Siksha 'O' Anusandhan University,Odisha,Management,"3,00,000","1,00,000",8.3,8.6,7.6,8.3,8.7,8,8.5,Siksha 'O' Anusandhan University,EXACT,False
"Srusti Academy of Management, Bhubaneswar",Odisha,Management,"48,450","1,36,950",8.1,8.3,7.7,8.6,8.2,7.3,8.3,Srusti Academy of Management,EXACT,False
Rourkela Institute of Management Studies,Odisha,Management,"47,500","1,12,000",9,9.2,8.8,9.7,9.5,8.3,8.6,Rourkela Institute of Management Studies,EXACT,False
Indian Institute of Tourism and Travel Management,Odisha,Management,"1,08,850","1,88,600",8.7,9.8,7.3,9.7,9.3,8.5,7.3,Indian Institute of Tourism and Travel Management,EXACT,False
Amity Global Business School,Odisha,Management,"1,18,000","2,30,000",8.7,9.3,8.3,9,8.6,8.4,8.8,Amity Global Business School,EXACT,False
NIIS Institute of Information Science & Management,Odisha,Management,"1,55,000","1,15,000",9,9.2,8.7,9.2,9.2,9,8.7,NIIS Institute of Information Science & Management,EXACT,False
"NIIS Institute of Business Administration, Bhubaneswar",Odisha,Management,"1,10,000",--,7.4,7.8,7.5,7.8,7,7.8,6.3,NIIS Institute of Business Administration,EXACT,False
United School of Business Management,Odisha,Management,"1,14,000",--,8.6,9,8,9,8.3,8.3,9,United School of Business Management,EXACT,False
Madhusudan Institute of Cooperative Management,Odisha,Management,"51,000",--,5.5,7,6.5,8,4,3.5,4,Madhusudan Institute of Cooperative Management,EXACT,False
DAV School of Business Management,Odisha,Management,"80,000",--,7.8,8.4,7.1,8.6,7.9,6.1,8.5,DAV School of Business Management,EXACT,False
Attitude Business School,Odisha,Management,"3,00,000",--,--,--,--,--,--,--,--,Attitude Business School,EXACT,False
Institute of Professional Studies and Research,Odisha,Management,"65,000","95,000",7.4,7.9,7.6,8.5,7.1,6,7.5,Institute of Professional Studies and Research,EXACT,False
College of IT & Management Education,Odisha,Management,"1,03,500",--,8.1,9.6,5.2,9.6,8.6,7.2,8.2,College of IT & Management Education,EXACT,False
"Department of Management Studies, Indian Institute of",Uttarakhand,Management,"4,09,680","14,680",8.9,8.9,8.7,8.9,9.3,9.1,8.4,Department of Management Studies,EXACT,False
Indian Institute of Management,Uttarakhand,Management,"7,82,500","9,50,000",8.7,8.6,8.7,8.9,8.9,8.5,8.3,Indian Institute of Management,EXACT,False
University of Petroleum and Energy Studies,Uttarakhand,Management,"8,41,500","13,34,000",8.1,8.1,7.8,7.9,8.6,7.7,8.2,University of Petroleum and Energy Studies,EXACT,False
IMS Unison University,Uttarakhand,Management,"2,72,726","1,79,200",8.2,8.2,8,8.5,8.5,7.5,8.2,IMS Unison University,EXACT,False
Doon Business School,Uttarakhand,Management,"2,53,000","1,81,500",7.6,8,7,8.1,7.4,7.4,7.7,Doon Business School,EXACT,False
Roorkee Institute of Technology,Uttarakhand,Management,"1,22,000",--,8.5,8.5,8.5,8.6,8.7,8.4,8.5,Roorkee Institute of Technology,EXACT,False
ICFAI Business School,Uttarakhand,Management,"2,68,500",--,8.9,9,8.8,9.1,8.6,8.7,9,ICFAI Business School,EXACT,False
"Uttaranchal Institute of Management, Dehradun",Uttarakhand,Management,"82,000","1,48,000",6.8,6.8,5.5,6.8,7.8,5.5,8.3,Uttaranchal Institute of Management,EXACT,False
"Doon University, Dehradun",Uttarakhand,Management,"81,750","47,750",7.2,7.3,7,7.3,7.9,6.3,7.6,"Doon University, Dehradun",EXACT,False
"Uttaranchal University, Dehradun",Uttarakhand,Management,"1,79,200","1,55,000",7.5,7.8,6.8,7.7,8.6,6.5,7.5,"Uttaranchal University, Dehradun",EXACT,False
Graphic Era University,Uttarakhand,Management,"2,71,000","1,36,300",8.3,8.2,7.9,8.4,8.6,8.1,8.4,Graphic Era University,EXACT,False
Graphic Era Hill University,Uttarakhand,Management,"2,67,000","1,42,800",8.1,7.9,7.8,8.1,8.4,7.7,8.4,Graphic Era Hill University,EXACT,False
"ICFAI University, Dehradun",Uttarakhand,Management,"2,61,000","2,40,000",7.8,8.2,7.5,8.2,7.4,7.3,7.9,"ICFAI University, Dehradun",EXACT,False
"MotherHood University, Roorkee",Uttarakhand,Management,"1,05,000",--,8,8.3,7.9,7.6,8,8,8.3,"MotherHood University, Roorkee",EXACT,False
Himgiri Zee University,Uttarakhand,Management,"1,20,000","70,000",7.9,8.5,5.5,9,8,7.7,8.8,Himgiri Zee University,EXACT,False
Swami Rama Himalayan University,Uttarakhand,Management,"1,91,000","1,18,850",7,7.1,6.6,6.9,7.4,7.1,6.7,Swami Rama Himalayan University,EXACT,False
Shri Guru Ram Rai University,Uttarakhand,Management,"61,300","94,400",7.6,7.8,7.1,7.9,7.9,7.3,7.7,Shri Guru Ram Rai University,EXACT,False
UPES Centre for Continuing Education,Uttarakhand,Management,"72,500","36,250",7.9,8.7,8,8,8,7.3,7.3,UPES Centre for Continuing Education,EXACT,False
Academy of Management Studies,Uttarakhand,Management,"1,00,650","54,000",--,--,--,--,--,--,--,Academy of Management Studies,EXACT,False
Institute of Clinical Research,Uttarakhand,Management,"2,00,000",--,--,--,--,--,--,--,--,Institute of Clinical Research,EXACT,False
College of Agribusiness Management,Uttarakhand,Management,"5,39,328",--,7,7,6,7,8,8,6,College of Agribusiness Management,EXACT,False
"Nimbus Academy of Management- [NAM], Dehradun",Uttarakhand,Management,"50,000","1,00,000",8.4,8.4,7.8,8.8,8.4,8.2,8.7,Nimbus Academy of Management- [NAM],EXACT,False
Quantum School of Business,Uttarakhand,Management,"67,000","1,47,000",7.2,7.2,7.1,7.1,6.9,7.1,7.5,Quantum School of Business,EXACT,False
Dev Bhoomi Institute of Management Studies,Uttarakhand,Management,"79,200",--,9,9,--,--,9,9,--,Dev Bhoomi Institute of Management Studies,EXACT,False
Greenway Institute of Management Studies,Uttarakhand,Management,--,--,6.1,7,5.5,6.5,6.5,4,7,Greenway Institute of Management Studies,EXACT,False
"BRD College of Management and Sciences, Dehradun",Uttarakhand,Management,"50,000",--,--,--,--,--,--,--,--,BRD College of Management and Sciences,EXACT,False
Selaqui Institute of Management,Uttarakhand,Management,"1,43,000",--,--,--,--,--,--,--,--,Selaqui Institute of Management,EXACT,False
Himalayan School of Management Studies,Uttarakhand,Management,"1,49,400","1,86,000",8.7,--,--,--,--,--,--,Himalayan School of Management Studies,EXACT,False
"Sai Business and Media School, Dehradun",Uttarakhand,Management,"72,600","92,600",--,--,--,--,--,--,--,"Sai Business and Media School, Dehradun",EXACT,False
"Loyola College, Chennai",Tamil Nadu,Science,"16,790","85,250",8.6,8.7,8.2,8.3,8.9,8.4,8.8,"Loyola College, Chennai",EXACT,False
Madras Christian College,Tamil Nadu,Science,"24,500",--,8.6,8.5,7.9,8.6,8.7,8.4,9.2,Madras Christian College,EXACT,False
"Presidency College, Chennai",Tamil Nadu,Science,"1,270",930,8.2,8.8,7.3,8.9,8.1,7.6,8.6,"Presidency College, Chennai",EXACT,False
"Stella Maris College, Chennai",Tamil Nadu,Science,"22,895","15,000",8.2,8.8,7.5,8.6,8.4,7.6,8.5,"Stella Maris College, Chennai",EXACT,False
"PSG College of Arts and Science, Coimbatore",Tamil Nadu,Science,"7,000","10,000",8.3,8.5,7.9,8.2,8.5,8.2,8.7,PSG College of Arts and Science,EXACT,False
"PSGR Krishnammal College for Women, Coimbatore",Tamil Nadu,Science,"1,761","2,258",8.8,9.1,8.3,8.6,8.9,8.7,9,PSGR Krishnammal College for Women,EXACT,False
"Ethiraj College for Women, Chennai",Tamil Nadu,Science,"10,056",--,8.1,8.5,7.3,8.2,7.9,7.9,8.6,"Ethiraj College for Women, Chennai",EXACT,False
"Scott Christian College, Nagercoil",Tamil Nadu,Science,--,--,8.4,8.3,8,8.7,8.8,7.9,8.4,"Scott Christian College, Nagercoil",EXACT,False
Women's Christian College,Tamil Nadu,Science,"40,914","65,264",8.7,9,7.9,8.8,9.1,8.5,8.9,Women's Christian College,EXACT,False
"Government Arts College (Autonomous), Coimbatore",Tamil Nadu,Science,"1,375",935,7.7,8.8,6.7,8.5,7.4,6.3,8.6,Government Arts College (Autonomous),EXACT,False
"Thiagarajar College, Madurai",Tamil Nadu,Science,"40,170","26,555",7.5,7.9,7.1,8,7.1,7.2,7.9,"Thiagarajar College, Madurai",EXACT,False
"St. Joseph's College, Tiruchirappalli",Tamil Nadu,Science,"8,930",--,8.6,9.1,7.9,8.7,9.1,8,8.8,"St. Joseph's College, Tiruchirappalli",EXACT,False
"Queen Mary's College, Chennai",Tamil Nadu,Science,622,"1,532",7.6,7.9,6.9,8.3,6.8,7.6,8.2,"Queen Mary's College, Chennai",EXACT,False
Bishop Heber College,Tamil Nadu,Science,"33,600","91,140",8.3,8.5,7.8,8.2,8.9,8.1,8.4,Bishop Heber College,EXACT,False
Ayya Nadar Janaki Ammal College,Tamil Nadu,Science,"20,525","26,550",8,8.5,7.7,8.4,8.5,6.8,7.8,Ayya Nadar Janaki Ammal College,EXACT,False
"Kongunadu Arts and Science College, Coimbatore",Tamil Nadu,Science,"40,000","38,000",7.3,8,6.7,8.3,7.3,6.3,7,Kongunadu Arts and Science College,EXACT,False
"M.O.P. Vaishnav College for Women, Chennai",Tamil Nadu,Science,--,--,8.5,8.7,8.1,8.7,8.4,8.3,9,M.O.P. Vaishnav College for Women,EXACT,False
"CMS College of Science and Commerce, Coimbatore",Tamil Nadu,Science,"42,000",--,8.2,8.3,7.4,8.1,8.5,8,8.7,CMS College of Science and Commerce,EXACT,False
"Sri Krishna Arts and Science College, Coimbatore",Tamil Nadu,Science,"16,000",--,8.5,8.6,7.8,8.6,8.9,8.7,8.5,Sri Krishna Arts and Science College,EXACT,False
Jamal Mohamed College,Tamil Nadu,Science,"26,000","34,000",8.5,8.8,8.1,8.5,8.6,8.4,8.6,Jamal Mohamed College,EXACT,False
Sri Ramakrishna Mission Vidyalaya College of Arts,Tamil Nadu,Science,"7,300","13,270",8.6,8.8,7.7,8.9,9,8.1,8.9,Sri Ramakrishna Mission Vidyalaya College of Arts,EXACT,False
"Sri Ramakrishna College of Arts and Science,",Tamil Nadu,Science,"52,000","52,000",8.2,8.2,7.3,8.7,7.7,8.2,8.8,Sri Ramakrishna College of Arts and Science,EXACT,False
Virudhunagar Hindu Nadar's Senthikumara Nadar College,Tamil Nadu,Science,879,"1,464",8.5,9,8.3,8.4,8.8,7.9,8.6,Virudhunagar Hindu Nadar's Senthikumara Nadar College,EXACT,False
Madras School of Social Work,Tamil Nadu,Science,"51,200","75,000",8.1,9,8.2,8.2,6.7,8,8.2,Madras School of Social Work,EXACT,False
Dr. N.G.P. Arts and Science College,Tamil Nadu,Science,"1,40,000",--,7.6,7.8,7.1,7.5,8.4,7.7,7,Dr. N.G.P. Arts and Science College,EXACT,False
"Guru Nanak College, Chennai",Tamil Nadu,Science,"9,500","11,450",7.9,8.2,7.1,8,8.4,7.3,8.5,"Guru Nanak College, Chennai",EXACT,False
"Vellalar College for Women, Erode",Tamil Nadu,Science,"2,646","2,136",8.1,8.5,7.6,8.3,8.5,7.7,8.1,"Vellalar College for Women, Erode",EXACT,False
"St. Xavier's College (Autonomous), Palayamkottai",Tamil Nadu,Science,"6,465","5,356",8.4,8.3,8,8.7,8.6,7.7,8.8,St. Xavier's College (Autonomous),EXACT,False
"V. O. Chidambaram College, Thoothukkudi",Tamil Nadu,Science,"5,000","9,850",7.3,8.3,7.3,7,7.6,5.6,7.7,"V. O. Chidambaram College, Thoothukkudi",EXACT,False
"Lady Doak College, Madurai",Tamil Nadu,Science,"1,81,000","43,300",8.4,9.1,7.2,8.7,8.6,8.4,8.2,"Lady Doak College, Madurai",EXACT,False
"Fergusson College, Pune",Maharashtra,Science,"11,135","50,780",8.1,8.5,7.3,8.2,8.5,7.1,8.7,"Fergusson College, Pune",EXACT,False
"St. Xavier's College, Mumbai",Maharashtra,Science,"7,187","15,674",8.2,8.7,7.3,8.3,8.8,7.6,8.7,"St. Xavier's College, Mumbai",EXACT,False
D.G. Ruparel College of Arts Science and,Maharashtra,Science,"7,005",--,7.9,8.3,7.5,8.1,8.6,6.8,8.2,D.G. Ruparel College of Arts Science and,EXACT,False
"Mithibai College of Arts, Mumbai",Maharashtra,Science,"55,000","50,000",8.5,8.5,8.3,8.4,8.9,7.6,9,"Mithibai College of Arts, Mumbai",EXACT,False
"Ramnarain Ruia Autonomous College, Mumbai",Maharashtra,Science,"37,295","7,450",7.9,8.4,7,8,8.4,6.6,8.9,Ramnarain Ruia Autonomous College,EXACT,False
B.K Birla College Of Arts Science &,Maharashtra,Science,"28,800","10,270",7.6,8,6.5,8.1,8.1,6.6,8,B.K Birla College Of Arts Science &,EXACT,False
Jai Hind College,Maharashtra,Science,"6,130","13,602",8.5,8.5,8.3,8.5,8.4,7.8,9.2,Jai Hind College,EXACT,False
Kishinchand Chellaram College,Maharashtra,Science,"10,735","50,920",8.3,8.6,7.9,8.5,8.4,7.4,8.7,Kishinchand Chellaram College,EXACT,False
Rajiv Gandhi Institute of Information Technology and,Maharashtra,Science,"70,000","1,05,000",8.3,8.6,7.4,9.6,8.1,7.4,8.8,Rajiv Gandhi Institute of Information Technology and,EXACT,False
"Sophia College for Women, Mumbai",Maharashtra,Science,"47,340",--,8.6,9.1,8.4,9.1,9.5,6.6,9,"Sophia College for Women, Mumbai",EXACT,False
IIT Bombay,Maharashtra,Science,"38,000","2,28,000",8.9,9.3,7.9,8.7,8.9,9.1,9.2,IIT Bombay,EXACT,False
Institute of Chemical Technology,Maharashtra,Science,"55,750","64,500",8.7,9.1,8.1,8.9,8.7,8.4,9.1,Institute of Chemical Technology,EXACT,False
Savitribai Phule Pune University,Maharashtra,Science,"21,000","5,850",7.6,8.1,7.1,7.9,7.9,6.8,7.5,Savitribai Phule Pune University,EXACT,False
Dr DY Patil Vidyapeeth,Maharashtra,Science,"1,25,000",--,8.4,8.9,8.4,8.4,8.6,7.3,9,Dr DY Patil Vidyapeeth,EXACT,False
"DY Patil University, Navi Mumbai",Maharashtra,Science,"1,20,000","1,25,000",7.5,7.3,7.1,7.7,7.5,7.4,7.8,"DY Patil University, Navi Mumbai",EXACT,False
"Narsee Monjee College of Commerce and Economics,",Maharashtra,Science,"40,000",--,8.3,8.7,7.5,8.4,8.5,7.8,8.6,Narsee Monjee College of Commerce and Economics,EXACT,False
SP Jain Institute of Management and Research,Maharashtra,Science,--,--,8.7,9,8.3,9,8.8,9,8.1,SP Jain Institute of Management and Research,EXACT,False
Mahatma Phule Krishi Vidyapeeth,Maharashtra,Science,--,--,8.3,8.1,8,8.6,8.7,7.9,8.4,Mahatma Phule Krishi Vidyapeeth,EXACT,False
"Jamnalal Bajaj Institute of Management Studies -[JBIMS],",Maharashtra,Science,"3,04,000",--,8.8,9.1,8.6,9.1,8.7,9.2,8.3,Jamnalal Bajaj Institute of Management Studies -[JBIMS],EXACT,False
"RA Podar College of Commerce and Economics,",Maharashtra,Science,500,--,7.7,8.8,6.8,8.1,7.4,7.1,8.2,RA Podar College of Commerce and Economics,EXACT,False
"Government Dental College & Hospital, Aurangabad",Maharashtra,Science,--,--,7.4,9,5,8.3,6,8.3,7.7,Government Dental College & Hospital,EXACT,False
Armed Forces Medical College,Maharashtra,Science,--,--,9.7,9.4,9.7,9.7,9.6,9.9,9.9,Armed Forces Medical College,EXACT,False
Narsee Monjee Institute of Management Studies,Maharashtra,Science,"1,52,000","1,77,000",8.1,8.4,7.6,8.5,8.1,7.9,8.2,Narsee Monjee Institute of Management Studies,EXACT,False
ILS Law College,Maharashtra,Science,--,--,7.3,8,5.6,7.7,7.7,6.6,8,ILS Law College,EXACT,False
Visvesvaraya National Institute of Technology,Maharashtra,Science,"59,800","34,800",8.1,8.3,7.5,8,8.4,7.7,8.7,Visvesvaraya NIT,EXACT,False
Grant Medical College and Sir J. J.,Maharashtra,Science,--,--,8.8,8.5,8.2,8.4,9.1,9.1,9.7,Grant Medical College and Sir J. J.,EXACT,False
Seth GS Medical College,Maharashtra,Science,"67,230","67,230",8,8.8,6.7,7.6,8,8.2,8.4,Seth GS Medical College,EXACT,False
Central Institute of Fisheries Education,Maharashtra,Science,"16,700","16,700",8.9,9,9.7,8.5,9.7,8.2,8.4,Central Institute of Fisheries Education,EXACT,False
St Andrew's College of Arts Science and,Maharashtra,Science,"25,197",--,8.2,8.4,7.2,8.3,8.6,7.6,8.8,St Andrew's College of Arts Science and,EXACT,False
Modern College of Arts Science and Commerce,Maharashtra,Science,--,--,7.5,8,6.6,8.3,7.3,6.9,7.6,Modern College of Arts Science and Commerce,EXACT,False
Indian Institute of Technology,Uttar Pradesh,Science,"20,050","2,15,600",8.9,9.1,8.4,8.7,9.3,8.9,9.1,IIT,EXACT,False
Sanjay Gandhi Postgraduate Institute of Medical Sciences,Uttar Pradesh,Science,--,--,7.5,7,6.2,8.2,8.2,7.8,7.8,Sanjay Gandhi Postgraduate Institute of Medical Sciences,EXACT,False
Banaras Hindu University,Uttar Pradesh,Science,"4,400","6,720",8.3,8.7,8.1,8.4,8.8,7.2,8.6,Banaras Hindu University,EXACT,False
King George's Medical University,Uttar Pradesh,Science,"73,000",--,8.9,9.3,8.2,9.1,9.4,9.1,8.4,King George's Medical University,EXACT,False
Indian Institute of Technology,Uttar Pradesh,Science,"36,815","37,315",8.5,8.5,8.2,8.1,7.6,9.1,9.2,IIT,EXACT,False
Indian Veterinary Research Institute,Uttar Pradesh,Science,"15,900",--,8.9,8.4,9.4,8.7,9.3,8.7,8.8,Indian Veterinary Research Institute,EXACT,False
Aligarh Muslim University,Uttar Pradesh,Science,"93,720","8,980",8.3,8.8,7.9,8.5,8.8,7.2,8.6,Aligarh Muslim University,EXACT,False
"Faculty of Law, Banaras Hindu University, Varanasi",Uttar Pradesh,Science,--,--,7.3,8.7,7.7,8.7,7.2,5,6.6,Faculty of Law,EXACT,False
Institute of Medical Sciences,Uttar Pradesh,Science,--,--,8.6,9.2,7.5,8.9,8.2,9.2,8.4,Institute of Medical Sciences,EXACT,False
"Amity University, Noida",Uttar Pradesh,Science,"1,20,000","80,000",8.2,8,7.9,8.1,8.9,7.6,8.7,"Amity University, Noida",EXACT,False
MNNIT Allahabad,Uttar Pradesh,Science,"82,000","63,000",8,8.4,7.3,7.8,7.1,8.9,8.2,MNNIT Allahabad,EXACT,False
"Amity University, Lucknow",Uttar Pradesh,Science,"48,000","1,08,000",8.1,8,7.6,8.1,8.8,7.1,8.8,"Amity University, Lucknow",EXACT,False
"Lloyd Law College, Greater Noida",Uttar Pradesh,Science,--,--,7.5,8.5,7.2,7.8,7.8,7.1,6.8,"Lloyd Law College, Greater Noida",EXACT,False
Chaudhary Charan Singh University,Uttar Pradesh,Science,"4,655","4,715",6.4,6.6,6.1,7.3,6.6,4.9,6.6,Chaudhary Charan Singh University,EXACT,False
"National Post Graduate College, Lucknow",Uttar Pradesh,Science,--,--,7.6,8.6,7.4,8.5,7.6,6.8,6.7,"National Post Graduate College, Lucknow",EXACT,False
IMS Design and Innovation Academy,Uttar Pradesh,Science,"2,37,000",--,8.6,8.5,8,9,9,8,9,IMS Design and Innovation Academy,EXACT,False
Jaypee Institute of Information Technology University,Uttar Pradesh,Science,"50,000",--,7.8,7.8,7.7,7.3,8.2,7.8,7.7,Jaypee Institute of Information Technology University,EXACT,False
Indian Institute of Information Technology,Uttar Pradesh,Science,"71,700",--,8.3,8.4,7.4,7.6,9,9.2,8.1,IIIT,EXACT,False
Sam Higginbottom University of Agriculture Technology and,Uttar Pradesh,Science,"39,000","71,000",7.2,7.6,6.6,7.5,7.5,6,7.9,Sam Higginbottom University of Agriculture Technology and,EXACT,False
"Dayalbagh Educational Institute Faculty of Engineering, Agra",Uttar Pradesh,Science,"15,840",--,8,8.3,7.1,8.5,8.1,8.2,8,Dayalbagh Educational Institute Faculty of Engineering,EXACT,False
Ewing Christian College,Uttar Pradesh,Science,"9,260","40,000",7,8.2,5.7,7.9,7.5,5.1,7.8,Ewing Christian College,EXACT,False
"CHM Institute of Hotel and Business Management,",Uttar Pradesh,Science,--,--,--,--,--,--,--,--,--,CHM Institute of Hotel and Business Management,EXACT,False
Teerthanker Mahaveer University,Uttar Pradesh,Science,"40,400","99,000",8.1,8.3,7.6,8.2,8.7,7.3,8.3,Teerthanker Mahaveer University,EXACT,False
"Presidency College of Education and Technology, Meerut",Uttar Pradesh,Science,--,--,--,--,--,--,--,--,--,Presidency College of Education and Technology,EXACT,False
"Mewar Institute of Management, Ghaziabad",Uttar Pradesh,Science,"30,000","45,000",7.9,8.3,6.6,8.7,7.9,8.3,7.7,"Mewar Institute of Management, Ghaziabad",EXACT,False
Rajiv Academy for Technology and Management,Uttar Pradesh,Science,"22,900",--,8.6,9.4,8.1,9,8.1,8.5,8.5,Rajiv Academy for Technology and Management,EXACT,False
Mangalayatan University,Uttar Pradesh,Science,"25,000","30,000",7.9,7.8,7.8,8.2,8.4,7.1,8.1,Mangalayatan University,EXACT,False
Institute of Technology and Science,Uttar Pradesh,Science,"61,000","72,000",8.2,8.6,7.5,8.3,8.6,7.9,8.1,Institute of Technology and Science,EXACT,False
Indian Institute of Sugarcane Research,Uttar Pradesh,Science,--,--,8.7,8,9,9,8,9,9,Indian Institute of Sugarcane Research,EXACT,False
DAV College,Uttar Pradesh,Science,"9,550","48,000",6.7,7.5,5.6,7.3,7,5.8,7.1,DAV College,EXACT,False
"St Stephen's College, New Delhi",Delhi,Science,"42,835",--,8.7,9.2,7.6,9.1,8.6,8.6,9.1,"St Stephen's College, New Delhi",EXACT,False
"Hindu College, New Delhi",Delhi,Science,"20,460","19,710",8.4,8.8,7.9,8.7,8.5,7.6,9,"Hindu College, New Delhi",EXACT,False
Lady Shri Ram College for Women,Delhi,Science,"20,670",--,8.5,8.8,7.9,8.6,8.6,8,8.9,Lady Shri Ram College for Women,EXACT,False
"Miranda House, New Delhi",Delhi,Science,"19,800","16,170",8.6,9.1,8.5,8.5,9.3,7.1,8.9,"Miranda House, New Delhi",EXACT,False
Hansraj College,Delhi,Science,"24,515","16,554",8.4,8.7,7.9,8.7,8.5,7.8,8.9,Hansraj College,EXACT,False
Kirori Mal College,Delhi,Science,"14,595","9,339",8.2,8.7,7.6,8.6,7.9,7.3,8.9,Kirori Mal College,EXACT,False
"Ramjas College, New Delhi",Delhi,Science,"14,610","14,404",7.9,8.4,7.1,8.4,7.9,7,8.5,"Ramjas College, New Delhi",EXACT,False
"Sri Venkateswara College, New Delhi",Delhi,Science,"14,555","13,191",8.3,8.7,7.8,8.5,8.2,7.9,8.8,"Sri Venkateswara College, New Delhi",EXACT,False
Atma Ram Sanatan Dharma College,Delhi,Science,"13,345",--,7.8,8.4,6.7,8.4,8,6.8,8.7,Atma Ram Sanatan Dharma College,EXACT,False
"Deen Dayal Upadhyaya College, New Delhi",Delhi,Science,"19,345",--,7.9,8.4,7.4,8.3,8.4,6.5,8.2,"Deen Dayal Upadhyaya College, New Delhi",EXACT,False
Dyal Singh College,Delhi,Science,"15,860",--,7.7,8.2,6.9,8.1,7.7,7.1,8.3,Dyal Singh College,EXACT,False
"Lady Irwin College, New Delhi",Delhi,Science,"29,645",--,8.2,9,6.9,8.9,8.7,6.8,9,"Lady Irwin College, New Delhi",EXACT,False
"Gargi College, New Delhi",Delhi,Science,"14,045","13,331",8.2,8.5,7.2,8.6,8,7.8,9,"Gargi College, New Delhi",EXACT,False
Jesus and Mary College,Delhi,Science,"16,610",--,7.9,8.6,6.9,8.1,8.5,7.1,8.4,Jesus and Mary College,EXACT,False
Sri Guru Tegh Bahadur Khalsa College,Delhi,Science,"26,965","18,954",7.8,8.2,7.2,8.2,8.1,6.8,8.3,Sri Guru Tegh Bahadur Khalsa College,EXACT,False
Shaheed Rajguru College of Applied Sciences for,Delhi,Science,"17,840",--,7.9,8.3,7.3,8.3,8.8,6.5,8.1,Shaheed Rajguru College of Applied Sciences for,EXACT,False
"Jamia Millia Islamia University-[JMI], New Delhi",Delhi,Science,"8,000","7,800",8,8.4,7.6,8.3,8.4,7.2,8.2,Jamia Millia Islamia University-[JMI],EXACT,False
Acharya Narendra Dev College,Delhi,Science,"7,965","7,851",7.8,8.9,6.5,8.7,7.3,7.1,8.1,Acharya Narendra Dev College,EXACT,False
Daulat Ram College,Delhi,Science,"19,540",--,7.9,8.4,7.4,8.5,7.5,7.2,8.4,Daulat Ram College,EXACT,False
"Maitreyi College, New Delhi",Delhi,Science,"8,390","7,616",7.8,8.3,6.8,8.3,8,6.8,8.3,"Maitreyi College, New Delhi",EXACT,False
Shyam Lal College,Delhi,Science,"19,750",--,7.3,8.1,6.2,8,7.5,6.1,7.9,Shyam Lal College,EXACT,False
Kamala Nehru College,Delhi,Science,"10,500",--,8.1,8.7,7.6,8.8,7.3,7.2,8.7,Kamala Nehru College,EXACT,False
Indraprastha College for Women,Delhi,Science,"45,600","13,000",8,8.8,7.6,8.2,8.8,7.1,7.5,Indraprastha College for Women,EXACT,False
Maharaja Agrasen College,Delhi,Science,"16,000",--,7.7,8.2,6.7,8.1,8.7,6.5,7.9,Maharaja Agrasen College,EXACT,False
"Shivaji College, New Delhi",Delhi,Science,"22,970",--,7.8,8.2,6.8,8.3,8.1,6.8,8.3,"Shivaji College, New Delhi",EXACT,False
Shaheed Sukhdev College of Business Studies,Delhi,Science,"29,025",--,8.6,9.1,7.6,9,8.3,8.8,8.6,Shaheed Sukhdev College of Business Studies,EXACT,False
"Keshav Mahavidyalaya, New Delhi",Delhi,Science,"9,336",--,8.1,8.6,7.4,8.7,8.8,7,8,"Keshav Mahavidyalaya, New Delhi",EXACT,False
"Sri Guru Gobind Singh College of Commerce,",Delhi,Science,"45,200",--,8.2,8.7,7.5,8.4,8.7,7.6,8.5,Sri Guru Gobind Singh College of Commerce,EXACT,False
"Kalindi College, New Delhi",Delhi,Science,"13,297",--,7.4,8.6,6.4,8.4,7,6.3,7.8,"Kalindi College, New Delhi",EXACT,False
"Ramanujan college, New Delhi",Delhi,Science,"22,500",--,7.9,8.6,6.5,8.4,8.3,7.2,8.3,"Ramanujan college, New Delhi",EXACT,False
Andhra Loyola College,Andhra Pradesh,Science,--,--,8,8.5,7.4,8.5,8.6,7,8.2,Andhra Loyola College,EXACT,False
"Silver Jubilee Government Degree College, Kurnool",Andhra Pradesh,Science,"5,346",--,7.7,8.3,6.1,9,7.7,7.1,7.9,Silver Jubilee Government Degree College,EXACT,False
Acharya NG Ranga Agricultural University,Andhra Pradesh,Science,"27,900","29,830",8.4,8.8,8.1,9.4,8.2,7,8.6,Acharya NG Ranga Agricultural University,EXACT,False
Sri Venkateswara Institute of Medical Sciences,Andhra Pradesh,Science,"27,700","29,200",7.8,8.2,7.9,8.1,7.5,7.5,7.5,Sri Venkateswara Institute of Medical Sciences,EXACT,False
K L University,Andhra Pradesh,Science,"1,45,000","85,000",8.3,8.5,7.6,8.3,8.8,8.3,8.2,K L University,EXACT,False
"Andhra University, College of Engineering",Andhra Pradesh,Science,--,--,7.7,8.2,6.9,7.8,8,7.2,7.9,Andhra University,EXACT,False
PES Institute of Medical Sciences and Research,Andhra Pradesh,Science,--,--,7.9,8.3,6.5,8.4,8.4,7.6,8.3,PES Institute of Medical Sciences and Research,EXACT,False
Sri Venkateswara University,Andhra Pradesh,Science,"12,760","11,805",8.1,7.9,8.3,8.2,7.9,7.7,8.4,Sri Venkateswara University,EXACT,False
"Vignan’s Foundation for Science, Technology, and Research,",Andhra Pradesh,Science,"70,000","70,000",8.2,8.2,8.4,8.5,8.2,7.7,8.4,Vignan’s Foundation for Science,EXACT,False
Shri Vishnu College of Pharmacy,Andhra Pradesh,Science,--,--,8,8.1,8,8.1,8.4,7.7,7.8,Shri Vishnu College of Pharmacy,EXACT,False
"JNTUA College of Engineering, Ananthapur",Andhra Pradesh,Science,"58,750",--,7,7.1,7.3,6.7,7.5,6.3,7.3,"JNTUA College of Engineering, Ananthapur",EXACT,False
Sagi Ramakrishnam Raju Engineering College,Andhra Pradesh,Science,--,--,8.2,8.5,7.5,8.4,8.3,8.2,8.3,Sagi Ramakrishnam Raju Engineering College,EXACT,False
"Chalapathi Institute of Pharmaceutical Sciences, Guntur",Andhra Pradesh,Science,--,--,8.1,8.7,8,8.3,8.8,7.9,7.1,Chalapathi Institute of Pharmaceutical Sciences,EXACT,False
Acharya Nagarjuna University,Andhra Pradesh,Science,"13,800","8,395",7.3,7.7,7,7.2,8,5.7,8.2,Acharya Nagarjuna University,EXACT,False
Sri Venkateswara Veterinary University,Andhra Pradesh,Science,"27,405","45,675",8.2,8.7,8,8.5,7.8,7.8,8.4,Sri Venkateswara Veterinary University,EXACT,False
"TSR and TBK Degree and PG College,",Andhra Pradesh,Science,"22,500","42,600",7.7,8.3,6,8.8,8,6.8,8.5,"TSR and TBK Degree and PG College,",EXACT,False
"Dr. Lankapalli Bullayya College, Visakhapatnam",Andhra Pradesh,Science,--,--,8.2,8.7,7.5,8.6,9,6.8,8.3,Dr. Lankapalli Bullayya College,EXACT,False
"Krea University, Sri City",Andhra Pradesh,Science,"7,70,500",--,8.6,8.2,8.6,8.7,8.6,8.8,8.8,"Krea University, Sri City",EXACT,False
Jawaharlal Nehru Technological University,Andhra Pradesh,Science,--,--,7.4,7.7,6.8,7.1,7.7,7.1,7.8,Jawaharlal Nehru Technological University,EXACT,False
PVKN Govt Degree College,Andhra Pradesh,Science,"8,555",--,8.9,9.7,7.7,9,8.7,8.3,9.7,PVKN Govt Degree College,EXACT,False
Indian Institute of Technology,Andhra Pradesh,Science,"17,450","17,450",8.6,9,8.1,8.8,8.7,8.2,8.9,IIT,EXACT,False
Centurion University of Technology and Management,Andhra Pradesh,Science,"90,000","60,000",7.8,8,7.2,8.3,7.6,7.4,8.3,Centurion University of Technology and Management,EXACT,False
Bapatla Engineering College,Andhra Pradesh,Science,"26,400",--,7.5,7.8,7.3,7.7,8.2,6.5,7.7,Bapatla Engineering College,EXACT,False
National Institute of Technology,Andhra Pradesh,Science,"1,25,000","55,000",7.2,7.9,6.6,7.5,6.9,6.9,7.2,NIT,EXACT,False
"Rajiv Gandhi University of Knowledge Technologies -[RGUKT],",Andhra Pradesh,Science,--,--,8.2,8.4,7.6,8.1,8.9,7.7,8.5,Rajiv Gandhi University of Knowledge Technologies -[RGUKT],EXACT,False
Indian Institute of Information Technology Design and,Andhra Pradesh,Science,"67,500",--,7.4,7.9,7.6,8,6.7,7.2,7.2,IIIT Design and,EXACT,False
Rajeev Gandhi Memorial College of Engineering and,Andhra Pradesh,Science,--,--,7.4,7.8,7.2,7.6,8,6.2,7.4,Rajeev Gandhi Memorial College of Engineering and,EXACT,False
VIT University,Andhra Pradesh,Science,"2,75,000","1,53,000",8.2,8.3,7.9,8.3,8.1,8.4,8.1,VIT University,EXACT,False
"SRM University, Amaravathi",Andhra Pradesh,Science,"16,000","1,60,000",8.7,8.7,8.1,9.2,9.2,8.4,8.4,"SRM University, Amaravathi",EXACT,False
Mount Carmel College,Karnataka,Science,"42,000",--,8.3,8.3,7.8,8.2,8.3,7.9,9.1,Mount Carmel College,EXACT,False
"Christ University, Bangalore",Karnataka,Science,"35,000","90,000",8.3,8.5,7.4,8.2,8.9,8.1,8.8,"Christ University, Bangalore",EXACT,False
St Joseph's College,Karnataka,Science,"1,28,250","32,960",8.1,8.4,7.3,8.4,8.3,7.6,8.6,St Joseph's College,EXACT,False
Kristu Jayanti College,Karnataka,Science,"50,000","80,000",8.4,8.9,7.7,8.4,8.9,8.1,8.5,Kristu Jayanti College,EXACT,False
"St. Aloysius College, Mangalore",Karnataka,Science,"94,705","27,150",7.9,8.4,7.1,8.1,8.3,7.1,8.6,"St. Aloysius College, Mangalore",EXACT,False
The Oxford College of Science,Karnataka,Science,"50,000","25,000",7.1,7.8,6.4,7.7,7.4,6.2,7.2,The Oxford College of Science,EXACT,False
Jyoti Nivas College,Karnataka,Science,"30,000","40,000",7.8,8.2,7.4,8.3,7.7,7,8.4,Jyoti Nivas College,EXACT,False
"NMKRV College for Women, Bangalore",Karnataka,Science,"1,40,000","1,20,000",7.9,7.9,7.3,8.4,8.1,6.9,8.7,"NMKRV College for Women, Bangalore",EXACT,False
Indian Institute of Management,Karnataka,Science,--,--,9.1,9,9,9.1,9.2,9.2,8.9,Indian Institute of Management,EXACT,False
National Law School of India University,Karnataka,Science,"2,19,625",--,8.8,9.1,8.6,9.3,8.1,9.1,8.8,National Law School of India University,EXACT,False
Kasturba Medical College,Karnataka,Science,"5,27,000","1,10,000",9,9,8.1,9,9.5,8.9,9.3,Kasturba Medical College,EXACT,False
Welcomgroup Graduate School of Hotel Administration,Karnataka,Science,"1,70,000",--,8.8,8.7,8.3,8.6,8.7,9.1,9.3,Welcomgroup Graduate School of Hotel Administration,EXACT,False
Manipal College of Dental Sciences,Karnataka,Science,"30,000",--,8.7,9,7.2,9.1,9.4,8.2,9.3,Manipal College of Dental Sciences,EXACT,False
Manipal Academy of Higher Education,Karnataka,Science,"1,75,000","94,000",8.4,8.5,8.2,8.6,8.8,7.8,8.4,Manipal Academy of Higher Education,EXACT,False
National Institute of Technology,Karnataka,Science,"45,355","88,405",8.4,8.7,7.2,8.2,8.4,8.9,8.9,NIT,EXACT,False
Kasturba Medical College,Karnataka,Science,"2,30,000","2,60,000",8.5,9.2,8.2,9.1,8.1,8.2,8.3,Kasturba Medical College,EXACT,False
"Ramaiah Medical College, Bangalore",Karnataka,Science,"66,500",--,8.8,9.3,7.9,9.4,9.3,8.6,8.1,"Ramaiah Medical College, Bangalore",EXACT,False
"JSS Academy of Higher Education & Research,",Karnataka,Science,"44,590","39,340",8.2,8.3,7.5,8.6,8.5,8,8,JSS Academy of Higher Education & Research,EXACT,False
Bangalore Medical College and Research Institute,Karnataka,Science,"17,970","34,720",8.4,8.6,7.7,8.2,7.9,9.3,8.5,Bangalore Medical College and Research Institute,EXACT,False
Army Institute of Fashion and Design,Karnataka,Science,"1,92,814","1,61,105",9,9.2,9.2,8.7,8.6,9,9,Army Institute of Fashion and Design,EXACT,False
"JD Institute of Fashion Technology, Bangalore",Karnataka,Science,"2,50,000",--,8.2,8.7,5.5,9.6,7.7,7.7,9.8,JD Institute of Fashion Technology,EXACT,False
KS Hegde Medical Academy,Karnataka,Science,"1,02,500","56,000",8.6,9,8.4,9.6,8.4,8.2,8.2,KS Hegde Medical Academy,EXACT,False
T. A. Pai Management Institute,Karnataka,Science,--,--,8.5,8.5,8.4,8.8,8.6,8.7,7.8,T. A. Pai Management Institute,EXACT,False
"University College of Law Bangalore University, Bangalore",Karnataka,Science,--,--,7.6,8.5,6,8.5,7.5,8,7,University College of Law Bangalore University,EXACT,False
Belagavi Institute of Medical Sciences,Karnataka,Science,--,--,8.6,9.1,8,9,7.4,9.8,8,Belagavi Institute of Medical Sciences,EXACT,False
"College of Dental Sciences, Davanagere",Karnataka,Science,--,--,8.3,9.2,7,8.8,8.4,8.4,7.8,"College of Dental Sciences, Davanagere",EXACT,False
"Alliance University, Bangalore",Karnataka,Science,"1,50,000",--,8,8.2,7.2,8.2,8.8,7.6,8,"Alliance University, Bangalore",EXACT,False
Ramaiah Institute of Technology,Karnataka,Science,--,--,8.4,8.5,7.8,8.3,8.7,8.3,8.6,Ramaiah Institute of Technology,EXACT,False
International Institute of Information Technology,Karnataka,Science,"3,20,000","1,07,000",8.7,9.2,8.5,9.1,8.8,8.9,7.6,International Institute of Information Technology,EXACT,False
BMS College of Engineering,Karnataka,Science,--,--,8.2,8.4,8,8,8,8.3,8.7,BMS College of Engineering,EXACT,False
"Nizam College, Hyderabad",Telangana,Science,"15,600",--,8.2,8.3,7.5,8.6,8.3,7.6,8.7,"Nizam College, Hyderabad",EXACT,False
"Loyola Academy Degree and PG College, Secunderabad",Telangana,Science,"36,240","40,400",8.1,8.5,7.2,8.4,8.5,7.7,8.4,Loyola Academy Degree and PG College,EXACT,False
"St Ann's College for Women, Hyderabad",Telangana,Science,"17,155","27,055",8.1,8.6,6.9,8.7,8.5,7.7,8.4,"St Ann's College for Women, Hyderabad",EXACT,False
"St Joseph's Degree and PG College, Hyderabad",Telangana,Science,--,--,7.8,8.2,6.4,8.4,7.5,8,8.1,St Joseph's Degree and PG College,EXACT,False
"St Francis College for Women, Hyderabad",Telangana,Science,"10,000","35,580",8.5,8.9,7.2,8.5,8.9,8.6,9,"St Francis College for Women, Hyderabad",EXACT,False
Indian Institute of Technology,Telangana,Science,"31,395","25,095",8.5,8.7,8,8.7,8.5,8.3,8.6,IIT,EXACT,False
University of Hyderabad,Telangana,Science,"10,710","10,710",8.4,8.7,7.6,8.5,9,7.5,8.8,University of Hyderabad,EXACT,False
National Institute of Pharmaceutical Education and Research,Telangana,Science,"95,500",--,8.4,8.6,8,8.7,8,8.4,8.4,National Institute of Pharmaceutical Education and Research,EXACT,False
National Institute of Technology,Telangana,Science,"20,000","47,000",8.4,8.6,7.9,8.2,8.5,8.6,8.4,NIT,EXACT,False
ICFAI Foundation for Higher Education,Telangana,Science,"1,30,000","90,000",8.2,8.3,7.5,8.1,8.6,7.8,8.9,ICFAI Foundation for Higher Education,EXACT,False
International Institute of Information Technology,Telangana,Science,"1,50,000","1,50,000",8.3,9,8.2,8.5,7.8,9.2,6.9,International Institute of Information Technology,EXACT,False
Jawaharlal Nehru Technological University,Telangana,Science,"20,000","20,000",8,8.3,7.7,7.8,8.3,7.6,8.3,Jawaharlal Nehru Technological University,EXACT,False
ICFAI Business School,Telangana,Science,"1,60,000","35,000",8.2,8.2,8,8.1,8.5,7.8,8.7,ICFAI Business School,EXACT,False
Kasturba Gandhi Degree and PG College for,Telangana,Science,"92,000",--,8,8.1,7,8.3,8.6,7.1,8.8,Kasturba Gandhi Degree and PG College for,EXACT,False
Narsee Monjee Institute of Management Studies,Telangana,Science,"1,16,500",--,8.8,8.9,8.4,9.2,8.9,8.5,8.9,Narsee Monjee Institute of Management Studies,EXACT,False
A.V. College of Arts Science and Commerce,Telangana,Science,"22,605","12,640",8,8.1,6.3,8.1,8.7,7.8,8.9,A.V. College of Arts Science and Commerce,EXACT,False
Osmania University College for Women,Telangana,Science,"7,640","35,560",8.2,8,8.4,8.7,8.5,6.5,9,Osmania University College for Women,EXACT,False
Indian Institute of Management and Commerce,Telangana,Science,"37,500",--,7.7,8.3,5.3,8.6,7.5,8.1,8.3,Indian Institute of Management and Commerce,EXACT,False
Osmania University,Telangana,Science,"2,260",--,7.9,8.3,7.5,8,8,7.7,7.9,Osmania University,EXACT,False
Kakatiya University,Telangana,Science,"3,010","11,840",7.2,7.4,6.8,7.6,7.2,6.8,7.4,Kakatiya University,EXACT,False
Directorate of Sorghum Research,Telangana,Science,--,--,--,--,--,--,--,--,--,Directorate of Sorghum Research,EXACT,False
Siva Sivani Institute of Management,Telangana,Science,--,--,7.4,7.6,7.2,7.6,7.3,7.3,7.5,Siva Sivani Institute of Management,EXACT,False
"Anurag University, Hyderabad",Telangana,Science,"54,000",--,8.3,8.5,7.5,8.2,8.9,8,8.4,"Anurag University, Hyderabad",EXACT,False
Centre for Cellular and Molecular Biology,Telangana,Science,--,--,8.4,--,--,8.7,--,8.2,8.3,Centre for Cellular and Molecular Biology,EXACT,False
Dr. B.R. Ambedkar Open University,Telangana,Science,"12,600","1,000",6.7,7.3,5.6,7.8,7.2,5.5,6.8,Dr. B.R. Ambedkar Open University,EXACT,False
K L University,Telangana,Science,--,--,7.9,7.9,7.4,8.1,8.2,7.6,8.1,K L University,EXACT,False
"Gandhi Medical College, Secunderabad",Telangana,Science,--,--,7.3,7.9,7.6,7.7,7,6.9,6.7,"Gandhi Medical College, Secunderabad",EXACT,False
Maulana Azad National Urdu University,Telangana,Science,"4,700","9,000",7.8,7,8.3,8.1,8.6,7.1,7.9,Maulana Azad National Urdu University,EXACT,False
Sarojini Naidu Vanita Mahavidyalaya,Telangana,Science,"12,200","25,975",9.4,9.8,9.8,8.5,9.5,9,9.5,Sarojini Naidu Vanita Mahavidyalaya,EXACT,False
Raja Bahadur Venkat Rama Reddy Women's College,Telangana,Science,"22,780",--,8.2,7.8,7.6,8.6,8.3,7.9,8.7,Raja Bahadur Venkat Rama Reddy Women's College,EXACT,False
"IPS Academy, Indore",Madhya Pradesh,Science,"11,429","11,644",7.6,7.7,7.1,7.5,8,7.2,7.8,"IPS Academy, Indore",EXACT,False
Indian Institute of Technology,Madhya Pradesh,Science,"46,800","78,800",8,8.4,7.6,8.1,7.7,7.8,8.4,IIT,EXACT,False
School of Planning and Architecture,Madhya Pradesh,Science,--,--,7.5,8.4,7.7,8.1,7.7,5.7,7.4,School of Planning and Architecture,EXACT,False
National Law Institute University,Madhya Pradesh,Science,"83,500",--,8.4,8.6,7.9,7.9,9.1,8.5,8.4,National Law Institute University,EXACT,False
Maulana Azad National Institute of Technology,Madhya Pradesh,Science,"38,600",--,7.8,7.8,7.5,7.5,7.6,8.1,8.5,Maulana Azad NIT,EXACT,False
Indian Institute of Forest Management,Madhya Pradesh,Science,"1,00,000",--,9,9,9.1,9,9.3,8.5,9.1,Indian Institute of Forest Management,EXACT,False
Atal Bihari Vajpayee Indian Institute of Information,Madhya Pradesh,Science,"75,070",--,7.6,7.5,7,7.1,8.2,7.7,8,Atal Bihari Vajpayee Indian Institute of Information,EXACT,False
Rabindranath Tagore University,Madhya Pradesh,Science,"15,000","20,000",7.7,8,7.4,7.8,8.6,6.4,7.8,Rabindranath Tagore University,EXACT,False
"Rajeev Gandhi College, Bhopal",Madhya Pradesh,Science,"15,000","20,000",6.7,7,5.9,7.3,7.1,5.6,7.2,"Rajeev Gandhi College, Bhopal",EXACT,False
Jawaharlal Nehru Krishi Vishwa Vidyalaya,Madhya Pradesh,Science,"74,411","58,395",7.9,8.2,7.5,8.7,7.7,7,8.4,Jawaharlal Nehru Krishi Vishwa Vidyalaya,EXACT,False
Prestige Institute of Management,Madhya Pradesh,Science,"62,450",--,8.4,9.1,6.8,9,8.2,8.7,8.3,Prestige Institute of Management,EXACT,False
Islamia Karimia College,Madhya Pradesh,Science,"9,852","22,550",5.9,6,5.5,8,5.5,4.5,6,Islamia Karimia College,EXACT,False
Shri Vaishnav Institute of Management,Madhya Pradesh,Science,"22,120",--,8.1,8.6,7.1,8.7,8,7.5,8.6,Shri Vaishnav Institute of Management,EXACT,False
Institute for Excellence in Higher Education,Madhya Pradesh,Science,"23,882","34,907",7.2,7.9,6.5,7.9,7,6.7,7.4,Institute for Excellence in Higher Education,EXACT,False
"M.B. Khalsa College, Indore",Madhya Pradesh,Science,"22,000","20,000",6.6,6.7,5.2,7.8,7.1,5.7,7,"M.B. Khalsa College, Indore",EXACT,False
"Amity University, Gwalior",Madhya Pradesh,Science,"48,000","64,000",8.6,8.8,8.5,8.4,9.3,8,8.3,"Amity University, Gwalior",EXACT,False
Government M L B Girls PG College,Madhya Pradesh,Science,--,--,6.9,7.1,6.5,7.4,6.5,5.8,7.8,Government M L B Girls PG College,EXACT,False
"Devi Ahilya Vishwavidyalaya, Indore",Madhya Pradesh,Science,"18,500","54,500",7.5,8,6.5,7.8,7.5,7,7.9,"Devi Ahilya Vishwavidyalaya, Indore",EXACT,False
"Government Maharani Laxmi Bai Girls PG College,",Madhya Pradesh,Science,"1,300","8,420",--,--,--,--,--,--,--,Government Maharani Laxmi Bai Girls PG College,EXACT,False
"Altius Institute of Universal Studies, Indore",Madhya Pradesh,Science,"30,000",--,9,9,8,--,--,--,--,Altius Institute of Universal Studies,EXACT,False
Regional Institute of Education,Madhya Pradesh,Science,"14,710",--,8.6,9,8.3,8.5,8.9,8.4,8.2,Regional Institute of Education,EXACT,False
Barkatullah University,Madhya Pradesh,Science,"5,650","30,000",6.9,7.3,6.1,7.4,6.9,6,7.5,Barkatullah University,EXACT,False
Indira Gandhi National Tribal University,Madhya Pradesh,Science,"8,740","10,400",7.5,7.5,7.3,8.4,7.9,5.9,7.9,Indira Gandhi National Tribal University,EXACT,False
Rajmata Vijayaraje Scindia Krishi Vishwa Vidyalaya,Madhya Pradesh,Science,"27,620","17,855",8.2,9,7,8.5,8,8,8.6,Rajmata Vijayaraje Scindia Krishi Vishwa Vidyalaya,EXACT,False
Atal Bihari Vajpayee Hindi Vishwavidyalaya,Madhya Pradesh,Science,"9,100","13,650",7.7,8.3,6.3,8.7,7.3,7.8,7.9,Atal Bihari Vajpayee Hindi Vishwavidyalaya,EXACT,False
Awadhesh Pratap Singh University,Madhya Pradesh,Science,"30,000","36,000",7.1,7.9,6.5,8.1,7.2,5.3,7.3,Awadhesh Pratap Singh University,EXACT,False
"Career College, Bhopal",Madhya Pradesh,Science,"15,000","15,000",8.3,8.4,7.6,8.7,8.3,8.4,8.3,"Career College, Bhopal",EXACT,False
Madhya Pradesh Bhoj (Open) University,Madhya Pradesh,Science,"10,260","6,180",7.8,8.6,7.4,8.7,7.5,7.6,7.2,Madhya Pradesh Bhoj (Open) University,EXACT,False
Bonnie foi College,Madhya Pradesh,Science,"12,000","18,800",--,--,--,--,--,--,--,Bonnie foi College,EXACT,False
"VIT Bhopal University, Bhopal",Madhya Pradesh,Science,"43,000","77,000",7.9,8.6,7.7,8.4,7.1,8.1,7.4,"VIT Bhopal University, Bhopal",EXACT,False
"Trivandrum University College, Thiruvananthapuram",Kerala,Science,"1,555","3,595",8.5,9.2,8,8.6,9,7.5,8.6,Trivandrum University College,EXACT,False
"Mar Ivanios College, Thiruvananthapuram",Kerala,Science,"4,065","4,725",8.3,8.7,8.1,8.7,8.8,6.6,9,"Mar Ivanios College, Thiruvananthapuram",EXACT,False
Sacred Heart College,Kerala,Science,"6,970","10,200",8.5,8.9,7.5,8.6,8.8,8,9.1,Sacred Heart College,EXACT,False
Rajagiri College of Social Sciences,Kerala,Science,"23,853","46,803",8.5,8.8,8.5,8.8,8.5,8,8.1,Rajagiri College of Social Sciences,EXACT,False
"Government College for Women, Thiruvananthapuram",Kerala,Science,--,--,8.2,9,6.8,8.8,9,7.1,8.6,Government College for Women,EXACT,False
"St Thomas' College, Thrissur",Kerala,Science,"2,570","3,980",7.4,8,7,8.1,7,6.6,7.9,"St Thomas' College, Thrissur",EXACT,False
"St. Albert's College, Ernakulam",Kerala,Science,"37,500","45,000",7.1,7.9,6.4,7.7,7,6.5,6.9,"St. Albert's College, Ernakulam",EXACT,False
St. Berchmans College,Kerala,Science,"9,550","1,42,000",8.4,8.6,8.2,8.6,8.6,7.7,8.5,St. Berchmans College,EXACT,False
"St Teresa's College (Autonomous), Ernakulam",Kerala,Science,"3,500","7,000",8.4,8.9,7.4,9,8.2,7.7,9.3,St Teresa's College (Autonomous),EXACT,False
"Mahatma Gandhi College, Trivandrum",Kerala,Science,"2,800","84,376",8.1,8.7,7.5,8.6,8.8,5.9,8.9,"Mahatma Gandhi College, Trivandrum",EXACT,False
"Government Arts College, Thiruvananthapuram",Kerala,Science,--,--,7.8,9.3,6.3,9,8,6.5,7.5,Government Arts College,EXACT,False
"Farook College, Kozhikode",Kerala,Science,"3,190","5,020",8.1,8.7,8.1,8.5,8.5,5.8,9,"Farook College, Kozhikode",EXACT,False
"Newman College, Thodupuzha",Kerala,Science,"3,265","4,993",7.2,8.4,5.1,7.8,8,6.6,7,"Newman College, Thodupuzha",EXACT,False
T.K.M. College of Arts and Science,Kerala,Science,"22,500","37,500",8,8.1,7.5,8.1,8.3,7.5,8.6,T.K.M. College of Arts and Science,EXACT,False
"St Joseph's College Devagiri, Calicut",Kerala,Science,"71,300","38,000",8.4,8.8,7.7,8.7,8.7,7.4,9,"St Joseph's College Devagiri, Calicut",EXACT,False
"Fatima Mata National College, Kollam",Kerala,Science,"3,805","5,090",8.2,8.7,6.3,8.7,9.3,6.9,9.3,"Fatima Mata National College, Kollam",EXACT,False
"Christ College Irinjalakuda, Thrissur",Kerala,Science,"8,71,000","9,70,000",8,8.3,7.7,8.2,8.4,7.2,8.3,"Christ College Irinjalakuda, Thrissur",EXACT,False
"Mar Thoma College, Tiruvalla",Kerala,Science,--,--,7.2,7.6,6.7,8.3,7.4,5.2,7.7,"Mar Thoma College, Tiruvalla",EXACT,False
"Nirmalagiri College, Kannur",Kerala,Science,"2,545","4,380",8,9.3,7.3,8.1,9,6.7,7.8,"Nirmalagiri College, Kannur",EXACT,False
National Institute of Technology,Kerala,Science,"27,405","27,405",8.1,8.4,7.9,7.7,8,8.1,8.2,NIT,EXACT,False
Indian Institute of Space Science and Technology,Kerala,Science,"21,400","87,400",8.1,8.9,7.8,8.5,8.6,7.7,7.2,Indian Institute of Space Science and Technology,EXACT,False
Mahatma Gandhi University,Kerala,Science,"3,280","20,200",7.7,8,7.5,8,8,6.2,8.2,Mahatma Gandhi University,EXACT,False
Calicut University,Kerala,Science,"2,520","5,525",7,7.5,6.2,7.5,7.4,5.4,7.9,Calicut University,EXACT,False
"Oriental School of Hotel Management Lakkidi, Wayanad",Kerala,Science,"97,800",--,7.5,8.3,7,7.6,7.1,8.1,6.7,Oriental School of Hotel Management Lakkidi,EXACT,False
"Bishop Vayalil Memorial Holy Cross College, Kottayam",Kerala,Science,"18,470","41,828",7.6,8.3,6.6,9,7.7,7.3,6.7,Bishop Vayalil Memorial Holy Cross College,EXACT,False
"St. Mary's College Sulthan Bathery, Sulthan Batheri",Kerala,Science,"45,000",--,6.8,7.8,6.9,6.8,7.5,3.8,7.8,St. Mary's College Sulthan Bathery,EXACT,False
"Government College, Kasaragod",Kerala,Science,--,--,8.2,8.3,7.4,9.1,8.7,6.6,9,"Government College, Kasaragod",EXACT,False
"Cochin University of Science and Technology, School",Kerala,Science,"8,595",--,8.3,8.5,7.8,8.3,8.2,8.2,8.7,Cochin University of Science and Technology,EXACT,False
SCMS School of Technology and Management,Kerala,Science,"45,000",--,7.8,7.9,7.7,8.4,7.5,8.3,7.2,SCMS School of Technology and Management,EXACT,False
Kerala Veterinary and Animal Sciences University,Kerala,Science,"1,52,350","1,19,100",8.1,8.7,7,8.4,8,8.2,8,Kerala Veterinary and Animal Sciences University,EXACT,False
Birla Institute of Technology and Science,Rajasthan,Science,"4,92,950","86,825",8.9,8.8,8.2,8.8,9,9,9.3,Birla Institute of Technology and Science,EXACT,False
National Law University,Rajasthan,Science,"95,000",--,8.4,8.8,8.1,7.5,8.6,8.8,8.5,National Law University,EXACT,False
College of Veterinary and Animal Sciences,Rajasthan,Science,"15,740","15,740",7.8,8.4,7.5,7.7,8.2,7.8,7.3,College of Veterinary and Animal Sciences,EXACT,False
"Institute of Hotel Management, Jodhpur, Jodhpur",Rajasthan,Science,"48,000",--,8,8,7.6,8,8.2,8.1,8,Institute of Hotel Management,EXACT,False
"Banasthali Vidyapith, Jaipur",Rajasthan,Science,"1,18,500","1,18,500",8.5,8.8,8.2,8.9,8.6,7.9,8.8,"Banasthali Vidyapith, Jaipur",EXACT,False
Indian Institute of Technology,Rajasthan,Science,"58,500","65,500",8.2,8,7.9,8.2,8.2,8,8.7,IIT,EXACT,False
All India Institute of Medical Sciences,Rajasthan,Science,"1,465","20,000",8,8.3,7.9,8.4,8.8,7.7,7.1,All India Institute of Medical Sciences,EXACT,False
Malaviya National Institute of Technology,Rajasthan,Science,"67,665","71,065",8.2,8.2,7.4,8,8.7,8.2,8.5,Malaviya NIT,EXACT,False
Madhav University,Rajasthan,Science,"45,000","22,000",7.8,7.9,7.5,8.2,7.9,7.3,7.8,Madhav University,EXACT,False
"St Xaviers College, Jaipur",Rajasthan,Science,"57,000",--,7.6,8.2,7.1,8.3,7.8,6,8.4,"St Xaviers College, Jaipur",EXACT,False
"Dr SN Medical College & Hospital, Jodhpur",Rajasthan,Science,--,--,7.9,8.1,6.8,8.5,8,7.8,7.9,Dr SN Medical College & Hospital,EXACT,False
Janardan Rai Nagar Rajasthan Vidyapeeth University,Rajasthan,Science,"23,000","26,000",7.8,8.3,7.5,8.3,7.9,7.3,7.5,Janardan Rai Nagar Rajasthan Vidyapeeth University,EXACT,False
"Amity University, Jaipur",Rajasthan,Science,"1,22,000","1,18,000",8,7.8,7.6,7.8,8.9,7.4,8.7,"Amity University, Jaipur",EXACT,False
"Poddar Group of Institutions, Jaipur",Rajasthan,Science,"37,000","36,000",7.7,8.3,7.1,8.6,7.4,6.9,8,"Poddar Group of Institutions, Jaipur",EXACT,False
"Lucky Institute of Professional Studies, Jodhpur",Rajasthan,Science,"26,000","35,000",7.7,7.8,8,8.3,7.7,6,8.2,Lucky Institute of Professional Studies,EXACT,False
Jai Narain Vyas University,Rajasthan,Science,480,420,6.2,6.9,5.2,7.1,6.4,4.9,6.4,Jai Narain Vyas University,EXACT,False
Mahatma Jyoti Rao Phoole University,Rajasthan,Science,"52,000","50,000",6.8,6.9,6.2,7.4,7.7,6.4,6.4,Mahatma Jyoti Rao Phoole University,EXACT,False
"Lachoo Memorial College Science and Technology, Jodhpur",Rajasthan,Science,"51,175","51,175",6.5,7.4,5.5,6.8,7.1,4.7,7.3,Lachoo Memorial College Science and Technology,EXACT,False
Birla Institute of Technology,Rajasthan,Science,--,--,7.2,8.1,5.4,8.1,6.9,7.8,7.1,Birla Institute of Technology,EXACT,False
Career Point University,Rajasthan,Science,"39,000","31,000",8.3,8.4,7.9,8.4,8.4,7.6,8.9,Career Point University,EXACT,False
"IIHMR University, Jaipur",Rajasthan,Science,"1,40,000",--,8.5,8.6,8.1,8.5,8.8,8.5,8.2,"IIHMR University, Jaipur",EXACT,False
"SPC Education Center, Jaipur",Rajasthan,Science,"2,500","2,500",10,--,--,--,--,--,--,"SPC Education Center, Jaipur",EXACT,False
College of Veterinary and Animal Sciences,Rajasthan,Science,"15,740",--,8.8,9,8,9,8.5,8.5,9.5,College of Veterinary and Animal Sciences,EXACT,False
"St Wilfreds College for Girls, Jaipur",Rajasthan,Science,--,--,7.5,8.4,6.5,8.3,7.4,6.7,7.5,"St Wilfreds College for Girls, Jaipur",EXACT,False
Mewar University,Rajasthan,Science,"35,000","38,000",8,7.9,7.1,8.1,8.8,7.3,8.6,Mewar University,EXACT,False
"Jaipur National University, School of Business &",Rajasthan,Science,--,--,8.1,8.4,8,9,7.4,7.6,8.3,Jaipur National University,EXACT,False
"Swami Keshwanand Rajasthan Agricultural University, Bikaner",Rajasthan,Science,"12,710","15,030",8.1,8.4,7.6,8.5,7.6,7.7,8.5,Swami Keshwanand Rajasthan Agricultural University,EXACT,False
"Alankar P.G. Girls College, Jaipur",Rajasthan,Science,"26,000","40,000",9,9,9,9,9,9,9,"Alankar P.G. Girls College, Jaipur",EXACT,False
University of Rajasthan,Rajasthan,Science,"5,440","8,770",7.6,8.1,7.1,8.1,7.9,6.5,7.8,University of Rajasthan,EXACT,False
Mehr Chand Mahajan Dayanand Anglo Vedic College,Haryana,Science,"37,200","22,900",8.2,8.4,8,8.5,8.2,7.6,8.4,Mehr Chand Mahajan Dayanand Anglo Vedic College,EXACT,False
"Post Graduate Government College, Chandigarh",Haryana,Science,"26,590","53,760",7.7,8.4,7.2,8.4,7.5,6.5,7.9,Post Graduate Government College,EXACT,False
"Government Home Science College, Chandigarh",Haryana,Science,"87,060","55,530",9.1,8.7,9.3,9.3,8.7,8.7,9.7,Government Home Science College,EXACT,False
Goswami Ganesh Dutt Sanatan Dharama College,Haryana,Science,"24,500",--,8.1,8.6,7.6,8.5,8.1,7.1,8.8,Goswami Ganesh Dutt Sanatan Dharama College,EXACT,False
Post Graduate Institute of Medical Education &,Haryana,Science,"7,320","3,470",8,8.3,6.8,8.8,8.2,8,8,Post Graduate Institute of Medical Education &,EXACT,False
Panjab University,Haryana,Science,"12,700","12,000",7.7,8.2,7.7,8,7.7,6.5,8.2,Panjab University,EXACT,False
National Dairy Research Institute,Haryana,Science,"17,800",--,9,8.8,8.7,9.1,9.4,9.1,8.9,National Dairy Research Institute,EXACT,False
Maharshi Dayanand University,Haryana,Science,"11,315","3,984",7.8,8,7.7,8,8.4,6.6,8,Maharshi Dayanand University,EXACT,False
Government Medical College and Hospital,Haryana,Science,"9,500","26,054",7.9,8.7,7,8.5,8.2,6.9,8.3,Government Medical College and Hospital,EXACT,False
National Institute of Technology,Haryana,Science,"16,000",--,8.2,8,7.4,8.1,8.2,8.6,8.6,NIT,EXACT,False
Pt Bhagwat Dayal Sharma Post Graduate Institute,Haryana,Science,"12,395","15,405",7.5,8.4,7.5,8.1,7.5,7.6,6.1,Pt Bhagwat Dayal Sharma Post Graduate Institute,EXACT,False
Chandigarh University,Haryana,Science,"1,10,000","1,00,000",8.6,8.6,8.2,8.4,9,8.6,8.8,Chandigarh University,EXACT,False
"Chitkara School of Hospitality -[CSH], Chandigarh",Haryana,Science,--,--,8.4,8.7,7,9,8.3,8.7,8.5,Chitkara School of Hospitality -[CSH],EXACT,False
"University Institute of Tourism and Hospitality Management,",Haryana,Science,"1,16,000",--,9.6,9.8,9.4,9.8,9.6,9.6,9.6,University Institute of Tourism and Hospitality Management,EXACT,False
Punjab Engineering College University of Technology,Haryana,Science,"28,000",--,8,7.9,7.3,7.6,7.7,8.4,9,Punjab Engineering College University of Technology,EXACT,False
Apeejay Stya University,Haryana,Science,"2,90,200","1,20,000",7.9,8.2,7.5,7.9,7.5,7.7,8.3,Apeejay Stya University,EXACT,False
"University School of Business, Chandigarh University",Haryana,Science,"60,000",--,9.1,9.1,8.8,9.1,9.2,9.3,8.9,University School of Business,EXACT,False
Kurukshetra University,Haryana,Science,"8,290","40,600",7.5,8.1,7,8,7.7,6.5,7.7,Kurukshetra University,EXACT,False
"Arya Post Graduate College, Panipat",Haryana,Science,"28,900","48,500",7.8,8.4,6.8,8.8,8,6.3,8.6,"Arya Post Graduate College, Panipat",EXACT,False
National Institute of Food Technology Entrepreneurship and,Haryana,Science,"1,15,690",--,8.1,8.5,7.1,6.9,9.4,8.5,7.9,National Institute of Food Technology Entrepreneurship and,EXACT,False
Guru Jambheshwar University of Science and Technology,Haryana,Science,"22,600","44,800",7.7,7.7,7.3,7.5,8.9,6.5,8,Guru Jambheshwar University of Science and Technology,EXACT,False
"J.C. Bose University Of Science And Technology,",Haryana,Science,"53,195","53,195",7.3,7.7,6.5,7.4,6.6,7.7,7.6,J.C. Bose University Of Science And Technology,EXACT,False
Maharishi Markandeshwar,Haryana,Science,"45,000","53,500",7.5,7.6,7.2,7.7,8.3,6.8,7.6,Maharishi Markandeshwar,EXACT,False
DAV College,Haryana,Science,"29,065","58,910",8,8.4,7.4,8.3,8,6.8,8.8,DAV College,EXACT,False
"Morph Academy, Chandigarh",Haryana,Science,"70,000","80,000",8.3,9,6,9,8.5,8.5,9,"Morph Academy, Chandigarh",EXACT,False
Manav Rachna International Institute Of Research And,Haryana,Science,"1,16,000","1,65,000",7.2,7.1,6.7,6.5,8.4,6.5,7.8,Manav Rachna International Institute Of Research And,EXACT,False
"SRM University Delhi NCR, Sonepat",Haryana,Science,"88,500","88,500",7.8,8,7.5,7.9,8.1,7.6,7.9,"SRM University Delhi NCR, Sonepat",EXACT,False
"Ashoka University, Sonepat",Haryana,Science,"9,25,000","45,000",8.6,8.6,8.6,8.9,8.7,8.3,8.5,"Ashoka University, Sonepat",EXACT,False
MM Institute of Hotel Management and Catering,Haryana,Science,"53,500","70,500",--,--,--,--,--,--,--,MM Institute of Hotel Management and Catering,EXACT,False
"Gurugram University, Gurgaon",Haryana,Science,"50,000",--,8.2,8.6,7.4,8.4,8.6,8,8.1,"Gurugram University, Gurgaon",EXACT,False
PD Patel Institute of Applied Sciences,Gujarat,Science,"49,000","80,000",8.3,8,7,9,--,--,--,PD Patel Institute of Applied Sciences,EXACT,False
"St Xavier's College, Ahmedabad",Gujarat,Science,"9,985","70,100",8.1,8.4,7.4,8.6,8.3,7.3,8.7,"St Xavier's College, Ahmedabad",EXACT,False
Indian Institute of Technology,Gujarat,Science,"48,500","48,500",8.4,8.3,8.4,8.8,9.1,7.2,8.8,IIT,EXACT,False
National Institute of Pharmaceutical Education And Research,Gujarat,Science,"1,50,450","92,000",7.5,7.7,6.7,7.7,8,7.3,7.8,National Institute of Pharmaceutical Education And Research,EXACT,False
"GLS Institute of Computer Application, Ahmedabad",Gujarat,Science,--,--,8.1,8.5,7.4,8.4,8.4,7.7,8,GLS Institute of Computer Application,EXACT,False
"Institute of Pharmacy, Nirma University, Ahmedabad",Gujarat,Science,"98,200",--,8.4,8.8,7.8,8.3,9,7.7,8.5,Institute of Pharmacy,EXACT,False
B. J. Medical College,Gujarat,Science,--,--,8.6,9,8.3,8.5,8.1,9.3,8.3,B. J. Medical College,EXACT,False
Maharaja Sayajirao University of Baroda,Gujarat,Science,"9,090","8,840",7.9,8.3,7,8.4,8,7.2,8.4,Maharaja Sayajirao University of Baroda,EXACT,False
Sardar Vallabhbhai National Institute of Technology,Gujarat,Science,"87,500","40,000",8,7.9,7.8,7.6,8.2,7.9,8.4,Sardar Vallabhbhai NIT,EXACT,False
"Smt. NHL Municipal Medical College, Ahmedabad",Gujarat,Science,--,--,7.7,8.4,7.4,8.2,6.3,8.4,7.4,Smt. NHL Municipal Medical College,EXACT,False
"Junagadh Agricultural University, Junagadh",Gujarat,Science,"39,140","39,140",7.9,8,7.9,7.7,8.2,6.9,8.6,Junagadh Agricultural University,EXACT,False
Pramukhswami Medical College,Gujarat,Science,--,--,8,8.7,6.2,8.8,8.3,8,8,Pramukhswami Medical College,EXACT,False
Smt. B.K. Shah Medical Institute and Research,Gujarat,Science,--,--,7.1,7.7,6,7.8,5.7,7.8,7.7,Smt. B.K. Shah Medical Institute and Research,EXACT,False
LJ Institute of Computer Application,Gujarat,Science,--,--,7,8,5.3,7.7,7.3,6.7,7,LJ Institute of Computer Application,EXACT,False
Swami Vivekanand College of Computer Science,Gujarat,Science,--,--,--,--,--,--,--,--,--,Swami Vivekanand College of Computer Science,EXACT,False
Dr Babasaheb Ambedkar Open University,Gujarat,Science,"4,200","26,000",7.7,8.5,5.5,8.5,8,7.5,8.1,Dr Babasaheb Ambedkar Open University,EXACT,False
"Christ College, Rajkot",Gujarat,Science,"23,630","33,275",8.2,8.6,7.4,9.2,9,6.6,8.2,"Christ College, Rajkot",EXACT,False
"Ahmedabad University, Ahmedabad",Gujarat,Science,"2,60,000","2,60,000",8.6,9,7.6,8.9,9.2,8,9,"Ahmedabad University, Ahmedabad",EXACT,False
Navrachana University,Gujarat,Science,"80,000","1,10,000",7.7,7.7,7.4,8.2,8,7.2,7.8,Navrachana University,EXACT,False
Dhirubhai Ambani Institute of Information and Communication,Gujarat,Science,"3,75,000","65,000",8.7,8.8,8,8.4,8.7,9.2,8.8,Dhirubhai Ambani Institute of Information and Communication,EXACT,False
LM College of Pharmacy,Gujarat,Science,--,--,7.4,8,6.4,8.2,7.2,7.2,7.2,LM College of Pharmacy,EXACT,False
"Faculty of Technology and Engineering, Maharaja Sayajirao",Gujarat,Science,"9,840","9,660",8.1,8.4,6.6,8.5,8,8.3,8.8,Faculty of Technology and Engineering,EXACT,False
Anand Agricultural University,Gujarat,Science,"22,500","19,600",8.3,9,7.8,8.4,9.1,7.7,7.9,Anand Agricultural University,EXACT,False
Sardar Patel University,Gujarat,Science,"68,140","61,325",7.8,8.6,7,8.5,7.7,7.3,7.8,Sardar Patel University,EXACT,False
Sardarkrushinagar Dantiwada Agricultural University,Gujarat,Science,"26,370",--,8.3,8.3,8.3,8.6,8.1,8.1,8.5,Sardarkrushinagar Dantiwada Agricultural University,EXACT,False
Gujarat Arts and Science College,Gujarat,Science,--,--,7.5,8.3,6.4,7.4,8.6,6.1,7.9,Gujarat Arts and Science College,EXACT,False
"Navsari Agricultural University, Navsari",Gujarat,Science,"45,100","42,900",8,8.3,7.4,8.4,7.8,7.8,8.2,"Navsari Agricultural University, Navsari",EXACT,False
Times Business School,Gujarat,Science,--,--,8.1,8,7,8.5,8,8,9,Times Business School,EXACT,False
"CU Shah Science College, Ahmedabad",Gujarat,Science,--,--,7,8.3,5.4,8.5,6.5,6.8,6.5,"CU Shah Science College, Ahmedabad",EXACT,False
Nirma University,Gujarat,Science,"1,78,000","97,200",8.4,8.6,8,8.4,9.1,8.1,8.2,Nirma University,EXACT,False
Mehr Chand Mahajan Dayanand Anglo Vedic College,Punjab,Science,"37,200","22,900",8.2,8.4,8,8.5,8.2,7.6,8.4,Mehr Chand Mahajan Dayanand Anglo Vedic College,EXACT,False
"Post Graduate Government College, Chandigarh",Punjab,Science,"26,590","53,760",7.7,8.4,7.2,8.4,7.5,6.5,7.9,Post Graduate Government College,EXACT,False
"Government Home Science College, Chandigarh",Punjab,Science,"87,060","55,530",9.1,8.7,9.3,9.3,8.7,8.7,9.7,Government Home Science College,EXACT,False
Goswami Ganesh Dutt Sanatan Dharama College,Punjab,Science,"24,500",--,8.1,8.6,7.6,8.5,8.1,7.1,8.8,Goswami Ganesh Dutt Sanatan Dharama College,EXACT,False
Post Graduate Institute of Medical Education &,Punjab,Science,"7,320","3,470",8,8.3,6.8,8.8,8.2,8,8,Post Graduate Institute of Medical Education &,EXACT,False
Panjab University,Punjab,Science,"12,700","12,000",7.7,8.2,7.7,8,7.7,6.5,8.2,Panjab University,EXACT,False
National Institute of Pharmaceutical Education and Research,Punjab,Science,"90,500","1,27,500",9.2,9.1,9.4,9.1,9.9,8.5,9.4,National Institute of Pharmaceutical Education and Research,EXACT,False
Punjab Agricultural University,Punjab,Science,"72,920","1,02,390",7.8,8.5,7.5,8.1,8.5,6,8.1,Punjab Agricultural University,EXACT,False
Thapar Institute of Engineering and Technology,Punjab,Science,"1,48,600","1,16,460",8.3,8,8.1,7.7,8.9,8.2,8.8,Thapar Institute of Engineering and Technology,EXACT,False
Indian Institute of Technology,Punjab,Science,"24,270","16,300",8.5,8.5,8.1,8.2,9.1,8.4,8.9,IIT,EXACT,False
Government Medical College and Hospital,Punjab,Science,"9,500","26,054",7.9,8.7,7,8.5,8.2,6.9,8.3,Government Medical College and Hospital,EXACT,False
Kamla Nehru College for Women,Punjab,Science,--,--,7.9,8.5,8,8.2,8.3,5.8,8.8,Kamla Nehru College for Women,EXACT,False
"Government Medical College / Rajindra Hospital-[GMCP], Patiala",Punjab,Science,--,--,7.5,7.3,7.3,8.3,6.5,7.8,7.5,Government Medical College / Rajindra Hospital-[GMCP],EXACT,False
Chandigarh University,Punjab,Science,"1,10,000","1,00,000",8.6,8.6,8.2,8.4,9,8.6,8.8,Chandigarh University,EXACT,False
"Chitkara School of Hospitality -[CSH], Chandigarh",Punjab,Science,--,--,8.4,8.7,7,9,8.3,8.7,8.5,Chitkara School of Hospitality -[CSH],EXACT,False
"University Institute of Tourism and Hospitality Management,",Punjab,Science,"1,16,000",--,9.6,9.8,9.4,9.8,9.6,9.6,9.6,University Institute of Tourism and Hospitality Management,EXACT,False
Punjab Engineering College University of Technology,Punjab,Science,"28,000",--,8,7.9,7.3,7.6,7.7,8.4,9,Punjab Engineering College University of Technology,EXACT,False
Northern India Institute of Fashion Technology,Punjab,Science,"1,25,090","1,25,090",7.6,7.2,7.3,8.1,7.5,7.8,7.9,Northern India Institute of Fashion Technology,EXACT,False
"University School of Business, Chandigarh University",Punjab,Science,"60,000",--,9.1,9.1,8.8,9.1,9.2,9.3,8.9,University School of Business,EXACT,False
"Ludhiana College of Engineering and Technology, Ludhiana",Punjab,Science,"1,07,000",--,6.7,7,6.8,7.5,6.8,5.1,7.2,Ludhiana College of Engineering and Technology,EXACT,False
Punjab Institute of Management and Technology,Punjab,Science,--,--,8.9,9.4,8.4,9.4,8.8,8.6,8.6,Punjab Institute of Management and Technology,EXACT,False
I.K. Gujral Punjab Technical University,Punjab,Science,"32,150","38,600",8.1,8,7.4,8.7,8.3,7.7,8.7,I.K. Gujral Punjab Technical University,EXACT,False
"Khalsa College, Amritsar",Punjab,Science,"56,370","75,445",7.9,8.3,7.7,7.9,8.3,6.5,8.4,"Khalsa College, Amritsar",EXACT,False
"BBK DAV College for Women, Amritsar",Punjab,Science,"22,200","25,080",8.8,9,8.5,9.5,8.2,7.8,9.5,"BBK DAV College for Women, Amritsar",EXACT,False
"OXL School of Multimedia, Jalandhar",Punjab,Science,--,--,--,--,--,--,--,--,--,"OXL School of Multimedia, Jalandhar",EXACT,False
Dr BR Ambedkar National Institute of Technology,Punjab,Science,"1,18,000","33,000",7.9,8,7.7,7.6,8,8,8.3,Dr BR Ambedkar NIT,EXACT,False
"Doaba College, Jalandhar",Punjab,Science,"27,650","27,560",8.7,9.1,8.4,9.4,8.6,8.1,8.5,"Doaba College, Jalandhar",EXACT,False
Sant Longowal Institute of Engineering and Technology,Punjab,Science,"52,000","27,900",7.6,7.7,7.1,7.5,8.4,6.5,8.1,Sant Longowal Institute of Engineering and Technology,EXACT,False
DAV College,Punjab,Science,"29,065","58,910",8,8.4,7.4,8.3,8,6.8,8.8,DAV College,EXACT,False
St. Xavier's College,West Bengal,Science,"60,500","1,68,000",8.3,8.8,7.4,8.4,8.6,7.8,8.8,St. Xavier's College,EXACT,False
Ramakrishna Mission Vivekananda Centenary College Rahara,West Bengal,Science,"10,420","34,040",8,9.3,6.9,8.9,8.5,6.4,7.7,Ramakrishna Mission Vivekananda Centenary College Rahara,EXACT,False
"Ramakrishna Mission Vidyamandira, Howrah",West Bengal,Science,"14,400","14,400",8.8,9.3,8.6,9.4,8.9,7.8,8.6,"Ramakrishna Mission Vidyamandira, Howrah",EXACT,False
Ramakrishna Mission Residential College,West Bengal,Science,"47,100","40,000",8.3,8.9,8.1,9,8.4,6.7,8.4,Ramakrishna Mission Residential College,EXACT,False
Lady Brabourne College,West Bengal,Science,"68,534",--,7.6,8.9,7,8.3,7.9,6.3,7,Lady Brabourne College,EXACT,False
"Bethune College, Kolkata",West Bengal,Science,"1,371","6,561",8,9.1,7.3,8.8,7.9,6.8,8.1,"Bethune College, Kolkata",EXACT,False
"Scottish Church College, Kolkata",West Bengal,Science,"20,246","50,900",7.8,8.3,7.8,8.3,8.1,6.3,8.2,"Scottish Church College, Kolkata",EXACT,False
"Loreto College, Kolkata",West Bengal,Science,"22,640",--,8.3,9.3,6.8,9.3,8.1,7.6,8.6,"Loreto College, Kolkata",EXACT,False
Indian Institute of Technology,West Bengal,Science,"25,465","82,070",8.5,8.8,7.2,8.2,8.9,8.8,9,IIT,EXACT,False
Jadavpur University,West Bengal,Science,"2,400",--,8.4,9,7.6,8.5,8.1,8.4,9,Jadavpur University,EXACT,False
Indian Institute of Engineering Science and Technology,West Bengal,Science,"41,500","28,000",8,8.3,7.7,7.9,7.9,7.5,8.4,Indian Institute of Engineering Science and Technology,EXACT,False
"University of Calcutta, Kolkata",West Bengal,Science,"2,314","1,604",7.7,8.6,6.9,8.5,7.7,6.5,7.7,"University of Calcutta, Kolkata",EXACT,False
"Presidency University, Kolkata",West Bengal,Science,"2,125","2,295",8.1,8.8,7.3,8.6,8.8,6.5,8.3,"Presidency University, Kolkata",EXACT,False
"NSHM Knowledge Campus, Durgapur",West Bengal,Science,"1,37,000","1,77,510",8.3,8.5,8.1,8.6,8.6,7.7,8.5,"NSHM Knowledge Campus, Durgapur",EXACT,False
National Institute of Technology,West Bengal,Science,"1,49,100","39,100",7.7,8,6.8,7.8,7.5,7.8,8.4,NIT,EXACT,False
Institute of Post Graduate Medical Education And,West Bengal,Science,"6,000",--,8,8.7,7.4,7.9,8.3,8.5,7.2,Institute of Post Graduate Medical Education And,EXACT,False
Guru Nanak Institute of Hotel Management,West Bengal,Science,"1,05,000",--,8,8.3,7.3,8,8.2,8.4,7.9,Guru Nanak Institute of Hotel Management,EXACT,False
"NSHM Knowledge Campus, Kolkata",West Bengal,Science,"1,56,000","1,40,000",7.8,8,6.8,8.1,8.2,7.7,8,"NSHM Knowledge Campus, Kolkata",EXACT,False
JD Birla Institute,West Bengal,Science,"1,75,248","84,200",7.6,8.3,6.1,8.1,7.7,7.6,8,JD Birla Institute,EXACT,False
"Annex College, Kolkata",West Bengal,Science,"1,98,000","1,20,000",7.9,7.7,8.3,8.3,7.8,7.5,8,"Annex College, Kolkata",EXACT,False
Institute of Management Study,West Bengal,Science,"55,000","55,000",7.3,7.8,6.4,7.7,7.6,7.3,6.8,Institute of Management Study,EXACT,False
"George Group of Colleges, Kolkata",West Bengal,Science,"88,550","1,16,000",7.8,8.7,6.4,8.6,8,7.5,7.5,"George Group of Colleges, Kolkata",EXACT,False
Indian Institute of Social Welfare and Business,West Bengal,Science,--,--,7.7,8.6,6.5,8.3,6.9,8,8,Indian Institute of Social Welfare and Business,EXACT,False
"Gokhale Memorial Girls' College, Kolkata",West Bengal,Science,"16,060",--,7.8,8.8,7.2,8.8,7.1,7.2,7.9,"Gokhale Memorial Girls' College, Kolkata",EXACT,False
"NIMAS, Kolkata",West Bengal,Science,"1,49,000",--,8.8,9.7,9,8.6,9.5,7.4,8.4,"NIMAS, Kolkata",EXACT,False
Institute of Engineering and Management,West Bengal,Science,--,--,7.5,8.2,6.5,8,6.7,8.4,7.2,Institute of Engineering and Management,EXACT,False
Eastern Institute for Integrated Learning In Management,West Bengal,Science,"2,70,000",--,7.5,7.6,6.6,7.5,7.4,8.1,7.6,Eastern Institute for Integrated Learning In Management,EXACT,False
"KD College of Commerce & General Studies,",West Bengal,Science,"11,700",--,7.3,8.8,7.8,6.4,8.2,5.3,7,KD College of Commerce & General Studies,EXACT,False
Uttar Banga Krishi Vishwavidyalaya,West Bengal,Science,"6,000",--,7.3,7.9,6.6,8,7.3,5.5,8.2,Uttar Banga Krishi Vishwavidyalaya,EXACT,False
"Asutosh College, Kolkata",West Bengal,Science,"7,250",--,7.5,8.3,6.5,8.4,7.7,5.6,8.5,"Asutosh College, Kolkata",EXACT,False
National Institute of Technology,Odisha,Science,"97,500","1,13,000",8.4,8.3,7.9,7.8,9.1,8.2,8.9,NIT,EXACT,False
Indian Institute of Technology,Odisha,Science,"84,460","43,568",7.8,8.1,8,8,7.8,7.8,7.2,IIT,EXACT,False
Siksha 'O' Anusandhan University,Odisha,Science,"85,000","25,000",8.3,8.6,7.6,8.3,8.7,8,8.5,Siksha 'O' Anusandhan University,EXACT,False
Institute of Technical Education and Research,Odisha,Science,"85,000",--,8.2,8.4,7.4,8.2,8.6,8.3,8,Institute of Technical Education and Research,EXACT,False
Kalinga Institute of Industrial Technology,Odisha,Science,"1,39,000","2,71,000",8.6,8.4,8.1,8.2,9.2,8.6,9,Kalinga Institute of Industrial Technology,EXACT,False
Xavier University,Odisha,Science,"1,67,000","1,50,000",8.2,8.7,7.8,8.4,9.2,6.8,8.4,Xavier University,EXACT,False
"C. V. Raman Global University, Bhubaneswar",Odisha,Science,"40,000",--,7.6,7.9,7,7.5,8.2,7.5,7.6,C. V. Raman Global University,EXACT,False
Veer Surendra Sai University of Technology,Odisha,Science,"91,140","91,140",7.9,8.2,7.7,7.9,7.4,7.7,8.4,Veer Surendra Sai University of Technology,EXACT,False
Central Institute of Freshwater Aquaculture,Odisha,Science,"60,900",--,--,--,--,--,--,--,--,Central Institute of Freshwater Aquaculture,EXACT,False
BJB Autonomous College,Odisha,Science,"25,000",--,7.4,8.3,6.8,7.9,7.4,5.9,7.9,BJB Autonomous College,EXACT,False
Orissa University of Agriculture and Technology,Odisha,Science,"35,569","17,860",7.5,8.1,7.6,8.1,7.1,6,8.3,Orissa University of Agriculture and Technology,EXACT,False
Regional Institute of Education,Odisha,Science,"14,155",--,8.3,8.5,8,8.2,8,8.3,8.9,Regional Institute of Education,EXACT,False
Biju Pattnaik College of Science & Education,Odisha,Science,--,--,8,8.5,6.9,8.6,8,7.5,8.4,Biju Pattnaik College of Science & Education,EXACT,False
"Rama Devi Women's University, Bhubaneswar",Odisha,Science,"4,023","3,610",7.9,8.5,7.3,8.7,8.3,6,8.7,Rama Devi Women's University,EXACT,False
Directorate of Research on Woman in Agriculture,Odisha,Science,--,--,--,--,--,--,--,--,--,Directorate of Research on Woman in Agriculture,EXACT,False
"Maharishi College of Natural Law, Bhubaneswar",Odisha,Science,--,--,7.5,8.6,6.4,8.8,7.8,4.7,8.9,Maharishi College of Natural Law,EXACT,False
Biju Patnaik University of Technology,Odisha,Science,--,--,6.2,6.1,6.7,6.4,6.8,4.8,6.1,Biju Patnaik University of Technology,EXACT,False
Sri Sri University,Odisha,Science,"1,24,890","1,24,890",7.1,7.3,6.7,7,7.3,6.3,8.2,Sri Sri University,EXACT,False
"Khallikote University -[KUB], Berhampur",Odisha,Science,"24,700","51,100",8.6,8.6,8.1,8.7,9,8.2,8.7,"Khallikote University -[KUB], Berhampur",EXACT,False
"D.R. Nayapalli College, Bhubaneswar",Odisha,Science,--,--,8.3,7.8,8.5,9,7.5,7.5,9.3,"D.R. Nayapalli College, Bhubaneswar",EXACT,False
Satwik Institute Of Professional Studies,Odisha,Science,--,--,--,--,--,--,--,--,--,Satwik Institute Of Professional Studies,EXACT,False
Birla Global University,Odisha,Science,"1,28,000",--,8.3,8.8,8.1,7.8,8.8,8.1,8.4,Birla Global University,EXACT,False
Centurion University of Technology and Management,Odisha,Science,"50,000","1,00,000",8.1,8.3,7.6,8.5,8.4,7.4,8.5,Centurion University of Technology and Management,EXACT,False
International Institute of Information Technology,Odisha,Science,"80,000",--,7.7,8,6.9,7.6,7.8,7.7,8.2,International Institute of Information Technology,EXACT,False
Attitude Business School,Odisha,Science,--,--,--,--,--,--,--,--,--,Attitude Business School,EXACT,False
"Indira Gandhi Institute of Technology- [IGIT], Dhenkanal",Odisha,Science,--,--,7.8,8,8.3,7.9,7.7,6.7,8.4,Indira Gandhi Institute of Technology- [IGIT],EXACT,False
Silicon Institute of Technology,Odisha,Science,"2,70,000",--,7.7,8.5,7,8.1,7.3,7.7,7.5,Silicon Institute of Technology,EXACT,False
National Institute of Science and Technology,Odisha,Science,--,--,7.9,8.2,7.1,8.1,8.1,7.8,7.9,National Institute of Science and Technology,EXACT,False
College of Engineering and Technology,Odisha,Science,"1,20,000","48,000",7.7,8,7.6,7.6,7.1,7.9,8.1,College of Engineering and Technology,EXACT,False
Indian Institute of Technology,Uttarakhand,Science,"21,500","28,500",8.4,8.5,7.6,7.9,9,8.6,8.9,IIT,EXACT,False
Govind Ballabh Pant University of Agriculture and,Uttarakhand,Science,"49,108","41,736",7.3,8,7.6,7.4,7.7,6,6.8,Govind Ballabh Pant University of Agriculture and,EXACT,False
Greenway Institute of Management Studies,Uttarakhand,Science,--,--,6.1,7,5.5,6.5,6.5,4,7,Greenway Institute of Management Studies,EXACT,False
"Graphic Era University, School of Engineering and",Uttarakhand,Science,"92,900",--,8.2,8.3,7.7,8,8.6,8.8,8,Graphic Era University,EXACT,False
Doon Business School,Uttarakhand,Science,"1,12,000",--,7.6,8,7,8.1,7.4,7.4,7.7,Doon Business School,EXACT,False
"College of Technology, GB Pant University of",Uttarakhand,Science,"46,056","46,056",7,7.1,6.7,6.9,7.3,6,7.7,College of Technology,EXACT,False
University of Petroleum and Energy Studies,Uttarakhand,Science,"3,36,500","3,69,500",8.1,8.1,7.8,7.9,8.6,7.7,8.2,University of Petroleum and Energy Studies,EXACT,False
"Institute of Media Management , Technology &",Uttarakhand,Science,"65,000",--,--,--,--,--,--,--,--,Institute of Media Management,EXACT,False
"Bishamber Sahai Degree College, Roorkee",Uttarakhand,Science,--,--,--,--,--,--,--,--,--,"Bishamber Sahai Degree College, Roorkee",EXACT,False
Dolphin PG Institute of BioMedical & Natural,Uttarakhand,Science,"75,000","55,000",7.7,8.4,6.5,7.9,7.8,6.7,8.6,Dolphin PG Institute of BioMedical & Natural,EXACT,False
Forest Research Institute,Uttarakhand,Science,"65,100",--,7.7,8,8,8,7.7,6.8,7.7,Forest Research Institute,EXACT,False
Wildlife Institute of India,Uttarakhand,Science,"5,32,800","11,00,000",9.1,9.5,9.3,9.1,9,8.6,9.2,Wildlife Institute of India,EXACT,False
"Doon University, Dehradun",Uttarakhand,Science,"41,750","47,750",7.2,7.3,7,7.3,7.9,6.3,7.6,"Doon University, Dehradun",EXACT,False
Doon Post Graduate College of Agriculture Science,Uttarakhand,Science,"70,000","70,000",6.7,7.5,6.4,7.6,7,4.9,6.8,Doon Post Graduate College of Agriculture Science,EXACT,False
DIT University,Uttarakhand,Science,"80,000","1,80,000",7.8,7.9,7.6,7.6,8.4,7.4,8,DIT University,EXACT,False
"Patanjali University, Haridwar",Uttarakhand,Science,"42,000","35,900",8.2,8.4,8.3,8.4,8.4,7.8,8.1,"Patanjali University, Haridwar",EXACT,False
"MotherHood University, Roorkee",Uttarakhand,Science,"62,650","1,05,000",8,8.3,7.9,7.6,8,8,8.3,"MotherHood University, Roorkee",EXACT,False
"Uttaranchal University, Dehradun",Uttarakhand,Science,"90,200","90,200",7.5,7.8,6.8,7.7,8.6,6.5,7.5,"Uttaranchal University, Dehradun",EXACT,False
Graphic Era University,Uttarakhand,Science,"1,21,700","1,06,000",8.3,8.2,7.9,8.4,8.6,8.1,8.4,Graphic Era University,EXACT,False
Swami Rama Himalayan University,Uttarakhand,Science,"1,23,500","1,05,500",7,7.1,6.6,6.9,7.4,7.1,6.7,Swami Rama Himalayan University,EXACT,False
Graphic Era Hill University,Uttarakhand,Science,"1,26,600","66,390",8.1,7.9,7.8,8.1,8.4,7.7,8.4,Graphic Era Hill University,EXACT,False
Shri Guru Ram Rai University,Uttarakhand,Science,"50,000","74,385",7.6,7.8,7.1,7.9,7.9,7.3,7.7,Shri Guru Ram Rai University,EXACT,False
"ICFAI University, Dehradun",Uttarakhand,Science,"2,40,000","2,56,800",7.8,8.2,7.5,8.2,7.4,7.3,7.9,"ICFAI University, Dehradun",EXACT,False
Himgiri Zee University,Uttarakhand,Science,"1,25,000","90,000",7.9,8.5,5.5,9,8,7.7,8.8,Himgiri Zee University,EXACT,False
UPES Centre for Continuing Education,Uttarakhand,Science,"78,500",--,7.9,8.7,8,8,8,7.3,7.3,UPES Centre for Continuing Education,EXACT,False
Roorkee Institute of Technology,Uttarakhand,Science,"60,000",--,8.5,8.5,8.5,8.6,8.7,8.4,8.5,Roorkee Institute of Technology,EXACT,False
Roorkee College of Engineering,Uttarakhand,Science,"69,200",--,9.4,9.3,9.2,9.4,9.4,9.3,9.5,Roorkee College of Engineering,EXACT,False
Indian Institute of Aeronautical Engineering,Uttarakhand,Science,"3,00,000",--,8.3,7.5,8.5,8.5,9,8,8,Indian Institute of Aeronautical Engineering,EXACT,False
"Loyola College, Chennai",Tamil Nadu,Commerce,"12,650","11,580",8.6,8.7,8.2,8.3,8.9,8.4,8.8,"Loyola College, Chennai",EXACT,False
Madras Christian College,Tamil Nadu,Commerce,"6,000",--,8.6,8.5,7.9,8.6,8.7,8.4,9.2,Madras Christian College,EXACT,False
"Stella Maris College, Chennai",Tamil Nadu,Commerce,"29,645","20,000",8.2,8.8,7.5,8.6,8.4,7.6,8.5,"Stella Maris College, Chennai",EXACT,False
"Ethiraj College for Women, Chennai",Tamil Nadu,Commerce,"76,000",--,8.1,8.5,7.3,8.2,7.9,7.9,8.6,"Ethiraj College for Women, Chennai",EXACT,False
Women's Christian College,Tamil Nadu,Commerce,"79,084","1,200",8.7,9,7.9,8.8,9.1,8.5,8.9,Women's Christian College,EXACT,False
"M.O.P. Vaishnav College for Women, Chennai",Tamil Nadu,Commerce,--,--,8.5,8.7,8.1,8.7,8.4,8.3,9,M.O.P. Vaishnav College for Women,EXACT,False
"Sri Krishna Arts and Science College, Coimbatore",Tamil Nadu,Commerce,"9,000",--,8.5,8.6,7.8,8.6,8.9,8.7,8.5,Sri Krishna Arts and Science College,EXACT,False
"Guru Nanak College, Chennai",Tamil Nadu,Commerce,"9,500","11,450",7.9,8.2,7.1,8,8.4,7.3,8.5,"Guru Nanak College, Chennai",EXACT,False
"Sri Ramakrishna College of Arts and Science,",Tamil Nadu,Commerce,"62,000","82,000",8.2,8.2,7.3,8.7,7.7,8.2,8.8,Sri Ramakrishna College of Arts and Science,EXACT,False
Dr. SNS Rajalakshmi College of Arts and,Tamil Nadu,Commerce,"51,000","33,000",8,8.3,7,8,8.3,8.4,7.7,Dr. SNS Rajalakshmi College of Arts and,EXACT,False
"Presidency College, Chennai",Tamil Nadu,Commerce,"1,250","2,215",8.2,8.8,7.3,8.9,8.1,7.6,8.6,"Presidency College, Chennai",EXACT,False
Vellore Institute of Technology,Tamil Nadu,Commerce,"57,000",--,8.3,8.3,8,7.8,8.9,8.5,8.5,Vellore Institute of Technology,EXACT,False
"PSG College of Arts and Science, Coimbatore",Tamil Nadu,Commerce,"56,850","10,000",8.3,8.5,7.9,8.2,8.5,8.2,8.7,PSG College of Arts and Science,EXACT,False
"PSGR Krishnammal College for Women, Coimbatore",Tamil Nadu,Commerce,"1,411",--,8.8,9.1,8.3,8.6,8.9,8.7,9,PSGR Krishnammal College for Women,EXACT,False
"Scott Christian College, Nagercoil",Tamil Nadu,Commerce,--,--,8.4,8.3,8,8.7,8.8,7.9,8.4,"Scott Christian College, Nagercoil",EXACT,False
"Government Arts College (Autonomous), Coimbatore",Tamil Nadu,Commerce,"1,355","1,135",7.7,8.8,6.7,8.5,7.4,6.3,8.6,Government Arts College (Autonomous),EXACT,False
SRM Institute of Technology,Tamil Nadu,Commerce,"1,35,000","35,000",8,8,7.1,7.6,8.7,8.2,8.6,SRM Institute of Technology,EXACT,False
"Thiagarajar College, Madurai",Tamil Nadu,Commerce,"44,170","28,995",7.5,7.9,7.1,8,7.1,7.2,7.9,"Thiagarajar College, Madurai",EXACT,False
"St. Joseph's College, Tiruchirappalli",Tamil Nadu,Commerce,"14,270","9,790",8.6,9.1,7.9,8.7,9.1,8,8.8,"St. Joseph's College, Tiruchirappalli",EXACT,False
Annamalai University,Tamil Nadu,Commerce,"7,195","10,195",7.4,8.1,6.7,8,7.9,6.5,7.2,Annamalai University,EXACT,False
"Queen Mary's College, Chennai",Tamil Nadu,Commerce,"1,512",592,7.6,7.9,6.9,8.3,6.8,7.6,8.2,"Queen Mary's College, Chennai",EXACT,False
Bishop Heber College,Tamil Nadu,Commerce,"79,170","55,140",8.3,8.5,7.8,8.2,8.9,8.1,8.4,Bishop Heber College,EXACT,False
"Kongunadu Arts and Science College, Coimbatore",Tamil Nadu,Commerce,"52,000","35,000",7.3,8,6.7,8.3,7.3,6.3,7,Kongunadu Arts and Science College,EXACT,False
"CMS College of Science and Commerce, Coimbatore",Tamil Nadu,Commerce,"50,000",--,8.2,8.3,7.4,8.1,8.5,8,8.7,CMS College of Science and Commerce,EXACT,False
Jamal Mohamed College,Tamil Nadu,Commerce,"16,200","12,000",8.5,8.8,8.1,8.5,8.6,8.4,8.6,Jamal Mohamed College,EXACT,False
Sri Ramakrishna Mission Vidyalaya College of Arts,Tamil Nadu,Commerce,"20,000","20,590",8.6,8.8,7.7,8.9,9,8.1,8.9,Sri Ramakrishna Mission Vidyalaya College of Arts,EXACT,False
"SASTRA University, Thanjavur",Tamil Nadu,Commerce,"47,000","54,750",8.1,8.5,7,8.2,8.3,8.7,8.1,"SASTRA University, Thanjavur",EXACT,False
Virudhunagar Hindu Nadar's Senthikumara Nadar College,Tamil Nadu,Commerce,654,"15,915",8.5,9,8.3,8.4,8.8,7.9,8.6,Virudhunagar Hindu Nadar's Senthikumara Nadar College,EXACT,False
"Sathyabama Institute of Science and Technology, Chennai",Tamil Nadu,Commerce,"1,10,000",--,7.8,7.9,8.4,7.6,7.7,8,7.2,Sathyabama Institute of Science and Technology,EXACT,False
Dr. N.G.P. Arts and Science College,Tamil Nadu,Commerce,--,--,7.6,7.8,7.1,7.5,8.4,7.7,7,Dr. N.G.P. Arts and Science College,EXACT,False
"St. Xavier's College, Mumbai",Maharashtra,Commerce,"5,537",--,8.2,8.7,7.3,8.3,8.8,7.6,8.7,"St. Xavier's College, Mumbai",EXACT,False
"Narsee Monjee College of Commerce and Economics,",Maharashtra,Commerce,"35,000","32,000",8.3,8.7,7.5,8.4,8.5,7.8,8.6,Narsee Monjee College of Commerce and Economics,EXACT,False
"RA Podar College of Commerce and Economics,",Maharashtra,Commerce,"40,900","12,600",7.7,8.8,6.8,8.1,7.4,7.1,8.2,RA Podar College of Commerce and Economics,EXACT,False
"Symbiosis College of Arts and Commerce, Pune",Maharashtra,Commerce,"19,100","40,511",8.3,8.8,7.5,8.6,7.7,8.2,8.9,Symbiosis College of Arts and Commerce,EXACT,False
"HR College of Commerce and Economics, Mumbai",Maharashtra,Commerce,"18,162","14,722",7.9,8.6,7.2,8.3,6.4,8.5,8.6,HR College of Commerce and Economics,EXACT,False
K J Somaiya College of Arts &,Maharashtra,Commerce,"9,995","13,230",8.1,8.1,8.4,7.8,8.8,7,8.5,K J Somaiya College of Arts &,EXACT,False
"Sydenham College of Commerce & Economics, Mumbai",Maharashtra,Commerce,"5,415","8,165",7.8,8.2,7.2,8.1,7.2,7.7,8.4,Sydenham College of Commerce & Economics,EXACT,False
KPB Hinduja College of Commerce,Maharashtra,Commerce,"14,831",--,7.3,7.7,6.6,8.3,6.8,6.2,8.2,KPB Hinduja College of Commerce,EXACT,False
"Mithibai College of Arts, Mumbai",Maharashtra,Commerce,"95,000","35,000",8.5,8.5,8.3,8.4,8.9,7.6,9,"Mithibai College of Arts, Mumbai",EXACT,False
Brihan Maharashtra College of Commerce,Maharashtra,Commerce,"9,750","7,225",8.3,8.8,7.2,8.6,8.6,7.6,8.9,Brihan Maharashtra College of Commerce,EXACT,False
Kishinchand Chellaram College,Maharashtra,Commerce,"9,535","32,920",8.3,8.6,7.9,8.5,8.4,7.4,8.7,Kishinchand Chellaram College,EXACT,False
"Mulund College of Commerce, Mumbai",Maharashtra,Commerce,"18,850","12,365",7.7,8.4,6.9,8.6,7.1,7.2,7.9,"Mulund College of Commerce, Mumbai",EXACT,False
B.K Birla College Of Arts Science &,Maharashtra,Commerce,"12,950","11,715",7.6,8,6.5,8.1,8.1,6.6,8,B.K Birla College Of Arts Science &,EXACT,False
Kelkar Education Trust's V.G. Vaze College of,Maharashtra,Commerce,"20,366","16,552",8.4,8.9,7.8,8.7,8.7,7.7,8.7,Kelkar Education Trust's V.G. Vaze College of,EXACT,False
"St. Mira's College for Girls, Pune",Maharashtra,Commerce,"19,350","4,000",6.9,7.2,6.1,8.3,6.8,5.6,7.2,"St. Mira's College for Girls, Pune",EXACT,False
IIT Bombay,Maharashtra,Commerce,"73,000",--,8.9,9.3,7.9,8.7,8.9,9.1,9.2,IIT Bombay,EXACT,False
D.G. Ruparel College of Arts Science and,Maharashtra,Commerce,"5,805",--,7.9,8.3,7.5,8.1,8.6,6.8,8.2,D.G. Ruparel College of Arts Science and,EXACT,False
"Ramnarain Ruia Autonomous College, Mumbai",Maharashtra,Commerce,--,--,7.9,8.4,7,8,8.4,6.6,8.9,Ramnarain Ruia Autonomous College,EXACT,False
Savitribai Phule Pune University,Maharashtra,Commerce,--,--,7.6,8.1,7.1,7.9,7.9,6.8,7.5,Savitribai Phule Pune University,EXACT,False
Jai Hind College,Maharashtra,Commerce,"5,330","14,947",8.5,8.5,8.3,8.5,8.4,7.8,9.2,Jai Hind College,EXACT,False
"Sophia College for Women, Mumbai",Maharashtra,Commerce,--,--,8.6,9.1,8.4,9.1,9.5,6.6,9,"Sophia College for Women, Mumbai",EXACT,False
Narsee Monjee Institute of Management Studies,Maharashtra,Commerce,"2,02,000",--,8.1,8.4,7.6,8.5,8.1,7.9,8.2,Narsee Monjee Institute of Management Studies,EXACT,False
St Andrew's College of Arts Science and,Maharashtra,Commerce,"19,087","16,125",8.2,8.4,7.2,8.3,8.6,7.6,8.8,St Andrew's College of Arts Science and,EXACT,False
Modern College of Arts Science and Commerce,Maharashtra,Commerce,--,--,7.5,8,6.6,8.3,7.3,6.9,7.6,Modern College of Arts Science and Commerce,EXACT,False
Mumbai University,Maharashtra,Commerce,"3,680","21,720",7.2,7.6,6.5,7.9,7.4,6.6,7,Mumbai University,EXACT,False
"Bharati Vidyapeeth New Law College -[NLC], Pune",Maharashtra,Commerce,--,--,7.1,7.9,6.1,8,6.4,6.5,7.4,Bharati Vidyapeeth New Law College -[NLC],EXACT,False
Prin. L. N. Welingkar Institute of Management,Maharashtra,Commerce,"12,300",--,8,8.4,7.4,8.4,8.2,7.8,7.9,Prin. L. N. Welingkar Institute of Management,EXACT,False
National Institute of Management,Maharashtra,Commerce,"45,700","40,700",10,--,--,--,--,--,--,National Institute of Management,EXACT,False
"Wilson College, Mumbai",Maharashtra,Commerce,"4,170",--,7.4,7.7,6.7,7.9,7.7,6.1,8.3,"Wilson College, Mumbai",EXACT,False
"Elphinstone College, Mumbai",Maharashtra,Commerce,"3,995",--,7.5,8.1,6.8,7.9,7.9,6.5,8,"Elphinstone College, Mumbai",EXACT,False
Banaras Hindu University,Uttar Pradesh,Commerce,"3,420","3,900",8.3,8.7,8.1,8.4,8.8,7.2,8.6,Banaras Hindu University,EXACT,False
Aligarh Muslim University,Uttar Pradesh,Commerce,"9,285","84,845",8.3,8.8,7.9,8.5,8.8,7.2,8.6,Aligarh Muslim University,EXACT,False
"Amity University, Noida",Uttar Pradesh,Commerce,"1,10,000","1,20,000",8.2,8,7.9,8.1,8.9,7.6,8.7,"Amity University, Noida",EXACT,False
"Amity University, Lucknow",Uttar Pradesh,Commerce,"84,000","1,30,000",8.1,8,7.6,8.1,8.8,7.1,8.8,"Amity University, Lucknow",EXACT,False
"Lloyd Law College, Greater Noida",Uttar Pradesh,Commerce,--,--,7.5,8.5,7.2,7.8,7.8,7.1,6.8,"Lloyd Law College, Greater Noida",EXACT,False
Chaudhary Charan Singh University,Uttar Pradesh,Commerce,"26,500","1,366",6.4,6.6,6.1,7.3,6.6,4.9,6.6,Chaudhary Charan Singh University,EXACT,False
"National Post Graduate College, Lucknow",Uttar Pradesh,Commerce,"25,000","25,500",7.6,8.6,7.4,8.5,7.6,6.8,6.7,"National Post Graduate College, Lucknow",EXACT,False
Sam Higginbottom University of Agriculture Technology and,Uttar Pradesh,Commerce,"52,000","42,000",7.2,7.6,6.6,7.5,7.5,6,7.9,Sam Higginbottom University of Agriculture Technology and,EXACT,False
"IIMT College of Management, Greater Noida",Uttar Pradesh,Commerce,"59,500",--,8.4,8.7,8.1,9,8.3,7.7,8.4,IIMT College of Management,EXACT,False
"INMANTEC Institutions, Ghaziabad",Uttar Pradesh,Commerce,"30,000",--,8.6,9.1,7.9,9.2,8.6,8.2,8.7,"INMANTEC Institutions, Ghaziabad",EXACT,False
Ewing Christian College,Uttar Pradesh,Commerce,"35,000",--,7,8.2,5.7,7.9,7.5,5.1,7.8,Ewing Christian College,EXACT,False
Teerthanker Mahaveer University,Uttar Pradesh,Commerce,"79,900",--,8.1,8.3,7.6,8.2,8.7,7.3,8.3,Teerthanker Mahaveer University,EXACT,False
"Presidency College of Education and Technology, Meerut",Uttar Pradesh,Commerce,--,--,--,--,--,--,--,--,--,Presidency College of Education and Technology,EXACT,False
"Mewar Institute of Management, Ghaziabad",Uttar Pradesh,Commerce,"30,000",--,7.9,8.3,6.6,8.7,7.9,8.3,7.7,"Mewar Institute of Management, Ghaziabad",EXACT,False
Rajiv Academy for Technology and Management,Uttar Pradesh,Commerce,"50,000",--,8.6,9.4,8.1,9,8.1,8.5,8.5,Rajiv Academy for Technology and Management,EXACT,False
Mangalayatan University,Uttar Pradesh,Commerce,"90,000","25,000",7.9,7.8,7.8,8.2,8.4,7.1,8.1,Mangalayatan University,EXACT,False
Modern College of Professional Studies,Uttar Pradesh,Commerce,"15,000",--,7.8,8.3,7.5,7.6,7.3,7.8,8,Modern College of Professional Studies,EXACT,False
Shri Ram Murti Smarak International Business School,Uttar Pradesh,Commerce,"25,500",--,9.5,9.5,9.6,9.4,9.6,9.4,9.2,Shri Ram Murti Smarak International Business School,EXACT,False
"Mangalayatan University, Institute of Business Management",Uttar Pradesh,Commerce,"25,000","90,000",8.1,9,7.7,8.3,8.3,7.8,7.7,Mangalayatan University,EXACT,False
DAV College,Uttar Pradesh,Commerce,"4,500",--,6.7,7.5,5.6,7.3,7,5.8,7.1,DAV College,EXACT,False
"Shobhit University, School of Business Studies, Meerut",Uttar Pradesh,Commerce,"46,200","46,200",9.2,9.3,9,9.3,9.3,9.3,--,Shobhit University,EXACT,False
Teerthanker Mahaveer Institute of Management and Technology,Uttar Pradesh,Commerce,"87,700",--,8,8.1,7.8,8,8.3,7.5,8.3,Teerthanker Mahaveer Institute of Management and Technology,EXACT,False
Isabella Thoburn Degree College,Uttar Pradesh,Commerce,--,--,7.7,8.5,7.2,8.4,7.8,5.9,8.2,Isabella Thoburn Degree College,EXACT,False
Institute of Business Management,Uttar Pradesh,Commerce,"1,35,000","5,17,000",8.5,8.7,8.4,8.6,8.7,8.3,8.2,Institute of Business Management,EXACT,False
"Sharda University, School of Business Studies",Uttar Pradesh,Commerce,"1,69,950","1,03,000",8.8,8.4,8,9.5,8.6,8.2,9.8,Sharda University,EXACT,False
"Udai Pratap College, Varanasi",Uttar Pradesh,Commerce,"3,882","4,661",7.4,8.1,6.6,8.8,7.3,6.6,7,"Udai Pratap College, Varanasi",EXACT,False
"Central Women's College of Education-[CWCE], Lucknow",Uttar Pradesh,Commerce,--,--,--,--,--,--,--,--,--,Central Women's College of Education-[CWCE],EXACT,False
"R.B.D. Mahila Mahavidyalaya, Bijnor",Uttar Pradesh,Commerce,--,--,--,--,--,--,--,--,--,"R.B.D. Mahila Mahavidyalaya, Bijnor",EXACT,False
"Mahila Vidyalaya PG College, Lucknow",Uttar Pradesh,Commerce,"5,717",--,6.7,--,--,8,--,3,9,"Mahila Vidyalaya PG College, Lucknow",EXACT,False
Chhatrapati Shahu Ji Maharaj University,Uttar Pradesh,Commerce,"53,000","1,317",7.1,7.2,6.6,7.5,8,5.8,7.7,Chhatrapati Shahu Ji Maharaj University,EXACT,False
Shri Ram College of Commerce,Delhi,Commerce,"15,000","29,400",8.8,9.1,7.7,9.1,8.9,8.9,9.1,Shri Ram College of Commerce,EXACT,False
Lady Shri Ram College for Women,Delhi,Commerce,"19,870",--,8.5,8.8,7.9,8.6,8.6,8,8.9,Lady Shri Ram College for Women,EXACT,False
"Hindu College, New Delhi",Delhi,Commerce,"18,260","18,310",8.4,8.8,7.9,8.7,8.5,7.6,9,"Hindu College, New Delhi",EXACT,False
Hansraj College,Delhi,Commerce,"20,945","17,034",8.4,8.7,7.9,8.7,8.5,7.8,8.9,Hansraj College,EXACT,False
"Sri Venkateswara College, New Delhi",Delhi,Commerce,"12,405",--,8.3,8.7,7.8,8.5,8.2,7.9,8.8,"Sri Venkateswara College, New Delhi",EXACT,False
"Gargi College, New Delhi",Delhi,Commerce,"12,495",--,8.2,8.5,7.2,8.6,8,7.8,9,"Gargi College, New Delhi",EXACT,False
Kirori Mal College,Delhi,Commerce,"13,745",--,8.2,8.7,7.6,8.6,7.9,7.3,8.9,Kirori Mal College,EXACT,False
Indraprastha College for Women,Delhi,Commerce,"28,100",--,8,8.8,7.6,8.2,8.8,7.1,7.5,Indraprastha College for Women,EXACT,False
Jesus and Mary College,Delhi,Commerce,"16,610",--,7.9,8.6,6.9,8.1,8.5,7.1,8.4,Jesus and Mary College,EXACT,False
"Miranda House, New Delhi",Delhi,Commerce,"3,000",--,8.6,9.1,8.5,8.5,9.3,7.1,8.9,"Miranda House, New Delhi",EXACT,False
Atma Ram Sanatan Dharma College,Delhi,Commerce,"12,185","11,771",7.8,8.4,6.7,8.4,8,6.8,8.7,Atma Ram Sanatan Dharma College,EXACT,False
"Deen Dayal Upadhyaya College, New Delhi",Delhi,Commerce,"18,745",--,7.9,8.4,7.4,8.3,8.4,6.5,8.2,"Deen Dayal Upadhyaya College, New Delhi",EXACT,False
"Jamia Millia Islamia University-[JMI], New Delhi",Delhi,Commerce,"7,200","7,200",8,8.4,7.6,8.3,8.4,7.2,8.2,Jamia Millia Islamia University-[JMI],EXACT,False
"Kasturi Ram College of Higher Education, New",Delhi,Commerce,"55,500",--,7.1,7.6,5.6,8.3,6.9,6.4,7.5,Kasturi Ram College of Higher Education,EXACT,False
Sri Guru Tegh Bahadur Khalsa College,Delhi,Commerce,"26,965","18,954",7.8,8.2,7.2,8.2,8.1,6.8,8.3,Sri Guru Tegh Bahadur Khalsa College,EXACT,False
"Jamia Hamdard University, New Delhi",Delhi,Commerce,"1,25,000",--,7.5,8.1,7.3,7.8,8.1,6.5,7.4,"Jamia Hamdard University, New Delhi",EXACT,False
Acharya Narendra Dev College,Delhi,Commerce,"7,965",--,7.8,8.9,6.5,8.7,7.3,7.1,8.1,Acharya Narendra Dev College,EXACT,False
Guru Gobind Singh Indraprastha University,Delhi,Commerce,"83,800",--,7.8,8.1,7.5,8,8.1,6.9,8.1,Guru Gobind Singh Indraprastha University,EXACT,False
Delhi University,Delhi,Commerce,"5,140",--,7.9,8.4,7.4,8.4,7.9,7.2,8.3,Delhi University,EXACT,False
Daulat Ram College,Delhi,Commerce,"16,890",--,7.9,8.4,7.4,8.5,7.5,7.2,8.4,Daulat Ram College,EXACT,False
"Maitreyi College, New Delhi",Delhi,Commerce,"6,980",--,7.8,8.3,6.8,8.3,8,6.8,8.3,"Maitreyi College, New Delhi",EXACT,False
"Ramjas College, New Delhi",Delhi,Commerce,"14,495","14,284",7.9,8.4,7.1,8.4,7.9,7,8.5,"Ramjas College, New Delhi",EXACT,False
Shyam Lal College,Delhi,Commerce,"15,800",--,7.3,8.1,6.2,8,7.5,6.1,7.9,Shyam Lal College,EXACT,False
Maharshi Dayanand University,Delhi,Commerce,"3,984","3,192",7.8,8,7.7,8,8.4,6.6,8,Maharshi Dayanand University,EXACT,False
Delhi College of Arts and Commerce,Delhi,Commerce,"8,495",--,7.9,8.3,7.3,8.2,7.1,7.9,8.8,Delhi College of Arts and Commerce,EXACT,False
"Shivaji College, New Delhi",Delhi,Commerce,"19,850",--,7.8,8.2,6.8,8.3,8.1,6.8,8.3,"Shivaji College, New Delhi",EXACT,False
Maharaja Agrasen College,Delhi,Commerce,"12,000",--,7.7,8.2,6.7,8.1,8.7,6.5,7.9,Maharaja Agrasen College,EXACT,False
"Amity University, Noida",Delhi,Commerce,"1,10,000","1,20,000",8.2,8,7.9,8.1,8.9,7.6,8.7,"Amity University, Noida",EXACT,False
"Department of Commerce, University of Delhi, New",Delhi,Commerce,"4,001","3,685",8.4,8.3,8.5,8.9,8.2,8.3,8,Department of Commerce,EXACT,False
"Lloyd Law College, Greater Noida",Delhi,Commerce,--,--,7.5,8.5,7.2,7.8,7.8,7.1,6.8,"Lloyd Law College, Greater Noida",EXACT,False
Andhra Loyola College,Andhra Pradesh,Commerce,--,--,8,8.5,7.4,8.5,8.6,7,8.2,Andhra Loyola College,EXACT,False
K L University,Andhra Pradesh,Commerce,"1,85,000","90,000",8.3,8.5,7.6,8.3,8.8,8.3,8.2,K L University,EXACT,False
Sri Venkateswara University,Andhra Pradesh,Commerce,"8,510","9,900",8.1,7.9,8.3,8.2,7.9,7.7,8.4,Sri Venkateswara University,EXACT,False
GITAM Institute of Management,Andhra Pradesh,Commerce,"1,40,000","80,000",8.5,8.6,7.3,8.8,9.2,8.4,8.7,GITAM Institute of Management,EXACT,False
Acharya Nagarjuna University,Andhra Pradesh,Commerce,"4,665","11,750",7.3,7.7,7,7.2,8,5.7,8.2,Acharya Nagarjuna University,EXACT,False
"Silver Jubilee Government Degree College, Kurnool",Andhra Pradesh,Commerce,"5,291",--,7.7,8.3,6.1,9,7.7,7.1,7.9,Silver Jubilee Government Degree College,EXACT,False
"TSR and TBK Degree and PG College,",Andhra Pradesh,Commerce,"22,500",--,7.7,8.3,6,8.8,8,6.8,8.5,"TSR and TBK Degree and PG College,",EXACT,False
"Dr. Lankapalli Bullayya College, Visakhapatnam",Andhra Pradesh,Commerce,--,--,8.2,8.7,7.5,8.6,9,6.8,8.3,Dr. Lankapalli Bullayya College,EXACT,False
PVKN Govt Degree College,Andhra Pradesh,Commerce,"8,555",--,8.9,9.7,7.7,9,8.7,8.3,9.7,PVKN Govt Degree College,EXACT,False
Centurion University of Technology and Management,Andhra Pradesh,Commerce,"80,000",--,7.8,8,7.2,8.3,7.6,7.4,8.3,Centurion University of Technology and Management,EXACT,False
VIT University,Andhra Pradesh,Commerce,"1,53,000",--,8.2,8.3,7.9,8.3,8.1,8.4,8.1,VIT University,EXACT,False
"SRM University, Amaravathi",Andhra Pradesh,Commerce,"16,000",--,8.7,8.7,8.1,9.2,9.2,8.4,8.4,"SRM University, Amaravathi",EXACT,False
"Andhra University, College of Science & Technology,",Andhra Pradesh,Commerce,--,--,8,8.6,6.4,8.8,8.3,7.1,8.7,Andhra University,EXACT,False
Siddartha Educational Academy Group of Institutions,Andhra Pradesh,Commerce,--,--,6.2,6.3,4.6,6.9,7.6,5.3,6.4,Siddartha Educational Academy Group of Institutions,EXACT,False
VIT-AP School of Business,Andhra Pradesh,Commerce,"1,53,000",--,8.1,8.8,8.3,8.3,7.8,7.8,7.8,VIT-AP School of Business,EXACT,False
Emeralds Degree and PG College,Andhra Pradesh,Commerce,"25,000",--,8.6,9.3,8.3,8.6,9.5,7,8.6,Emeralds Degree and PG College,EXACT,False
"AGL Degree and PG College, Visakhapatnam",Andhra Pradesh,Commerce,--,--,7.4,7.5,6,9,8,6,8,"AGL Degree and PG College, Visakhapatnam",EXACT,False
"Adoni Arts and Science College, Adoni",Andhra Pradesh,Commerce,--,--,8.2,8.5,7.3,8.5,8.3,7.8,8.7,"Adoni Arts and Science College, Adoni",EXACT,False
A.G & S.G Siddhartha Degree College of,Andhra Pradesh,Commerce,"3,714","15,500",8.5,8.9,7.6,8.9,8.4,8.4,8.8,A.G & S.G Siddhartha Degree College of,EXACT,False
Akkineni Nageswara Rao College,Andhra Pradesh,Commerce,"3,315","9,210",8.6,9,9,8.3,--,--,--,Akkineni Nageswara Rao College,EXACT,False
"Andhra Muslim College of Arts and Science,",Andhra Pradesh,Commerce,--,--,--,--,--,--,--,--,--,Andhra Muslim College of Arts and Science,EXACT,False
"Annabattuni Satyanarayana Degree College, Guntur",Andhra Pradesh,Commerce,--,--,6.9,7.7,6,8,6.3,8.3,5,Annabattuni Satyanarayana Degree College,EXACT,False
"Besant Theosophical College, Madanapalle",Andhra Pradesh,Commerce,"6,000","20,000",8.3,8.5,8.5,8.5,8,8,8.5,"Besant Theosophical College, Madanapalle",EXACT,False
Ch S D St Theresa's Atonomous College,Andhra Pradesh,Commerce,"12,000",--,--,--,--,--,--,--,--,Ch S D St Theresa's Atonomous College,EXACT,False
Dantuluri Narayana Raju college,Andhra Pradesh,Commerce,"2,800","4,096",8.5,8.5,8.3,8.7,9.2,6.7,9.3,Dantuluri Narayana Raju college,EXACT,False
Duvvuru Ramanamma Women’s College,Andhra Pradesh,Commerce,"15,000",--,--,--,--,--,--,--,--,Duvvuru Ramanamma Women’s College,EXACT,False
Dharma Apparao College,Andhra Pradesh,Commerce,--,--,--,--,--,--,--,--,--,Dharma Apparao College,EXACT,False
"Dodla Kousalyamma Government College for Women, Nellore",Andhra Pradesh,Commerce,"4,840",--,--,--,--,--,--,--,--,Dodla Kousalyamma Government College for Women,EXACT,False
Government Degree College (Men),Andhra Pradesh,Commerce,--,--,7.8,8.5,5.5,--,--,--,--,Government Degree College (Men),EXACT,False
"Christ University, Bangalore",Karnataka,Commerce,"2,45,000","30,000",8.3,8.5,7.4,8.2,8.9,8.1,8.8,"Christ University, Bangalore",EXACT,False
St. Joseph's College of Commerce,Karnataka,Commerce,"1,38,500","81,600",8.3,8.8,7,8.5,7.8,8.5,8.9,St. Joseph's College of Commerce,EXACT,False
Mount Carmel College,Karnataka,Commerce,--,--,8.3,8.3,7.8,8.2,8.3,7.9,9.1,Mount Carmel College,EXACT,False
Kristu Jayanti College,Karnataka,Commerce,"70,000","80,000",8.4,8.9,7.7,8.4,8.9,8.1,8.5,Kristu Jayanti College,EXACT,False
"NMKRV College for Women, Bangalore",Karnataka,Commerce,"1,50,000","1,50,000",7.9,7.9,7.3,8.4,8.1,6.9,8.7,"NMKRV College for Women, Bangalore",EXACT,False
Manipal Academy of Higher Education,Karnataka,Commerce,"1,64,000","59,000",8.4,8.5,8.2,8.6,8.8,7.8,8.4,Manipal Academy of Higher Education,EXACT,False
St Joseph's College,Karnataka,Commerce,"70,450","78,500",8.1,8.4,7.3,8.4,8.3,7.6,8.6,St Joseph's College,EXACT,False
"St. Aloysius College, Mangalore",Karnataka,Commerce,"77,950","68,455",7.9,8.4,7.1,8.1,8.3,7.1,8.6,"St. Aloysius College, Mangalore",EXACT,False
T. A. Pai Management Institute,Karnataka,Commerce,"7,55,000",--,8.5,8.5,8.4,8.8,8.6,8.7,7.8,T. A. Pai Management Institute,EXACT,False
"Alliance University, Bangalore",Karnataka,Commerce,"6,00,000",--,8,8.2,7.2,8.2,8.8,7.6,8,"Alliance University, Bangalore",EXACT,False
Jyoti Nivas College,Karnataka,Commerce,"30,000","80,000",7.8,8.2,7.4,8.3,7.7,7,8.4,Jyoti Nivas College,EXACT,False
"The National Degree College, Bangalore",Karnataka,Commerce,--,--,7.3,8.3,6.3,8.5,7.2,6.9,6.8,"The National Degree College, Bangalore",EXACT,False
"MES College of Arts, Commerce & Science,",Karnataka,Commerce,"21,018",--,7.3,8,6.2,8,6.5,6.6,8.2,"MES College of Arts, Commerce & Science,",EXACT,False
"Seshadripuram College, Bangalore",Karnataka,Commerce,"36,000","36,000",8.1,8.5,7.3,8.4,7.9,8,8.5,"Seshadripuram College, Bangalore",EXACT,False
St George College of Management Science and,Karnataka,Commerce,"3,35,000",--,6.4,7.5,5.5,8,6,5,6.3,St George College of Management Science and,EXACT,False
Administrative Management College,Karnataka,Commerce,"45,000",--,5.5,5.6,4.9,5.3,6.9,4.4,5.7,Administrative Management College,EXACT,False
"Sri Bhagawan Mahaveer Jain College (Evening), V",Karnataka,Commerce,"48,500",--,7.4,7.6,6.5,7.8,7.1,7.2,8.2,Sri Bhagawan Mahaveer Jain College (Evening),EXACT,False
"Ramaiah College of Arts, Science and Commerce",Karnataka,Commerce,--,--,7.9,8.1,7.9,8,8.3,7,8.3,Ramaiah College of Arts,EXACT,False
SDM Institute for Management Development,Karnataka,Commerce,"5,90,000",--,8.6,8.6,8.9,8.4,9.3,7.6,8.6,SDM Institute for Management Development,EXACT,False
"AIMS Institutes, Bangalore",Karnataka,Commerce,"1,49,000","1,69,000",7.3,7.8,6.6,8.1,6.5,7.2,7.3,"AIMS Institutes, Bangalore",EXACT,False
International School of Business and Research,Karnataka,Commerce,"1,00,000",--,7.7,7.9,7.3,8,7.5,7.5,8.2,International School of Business and Research,EXACT,False
PES University,Karnataka,Commerce,"81,050","80,000",8,8.5,7.7,8.1,8.1,8.1,7.6,PES University,EXACT,False
"The Oxford College of Business Management, Bangalore",Karnataka,Commerce,"50,000","70,000",6.6,7,6.2,7.8,7,5.8,5.9,The Oxford College of Business Management,EXACT,False
Indian Academy Group of Institutions,Karnataka,Commerce,"2,35,000","1,88,500",7.9,8.6,7.6,8.5,7.5,7.8,7.6,Indian Academy Group of Institutions,EXACT,False
T John College,Karnataka,Commerce,"86,700","72,700",8,8.1,7.8,8.1,8.5,7.6,7.8,T John College,EXACT,False
"Presidency College, Bangalore",Karnataka,Commerce,"1,30,000","1,00,000",7.8,8.4,6.8,8.5,7.7,7.5,7.7,"Presidency College, Bangalore",EXACT,False
"BLDE Association's AS Patil College of Commerce,",Karnataka,Commerce,--,--,7.6,7.5,5.5,9,8,7,8.7,BLDE Association's AS Patil College of Commerce,EXACT,False
T John Institute of Management and Science,Karnataka,Commerce,"86,000","72,000",8.1,8.5,7.5,8.5,8,7.8,8.3,T John Institute of Management and Science,EXACT,False
"Surana College, Bangalore",Karnataka,Commerce,"64,500",--,7.8,8.2,6.7,8.3,7.8,7.3,8.2,"Surana College, Bangalore",EXACT,False
Acharya Bangalore B-School,Karnataka,Commerce,"1,85,000","1,90,000",7.8,8.1,6.9,8.2,8.4,7.6,7.6,Acharya Bangalore B-School,EXACT,False
"Loyola Academy Degree and PG College, Secunderabad",Telangana,Commerce,"40,400",--,8.1,8.5,7.2,8.4,8.5,7.7,8.4,Loyola Academy Degree and PG College,EXACT,False
"St Ann's College for Women, Hyderabad",Telangana,Commerce,"11,955","12,080",8.1,8.6,6.9,8.7,8.5,7.7,8.4,"St Ann's College for Women, Hyderabad",EXACT,False
Osmania University College for Women,Telangana,Commerce,"26,155","22,730",8.2,8,8.4,8.7,8.5,6.5,9,Osmania University College for Women,EXACT,False
Badruka College of Commerce and Arts,Telangana,Commerce,"32,000",--,8.7,8.9,8.3,8.8,8.6,8.7,8.8,Badruka College of Commerce and Arts,EXACT,False
"St Joseph's Degree and PG College, Hyderabad",Telangana,Commerce,--,--,7.8,8.2,6.4,8.4,7.5,8,8.1,St Joseph's Degree and PG College,EXACT,False
Indian Institute of Management and Commerce,Telangana,Commerce,"47,500",--,7.7,8.3,5.3,8.6,7.5,8.1,8.3,Indian Institute of Management and Commerce,EXACT,False
University of Hyderabad,Telangana,Commerce,"11,210",--,8.4,8.7,7.6,8.5,9,7.5,8.8,University of Hyderabad,EXACT,False
ICFAI Foundation for Higher Education,Telangana,Commerce,"35,000","47,000",8.2,8.3,7.5,8.1,8.6,7.8,8.9,ICFAI Foundation for Higher Education,EXACT,False
ICFAI Business School,Telangana,Commerce,"35,000","65,000",8.2,8.2,8,8.1,8.5,7.8,8.7,ICFAI Business School,EXACT,False
"ICFAI Law School, Hyderabad",Telangana,Commerce,"12,000",--,8.4,8.5,8,8.7,8.5,8.1,8.4,"ICFAI Law School, Hyderabad",EXACT,False
Kasturba Gandhi Degree and PG College for,Telangana,Commerce,"22,000","12,080",8,8.1,7,8.3,8.6,7.1,8.8,Kasturba Gandhi Degree and PG College for,EXACT,False
Narsee Monjee Institute of Management Studies,Telangana,Commerce,"1,02,000",--,8.8,8.9,8.4,9.2,8.9,8.5,8.9,Narsee Monjee Institute of Management Studies,EXACT,False
"Nizam College, Hyderabad",Telangana,Commerce,"15,600",--,8.2,8.3,7.5,8.6,8.3,7.6,8.7,"Nizam College, Hyderabad",EXACT,False
A.V. College of Arts Science and Commerce,Telangana,Commerce,"22,605","12,080",8,8.1,6.3,8.1,8.7,7.8,8.9,A.V. College of Arts Science and Commerce,EXACT,False
Woxsen School of Business,Telangana,Commerce,"2,50,000",--,8.3,8.1,8.1,8.6,8.4,8.2,8.3,Woxsen School of Business,EXACT,False
Osmania University,Telangana,Commerce,--,--,7.9,8.3,7.5,8,8,7.7,7.9,Osmania University,EXACT,False
Kakatiya University,Telangana,Commerce,"28,960","7,900",7.2,7.4,6.8,7.6,7.2,6.8,7.4,Kakatiya University,EXACT,False
"St Francis College for Women, Hyderabad",Telangana,Commerce,"10,000","12,080",8.5,8.9,7.2,8.5,8.9,8.6,9,"St Francis College for Women, Hyderabad",EXACT,False
Dr. B.R. Ambedkar Open University,Telangana,Commerce,"2,000","5,000",6.7,7.3,5.6,7.8,7.2,5.5,6.8,Dr. B.R. Ambedkar Open University,EXACT,False
K L University,Telangana,Commerce,"2,05,000","1,40,000",7.9,7.9,7.4,8.1,8.2,7.6,8.1,K L University,EXACT,False
Maulana Azad National Urdu University,Telangana,Commerce,"9,000","8,400",7.8,7,8.3,8.1,8.6,7.1,7.9,Maulana Azad National Urdu University,EXACT,False
Sarojini Naidu Vanita Mahavidyalaya,Telangana,Commerce,"7,800","11,000",9.4,9.8,9.8,8.5,9.5,9,9.5,Sarojini Naidu Vanita Mahavidyalaya,EXACT,False
Raja Bahadur Venkat Rama Reddy Women's College,Telangana,Commerce,"30,180",--,8.2,7.8,7.6,8.6,8.3,7.9,8.7,Raja Bahadur Venkat Rama Reddy Women's College,EXACT,False
Birla Institute of Technology and Science,Telangana,Commerce,"78,625",--,9,9,8.4,8.8,9.4,9.1,9.4,Birla Institute of Technology and Science,EXACT,False
Hyderabad School of Business,Telangana,Commerce,"25,000",--,7.7,8,7.3,8.3,7.7,7.4,7.5,Hyderabad School of Business,EXACT,False
"Avanthi Degree & P.G. College, Hyderabad",Telangana,Commerce,--,--,7.7,8,6.2,8.6,7.3,7.8,8.2,"Avanthi Degree & P.G. College, Hyderabad",EXACT,False
London Management Academy,Telangana,Commerce,"60,000",--,7.4,7.1,6.9,7.5,7.3,7.9,7.6,London Management Academy,EXACT,False
Indian School of Business Management and Administration,Telangana,Commerce,"14,900","20,900",6.9,7.1,6.8,6.8,7.1,6.8,6.7,Indian School of Business Management and Administration,EXACT,False
"SR University, Warangal",Telangana,Commerce,"95,000",--,7.8,8.1,7.2,8.3,7.9,7.7,7.8,"SR University, Warangal",EXACT,False
Rabindranath Tagore University,Madhya Pradesh,Commerce,"20,000","55,000",7.7,8,7.4,7.8,8.6,6.4,7.8,Rabindranath Tagore University,EXACT,False
"Rajeev Gandhi College, Bhopal",Madhya Pradesh,Commerce,"7,000","6,000",6.7,7,5.9,7.3,7.1,5.6,7.2,"Rajeev Gandhi College, Bhopal",EXACT,False
Prestige Institute of Management,Madhya Pradesh,Commerce,"36,000",--,6.1,7,5,6,6,6.3,6.5,Prestige Institute of Management,EXACT,False
Islamia Karimia College,Madhya Pradesh,Commerce,"10,852","10,600",5.9,6,5.5,8,5.5,4.5,6,Islamia Karimia College,EXACT,False
People's Institute of Management & Research,Madhya Pradesh,Commerce,"18,000","18,000",--,--,--,--,--,--,--,People's Institute of Management & Research,EXACT,False
CH Institute of Management & Commerce,Madhya Pradesh,Commerce,"10,000",--,7.2,8,7,7,8.3,6.3,6.7,CH Institute of Management & Commerce,EXACT,False
Vidyasagar Institute of Management,Madhya Pradesh,Commerce,--,--,--,--,--,--,--,--,--,Vidyasagar Institute of Management,EXACT,False
Institute for Excellence in Higher Education,Madhya Pradesh,Commerce,"18,882","8,000",7.2,7.9,6.5,7.9,7,6.7,7.4,Institute for Excellence in Higher Education,EXACT,False
"M.B. Khalsa College, Indore",Madhya Pradesh,Commerce,"16,000","15,000",6.6,6.7,5.2,7.8,7.1,5.7,7,"M.B. Khalsa College, Indore",EXACT,False
"Amity University, Gwalior",Madhya Pradesh,Commerce,"1,02,000","96,000",8.6,8.8,8.5,8.4,9.3,8,8.3,"Amity University, Gwalior",EXACT,False
"DAVV Mateshwari Sugni Devi Girls College, Indore",Madhya Pradesh,Commerce,--,--,--,--,--,--,--,--,--,DAVV Mateshwari Sugni Devi Girls College,EXACT,False
Government M L B Girls PG College,Madhya Pradesh,Commerce,--,--,6.9,7.1,6.5,7.4,6.5,5.8,7.8,Government M L B Girls PG College,EXACT,False
"SDPS Women's College, Indore",Madhya Pradesh,Commerce,"19,500",--,7.2,7,8.8,6.8,7.4,6.2,7,"SDPS Women's College, Indore",EXACT,False
"Devi Ahilya Vishwavidyalaya, Indore",Madhya Pradesh,Commerce,"52,600","31,500",7.5,8,6.5,7.8,7.5,7,7.9,"Devi Ahilya Vishwavidyalaya, Indore",EXACT,False
"Government Maharani Laxmi Bai Girls PG College,",Madhya Pradesh,Commerce,"5,250","4,870",--,--,--,--,--,--,--,Government Maharani Laxmi Bai Girls PG College,EXACT,False
"Altius Institute of Universal Studies, Indore",Madhya Pradesh,Commerce,"20,000",--,9,9,8,--,--,--,--,Altius Institute of Universal Studies,EXACT,False
Barkatullah University,Madhya Pradesh,Commerce,"21,450","3,295",6.9,7.3,6.1,7.4,6.9,6,7.5,Barkatullah University,EXACT,False
Indira Gandhi National Tribal University,Madhya Pradesh,Commerce,"6,700","8,000",7.5,7.5,7.3,8.4,7.9,5.9,7.9,Indira Gandhi National Tribal University,EXACT,False
Atal Bihari Vajpayee Hindi Vishwavidyalaya,Madhya Pradesh,Commerce,"6,500","10,250",7.7,8.3,6.3,8.7,7.3,7.8,7.9,Atal Bihari Vajpayee Hindi Vishwavidyalaya,EXACT,False
Awadhesh Pratap Singh University,Madhya Pradesh,Commerce,"30,000","15,000",7.1,7.9,6.5,8.1,7.2,5.3,7.3,Awadhesh Pratap Singh University,EXACT,False
"Career College, Bhopal",Madhya Pradesh,Commerce,"15,000","15,000",8.3,8.4,7.6,8.7,8.3,8.4,8.3,"Career College, Bhopal",EXACT,False
Madhya Pradesh Bhoj (Open) University,Madhya Pradesh,Commerce,"2,880","5,340",7.8,8.6,7.4,8.7,7.5,7.6,7.2,Madhya Pradesh Bhoj (Open) University,EXACT,False
Bonnie foi College,Madhya Pradesh,Commerce,"19,000","17,100",--,--,--,--,--,--,--,Bonnie foi College,EXACT,False
"VIT Bhopal University, Bhopal",Madhya Pradesh,Commerce,"70,000",--,7.9,8.6,7.7,8.4,7.1,8.1,7.4,"VIT Bhopal University, Bhopal",EXACT,False
Jagran Lakecity University,Madhya Pradesh,Commerce,"95,000","3,75,000",8,8,7.9,7.8,8.6,7.4,8.1,Jagran Lakecity University,EXACT,False
Narsee Monjee Institute of Management Studies -[NMIMS,Madhya Pradesh,Commerce,"1,02,000",--,8.7,8.4,8.9,9.7,9.2,6.2,9.6,Narsee Monjee Institute of Management Studies -[NMIMS,EXACT,False
"RKDF University, Bhopal",Madhya Pradesh,Commerce,"13,000","50,000",7.6,8,7,7.8,8,6.5,8.2,"RKDF University, Bhopal",EXACT,False
Institute of Professional Education and Research,Madhya Pradesh,Commerce,"1,74,176",--,8.5,9,7.5,9,8.2,8,9.2,Institute of Professional Education and Research,EXACT,False
Sacred Heart College,Kerala,Commerce,"34,350","8,100",8.5,8.9,7.5,8.6,8.8,8,9.1,Sacred Heart College,EXACT,False
"Mar Ivanios College, Thiruvananthapuram",Kerala,Commerce,"24,935","3,525",8.3,8.7,8.1,8.7,8.8,6.6,9,"Mar Ivanios College, Thiruvananthapuram",EXACT,False
Rajagiri College of Social Sciences,Kerala,Commerce,"23,853",--,8.5,8.8,8.5,8.8,8.5,8,8.1,Rajagiri College of Social Sciences,EXACT,False
Mahatma Gandhi University,Kerala,Commerce,"19,720","20,200",7.7,8,7.5,8,8,6.2,8.2,Mahatma Gandhi University,EXACT,False
"St Thomas' College, Thrissur",Kerala,Commerce,"2,020","3,380",7.4,8,7,8.1,7,6.6,7.9,"St Thomas' College, Thrissur",EXACT,False
"St. Albert's College, Ernakulam",Kerala,Commerce,"22,500","37,500",7.1,7.9,6.4,7.7,7,6.5,6.9,"St. Albert's College, Ernakulam",EXACT,False
Calicut University,Kerala,Commerce,"7,130","35,500",7,7.5,6.2,7.5,7.4,5.4,7.9,Calicut University,EXACT,False
St. Berchmans College,Kerala,Commerce,"7,900",--,8.4,8.6,8.2,8.6,8.6,7.7,8.5,St. Berchmans College,EXACT,False
"St Teresa's College (Autonomous), Ernakulam",Kerala,Commerce,"5,000","37,500",8.4,8.9,7.4,9,8.2,7.7,9.3,St Teresa's College (Autonomous),EXACT,False
"Mahatma Gandhi College, Trivandrum",Kerala,Commerce,"2,250","3,390",8.1,8.7,7.5,8.6,8.8,5.9,8.9,"Mahatma Gandhi College, Trivandrum",EXACT,False
"Farook College, Kozhikode",Kerala,Commerce,"2,290","3,760",8.1,8.7,8.1,8.5,8.5,5.8,9,"Farook College, Kozhikode",EXACT,False
"Newman College, Thodupuzha",Kerala,Commerce,"23,903","3,793",7.2,8.4,5.1,7.8,8,6.6,7,"Newman College, Thodupuzha",EXACT,False
T.K.M. College of Arts and Science,Kerala,Commerce,"18,000","37,500",8,8.1,7.5,8.1,8.3,7.5,8.6,T.K.M. College of Arts and Science,EXACT,False
"St Joseph's College Devagiri, Calicut",Kerala,Commerce,"34,000",--,8.4,8.8,7.7,8.7,8.7,7.4,9,"St Joseph's College Devagiri, Calicut",EXACT,False
"Oriental School of Hotel Management Lakkidi, Wayanad",Kerala,Commerce,"44,300",--,7.5,8.3,7,7.6,7.1,8.1,6.7,Oriental School of Hotel Management Lakkidi,EXACT,False
"Christ College Irinjalakuda, Thrissur",Kerala,Commerce,"8,71,000","9,70,000",8,8.3,7.7,8.2,8.4,7.2,8.3,"Christ College Irinjalakuda, Thrissur",EXACT,False
"Bishop Vayalil Memorial Holy Cross College, Kottayam",Kerala,Commerce,"32,478","41,828",7.6,8.3,6.6,9,7.7,7.3,6.7,Bishop Vayalil Memorial Holy Cross College,EXACT,False
"St. Mary's College Sulthan Bathery, Sulthan Batheri",Kerala,Commerce,"18,000","37,500",6.8,7.8,6.9,6.8,7.5,3.8,7.8,St. Mary's College Sulthan Bathery,EXACT,False
"Government College, Kasaragod",Kerala,Commerce,--,--,8.2,8.3,7.4,9.1,8.7,6.6,9,"Government College, Kasaragod",EXACT,False
"Mar Thoma College, Tiruvalla",Kerala,Commerce,--,--,7.2,7.6,6.7,8.3,7.4,5.2,7.7,"Mar Thoma College, Tiruvalla",EXACT,False
SCMS School of Technology and Management,Kerala,Commerce,"22,500",--,7.8,7.9,7.7,8.4,7.5,8.3,7.2,SCMS School of Technology and Management,EXACT,False
"Nirmalagiri College, Kannur",Kerala,Commerce,"1,960",--,8,9.3,7.3,8.1,9,6.7,7.8,"Nirmalagiri College, Kannur",EXACT,False
DC School of Management and Technology,Kerala,Commerce,"18,000",--,7.7,7.4,7.1,7.9,8,7.2,8.5,DC School of Management and Technology,EXACT,False
"MES College Marampally, Aluva",Kerala,Commerce,--,--,8.8,8.9,8.4,9.1,9.3,8,9,"MES College Marampally, Aluva",EXACT,False
"Government Victoria College, Palakkad",Kerala,Commerce,"2,025","3,480",8,8.5,7.4,8.8,7.5,6.3,9.3,"Government Victoria College, Palakkad",EXACT,False
Amrita School of Arts and Sciences,Kerala,Commerce,"86,500","84,900",7.4,8.5,6.2,8.5,7.2,8,6.1,Amrita School of Arts and Sciences,EXACT,False
Jai Bharath Arts and Science College,Kerala,Commerce,--,--,6.4,6.6,6.6,6.7,6.2,6,6.5,Jai Bharath Arts and Science College,EXACT,False
"Gems Arts and Science College, Malappuram",Kerala,Commerce,--,--,7.8,8.2,6.5,8.3,8.3,6.2,9.1,Gems Arts and Science College,EXACT,False
Cochin University of Science and Technology,Kerala,Commerce,"7,915",--,7.9,8.4,7.5,7.8,7.8,7.7,8.1,Cochin University of Science and Technology,EXACT,False
"AV Abdurahiman Haji Arts & Science College,",Kerala,Commerce,"24,645","44,130",5.4,6.8,3.8,6,6.8,2.8,6,AV Abdurahiman Haji Arts & Science College,EXACT,False
Birla Institute of Technology and Science,Rajasthan,Commerce,"86,825",--,8.9,8.8,8.2,8.8,9,9,9.3,Birla Institute of Technology and Science,EXACT,False
"Banasthali Vidyapith, Jaipur",Rajasthan,Commerce,"1,44,500","1,18,500",8.5,8.8,8.2,8.9,8.6,7.9,8.8,"Banasthali Vidyapith, Jaipur",EXACT,False
Madhav University,Rajasthan,Commerce,"60,000","20,000",7.8,7.9,7.5,8.2,7.9,7.3,7.8,Madhav University,EXACT,False
"St Xaviers College, Jaipur",Rajasthan,Commerce,"63,000","53,000",7.6,8.2,7.1,8.3,7.8,6,8.4,"St Xaviers College, Jaipur",EXACT,False
Janardan Rai Nagar Rajasthan Vidyapeeth University,Rajasthan,Commerce,"7,000","8,000",7.8,8.3,7.5,8.3,7.9,7.3,7.5,Janardan Rai Nagar Rajasthan Vidyapeeth University,EXACT,False
"Amity University, Jaipur",Rajasthan,Commerce,"84,000","1,08,000",8,7.8,7.6,7.8,8.9,7.4,8.7,"Amity University, Jaipur",EXACT,False
"Poddar Group of Institutions, Jaipur",Rajasthan,Commerce,"26,000","15,000",7.7,8.3,7.1,8.6,7.4,6.9,8,"Poddar Group of Institutions, Jaipur",EXACT,False
"Lucky Institute of Professional Studies, Jodhpur",Rajasthan,Commerce,--,--,7.7,7.8,8,8.3,7.7,6,8.2,Lucky Institute of Professional Studies,EXACT,False
Jai Narain Vyas University,Rajasthan,Commerce,480,420,6.2,6.9,5.2,7.1,6.4,4.9,6.4,Jai Narain Vyas University,EXACT,False
Mahatma Jyoti Rao Phoole University,Rajasthan,Commerce,"45,000","31,000",6.8,6.9,6.2,7.4,7.7,6.4,6.4,Mahatma Jyoti Rao Phoole University,EXACT,False
"Lachoo Memorial College Science and Technology, Jodhpur",Rajasthan,Commerce,"27,575",--,6.5,7.4,5.5,6.8,7.1,4.7,7.3,Lachoo Memorial College Science and Technology,EXACT,False
Career Point University,Rajasthan,Commerce,"1,22,000","50,000",8.3,8.4,7.9,8.4,8.4,7.6,8.9,Career Point University,EXACT,False
"SPC Education Center, Jaipur",Rajasthan,Commerce,"5,000","2,500",10,--,--,--,--,--,--,"SPC Education Center, Jaipur",EXACT,False
"St Wilfreds College for Girls, Jaipur",Rajasthan,Commerce,--,--,7.5,8.4,6.5,8.3,7.4,6.7,7.5,"St Wilfreds College for Girls, Jaipur",EXACT,False
Mewar University,Rajasthan,Commerce,"28,000","33,000",8,7.9,7.1,8.1,8.8,7.3,8.6,Mewar University,EXACT,False
"Jaipur National University, School of Business &",Rajasthan,Commerce,"55,500",--,8.1,8.4,8,9,7.4,7.6,8.3,Jaipur National University,EXACT,False
"Alankar P.G. Girls College, Jaipur",Rajasthan,Commerce,"15,000","11,000",9,9,9,9,9,9,9,"Alankar P.G. Girls College, Jaipur",EXACT,False
University of Rajasthan,Rajasthan,Commerce,"5,440","23,300",7.6,8.1,7.1,8.1,7.9,6.5,7.8,University of Rajasthan,EXACT,False
"Singhania University, Jhunjhunu",Rajasthan,Commerce,"66,500","12,000",7.1,7.1,6.7,7.1,7.1,7,7.3,"Singhania University, Jhunjhunu",EXACT,False
"Kanoria PG Mahila Mahavidyalaya, Jaipur",Rajasthan,Commerce,"15,000","9,800",7.7,8,7.9,7.8,8.3,5.8,8.2,"Kanoria PG Mahila Mahavidyalaya, Jaipur",EXACT,False
Jaipur National University,Rajasthan,Commerce,"55,500",--,7.5,7.9,7,7.7,7.8,6.7,7.6,Jaipur National University,EXACT,False
Manipal University,Rajasthan,Commerce,"36,000","87,500",8.4,8.2,8.3,8.2,9.2,7.7,9,Manipal University,EXACT,False
"Tantia University, Sriganganagar",Rajasthan,Commerce,"12,000","75,000",8.6,8.8,8.4,9.3,8.8,7.1,9.1,"Tantia University, Sriganganagar",EXACT,False
JECRC University,Rajasthan,Commerce,"75,000",--,8.1,8.1,7.4,8.2,8.2,8.1,8.7,JECRC University,EXACT,False
SunRise University,Rajasthan,Commerce,"22,200","2,50,000",8.1,8.1,7.3,8.7,8.1,7.9,8.4,SunRise University,EXACT,False
"OPJS University, Churu",Rajasthan,Commerce,"82,000","15,200",7.2,7.1,7.6,7.6,7.7,6.3,6.8,"OPJS University, Churu",EXACT,False
Institute of Advanced Studies in Education,Rajasthan,Commerce,"60,000","6,000",8.2,8.9,8,8.3,8.4,7.5,7.9,Institute of Advanced Studies in Education,EXACT,False
Mehr Chand Mahajan Dayanand Anglo Vedic College,Haryana,Commerce,"23,930","24,940",8.2,8.4,8,8.5,8.2,7.6,8.4,Mehr Chand Mahajan Dayanand Anglo Vedic College,EXACT,False
Panjab University,Haryana,Commerce,"8,410","9,975",7.7,8.2,7.7,8,7.7,6.5,8.2,Panjab University,EXACT,False
Maharshi Dayanand University,Haryana,Commerce,"3,984","3,192",7.8,8,7.7,8,8.4,6.6,8,Maharshi Dayanand University,EXACT,False
Chandigarh University,Haryana,Commerce,"1,05,000","60,000",8.6,8.6,8.2,8.4,9,8.6,8.8,Chandigarh University,EXACT,False
"University Business School, Panjab University",Haryana,Commerce,"50,275",--,8.3,8.1,8.4,8.4,7.9,8.1,8.7,University Business School,EXACT,False
Apeejay Stya University,Haryana,Commerce,"2,90,200",--,7.9,8.2,7.5,7.9,7.5,7.7,8.3,Apeejay Stya University,EXACT,False
"University School of Business, Chandigarh University",Haryana,Commerce,"1,05,000","60,000",9.1,9.1,8.8,9.1,9.2,9.3,8.9,University School of Business,EXACT,False
Kurukshetra University,Haryana,Commerce,"21,697","7,440",7.5,8.1,7,8,7.7,6.5,7.7,Kurukshetra University,EXACT,False
"Arya Post Graduate College, Panipat",Haryana,Commerce,"23,150","16,290",7.8,8.4,6.8,8.8,8,6.3,8.6,"Arya Post Graduate College, Panipat",EXACT,False
Guru Jambheshwar University of Science and Technology,Haryana,Commerce,"44,450",--,7.7,7.7,7.3,7.5,8.9,6.5,8,Guru Jambheshwar University of Science and Technology,EXACT,False
DAV College,Haryana,Commerce,"21,985","21,970",8,8.4,7.4,8.3,8,6.8,8.8,DAV College,EXACT,False
"SRM University Delhi NCR, Sonepat",Haryana,Commerce,"1,41,000","99,000",7.8,8,7.5,7.9,8.1,7.6,7.9,"SRM University Delhi NCR, Sonepat",EXACT,False
Goswami Ganesh Dutt Sanatan Dharama College,Haryana,Commerce,"24,500",--,8.1,8.6,7.6,8.5,8.1,7.1,8.8,Goswami Ganesh Dutt Sanatan Dharama College,EXACT,False
"Post Graduate Government College, Chandigarh",Haryana,Commerce,"20,110","21,200",7.7,8.4,7.2,8.4,7.5,6.5,7.9,Post Graduate Government College,EXACT,False
"Gurugram University, Gurgaon",Haryana,Commerce,"20,000","30,000",8.2,8.6,7.4,8.4,8.6,8,8.1,"Gurugram University, Gurgaon",EXACT,False
"Post Graduate Government College for Girls, Chandigarh",Haryana,Commerce,"20,110","21,200",8.1,8.6,8.4,8.9,8.2,6.1,8.5,Post Graduate Government College for Girls,EXACT,False
"PDM University, Bahadurgarh, Bahadurgarh",Haryana,Commerce,"1,35,000","70,200",7.4,7.1,7.6,7.4,7.5,7.1,7.7,"PDM University, Bahadurgarh, Bahadurgarh",EXACT,False
BML Munjal University,Haryana,Commerce,"1,90,000",--,8.1,8,8,7.9,8.5,7.8,8.3,BML Munjal University,EXACT,False
"Amity University, Gurgaon",Haryana,Commerce,"1,30,000","1,16,000",7.7,7.8,7.1,7.6,8.6,7.1,8.1,"Amity University, Gurgaon",EXACT,False
O. P. Jindal Global University,Haryana,Commerce,"3,50,000",--,8.3,8.4,8.2,8.3,8.8,7.5,8.7,O. P. Jindal Global University,EXACT,False
Manav Rachna International Institute of Research and,Haryana,Commerce,"1,36,000","1,36,000",7.5,7.4,7.3,7.5,8.3,6.6,7.6,Manav Rachna International Institute of Research and,EXACT,False
"IILM University, Gurgaon",Haryana,Commerce,"3,30,000","3,30,000",8.4,8.2,7.4,8.5,8.6,8.6,8.8,"IILM University, Gurgaon",EXACT,False
"Starex University, Gurgaon",Haryana,Commerce,"65,000","50,000",8.8,9.1,9.1,8.7,8.6,8.5,8.7,"Starex University, Gurgaon",EXACT,False
Modern Vidya Niketan,Haryana,Commerce,"85,000","80,000",7,7.2,6.4,7.7,7,6.8,6.8,Modern Vidya Niketan,EXACT,False
National Institute of Financial Management,Haryana,Commerce,"7,00,000",--,8.8,9.3,9,8.7,8.1,8.1,9.4,National Institute of Financial Management,EXACT,False
"KR Mangalam University, Gurgaon",Haryana,Commerce,"80,000","1,20,000",7.7,8.1,7.5,7.3,8.6,7.2,7.4,"KR Mangalam University, Gurgaon",EXACT,False
"NIILM University, Kaithal",Haryana,Commerce,"2,40,000","25,000",8.1,8.6,7.9,8.5,7.9,7.8,8.1,"NIILM University, Kaithal",EXACT,False
"Lingaya's Vidyapeeth, Faridabad",Haryana,Commerce,"79,500","1,32,500",7.8,8,7.5,8.1,7.7,7.3,8.1,"Lingaya's Vidyapeeth, Faridabad",EXACT,False
HL College of Commerce,Gujarat,Commerce,"2,570","5,465",8.4,9.1,7.1,9.3,8.8,7.1,9,HL College of Commerce,EXACT,False
"St Xavier's College, Ahmedabad",Gujarat,Commerce,"60,485",--,8.1,8.4,7.4,8.6,8.3,7.3,8.7,"St Xavier's College, Ahmedabad",EXACT,False
Maharaja Sayajirao University of Baroda,Gujarat,Commerce,"8,360","22,800",7.9,8.3,7,8.4,8,7.2,8.4,Maharaja Sayajirao University of Baroda,EXACT,False
Bhavan's Sheth RA Shah College of Arts,Gujarat,Commerce,--,--,6.8,8.2,4.5,8.1,7.5,5,7.3,Bhavan's Sheth RA Shah College of Arts,EXACT,False
"Institute of Management, Nirma university, Ahmedabad",Gujarat,Commerce,"58,500",--,8.6,8.3,8.5,8.8,9,8.3,8.7,Institute of Management,EXACT,False
"Umiya Arts and Commerce College for Girls,",Gujarat,Commerce,--,--,8.3,--,--,9,--,7,9,Umiya Arts and Commerce College for Girls,EXACT,False
"RH Patel Arts and Commerce College, Ahmedabad",Gujarat,Commerce,--,--,6.7,7.7,6.7,7.3,6,4.7,7.7,RH Patel Arts and Commerce College,EXACT,False
Dr Babasaheb Ambedkar Open University,Gujarat,Commerce,"26,000","2,200",7.7,8.5,5.5,8.5,8,7.5,8.1,Dr Babasaheb Ambedkar Open University,EXACT,False
"Christ College, Rajkot",Gujarat,Commerce,"16,110",--,8.2,8.6,7.4,9.2,9,6.6,8.2,"Christ College, Rajkot",EXACT,False
"Lokmanya College of Computer Applications, Ahmedabad",Gujarat,Commerce,"13,000","3,000",6.3,9,--,5,--,--,--,Lokmanya College of Computer Applications,EXACT,False
"Ahmedabad University, Ahmedabad",Gujarat,Commerce,"2,60,000",--,8.6,9,7.6,8.9,9.2,8,9,"Ahmedabad University, Ahmedabad",EXACT,False
Sardar Patel University,Gujarat,Commerce,"60,425","57,725",7.8,8.6,7,8.5,7.7,7.3,7.8,Sardar Patel University,EXACT,False
"CU Shah Commerce College, Ahmedabad",Gujarat,Commerce,--,--,7.2,8.3,7.5,8.8,6.3,6,6.5,"CU Shah Commerce College, Ahmedabad",EXACT,False
New LJ College of Commerce,Gujarat,Commerce,--,--,8.5,9.5,6.6,9,8.9,7.6,9.2,New LJ College of Commerce,EXACT,False
Times Business School,Gujarat,Commerce,--,--,8.1,8,7,8.5,8,8,9,Times Business School,EXACT,False
Nirma University,Gujarat,Commerce,"62,200","1,23,700",8.4,8.6,8,8.4,9.1,8.1,8.2,Nirma University,EXACT,False
"Gujarat Arts and Commerce College, Ahmedabad",Gujarat,Commerce,--,--,8,8.4,6.3,9.1,7.5,7.1,9.6,Gujarat Arts and Commerce College,EXACT,False
"GLS University, Ahmedabad",Gujarat,Commerce,"50,000","35,000",7.9,8,6.9,8.5,8.1,7.6,8.5,"GLS University, Ahmedabad",EXACT,False
Karnavati University,Gujarat,Commerce,"1,80,000",--,8.9,8.6,8.2,9.3,9.4,8.6,9.3,Karnavati University,EXACT,False
Pandit Deendayal Petroleum University [PDPU] / (Energy,Gujarat,Commerce,"2,49,000",--,8.6,8.3,8.3,8.1,9.4,8.1,9.4,Pandit Deendayal Petroleum University [PDPU] / (Energy,EXACT,False
Indian School of Business Management and Administration,Gujarat,Commerce,"14,900","20,900",8,8.8,7.6,8.1,8,7.9,7.8,Indian School of Business Management and Administration,EXACT,False
"Auro University, Surat",Gujarat,Commerce,"2,85,000",--,8.3,8.2,8.5,8.6,8.7,7.2,8.6,"Auro University, Surat",EXACT,False
"Atmiya University, Rajkot",Gujarat,Commerce,"39,000","21,300",8.1,8.8,7.5,8.6,8.4,7.4,7.9,"Atmiya University, Rajkot",EXACT,False
Ganpat University,Gujarat,Commerce,"60,000","1,00,000",8.1,8.2,7.2,8.1,8.5,7.8,8.6,Ganpat University,EXACT,False
"Ahmedabad Management Association, Ahmedabad",Gujarat,Commerce,"25,000",--,8.6,9.2,8.3,8.8,8.6,8.1,8.3,Ahmedabad Management Association,EXACT,False
"B K School of Business Management, Ahmedabad",Gujarat,Commerce,"6,000",--,7.9,8.3,6.8,8.2,7.4,8.3,8.1,B K School of Business Management,EXACT,False
"C. U. Shah University, Wadhwan",Gujarat,Commerce,"58,500","22,100",7.7,7.6,7,8.2,7.8,7.4,7.9,"C. U. Shah University, Wadhwan",EXACT,False
"P.P. Savani University, Surat",Gujarat,Commerce,"78,500",--,9.3,9.4,8.9,9.5,9.6,8.7,9.4,"P.P. Savani University, Surat",EXACT,False
Asia Pacific Institute of Management,Gujarat,Commerce,--,--,6.8,7.7,6,7.3,6.3,6.3,7.3,Asia Pacific Institute of Management,EXACT,False
"Indus University, Ahmedabad",Gujarat,Commerce,"45,000","65,500",7.5,7.9,7,7.7,7.8,6.8,7.9,"Indus University, Ahmedabad",EXACT,False
Mehr Chand Mahajan Dayanand Anglo Vedic College,Punjab,Commerce,"23,930","24,940",8.2,8.4,8,8.5,8.2,7.6,8.4,Mehr Chand Mahajan Dayanand Anglo Vedic College,EXACT,False
Panjab University,Punjab,Commerce,"8,410","9,975",7.7,8.2,7.7,8,7.7,6.5,8.2,Panjab University,EXACT,False
Kamla Nehru College for Women,Punjab,Commerce,--,--,7.9,8.5,8,8.2,8.3,5.8,8.8,Kamla Nehru College for Women,EXACT,False
Chandigarh University,Punjab,Commerce,"1,05,000","60,000",8.6,8.6,8.2,8.4,9,8.6,8.8,Chandigarh University,EXACT,False
"University Business School, Panjab University",Punjab,Commerce,"50,275",--,8.3,8.1,8.4,8.4,7.9,8.1,8.7,University Business School,EXACT,False
Gian Jyoti Institute of Management and Technology,Punjab,Commerce,"48,640",--,8.2,8.6,7.4,8.7,8.1,7.6,8.5,Gian Jyoti Institute of Management and Technology,EXACT,False
"University School of Business, Chandigarh University",Punjab,Commerce,"1,05,000","60,000",9.1,9.1,8.8,9.1,9.2,9.3,8.9,University School of Business,EXACT,False
"Ludhiana College of Engineering and Technology, Ludhiana",Punjab,Commerce,"1,43,000",--,6.7,7,6.8,7.5,6.8,5.1,7.2,Ludhiana College of Engineering and Technology,EXACT,False
Punjab Institute of Management and Technology,Punjab,Commerce,--,--,8.9,9.4,8.4,9.4,8.8,8.6,8.6,Punjab Institute of Management and Technology,EXACT,False
Doraha Institute of Management and Technology,Punjab,Commerce,--,--,--,--,--,--,--,--,--,Doraha Institute of Management and Technology,EXACT,False
"Chitkara University, Chitkara Business School",Punjab,Commerce,"1,22,000",--,8.5,8.9,7.4,8.5,9.1,8.5,8.6,Chitkara University,EXACT,False
"Khalsa College, Amritsar",Punjab,Commerce,"60,465","67,550",7.9,8.3,7.7,7.9,8.3,6.5,8.4,"Khalsa College, Amritsar",EXACT,False
"BBK DAV College for Women, Amritsar",Punjab,Commerce,"22,195","22,480",8.8,9,8.5,9.5,8.2,7.8,9.5,"BBK DAV College for Women, Amritsar",EXACT,False
"Doaba College, Jalandhar",Punjab,Commerce,"27,500","27,560",8.7,9.1,8.4,9.4,8.6,8.1,8.5,"Doaba College, Jalandhar",EXACT,False
Chandigarh Business School of Administration,Punjab,Commerce,"49,900","44,850",8,8,7.4,8.1,8,8.4,8.3,Chandigarh Business School of Administration,EXACT,False
DAV College,Punjab,Commerce,"21,985","21,970",8,8.4,7.4,8.3,8,6.8,8.8,DAV College,EXACT,False
Goswami Ganesh Dutt Sanatan Dharama College,Punjab,Commerce,"24,500",--,8.1,8.6,7.6,8.5,8.1,7.1,8.8,Goswami Ganesh Dutt Sanatan Dharama College,EXACT,False
"DAV College, Jalandhar",Punjab,Commerce,"39,050","47,750",7.5,8,6.4,7.9,7.5,7.5,7.7,"DAV College, Jalandhar",EXACT,False
"RIMT University, Gobindgarh",Punjab,Commerce,"70,000","60,000",7.6,7.9,7.3,7.8,8,6.7,7.8,"RIMT University, Gobindgarh",EXACT,False
Kanya Mahavidyalaya,Punjab,Commerce,--,--,9.8,9.8,9.7,9.8,9.7,9.6,9.9,Kanya Mahavidyalaya,EXACT,False
"Post Graduate Government College, Chandigarh",Punjab,Commerce,"20,110","21,200",7.7,8.4,7.2,8.4,7.5,6.5,7.9,Post Graduate Government College,EXACT,False
"DAV College, Amritsar",Punjab,Commerce,"46,720","48,148",7.5,8,6.6,8.3,6.8,7.3,7.9,"DAV College, Amritsar",EXACT,False
"RIMT College of Architecture, Fatehgarh Sahib",Punjab,Commerce,--,--,5.6,6,7,6,6.5,3,5,RIMT College of Architecture,EXACT,False
"Post Graduate Government College for Girls, Chandigarh",Punjab,Commerce,"20,110","21,200",8.1,8.6,8.4,8.9,8.2,6.1,8.5,Post Graduate Government College for Girls,EXACT,False
"Shanti Devi Arya Mahila College, Gurdaspur",Punjab,Commerce,"16,200","23,200",--,--,--,--,--,--,--,Shanti Devi Arya Mahila College,EXACT,False
Indian Institute of Management,Punjab,Commerce,--,--,9,8.8,9.1,9.1,8.9,9.1,8.7,Indian Institute of Management,EXACT,False
Chitkara University,Punjab,Commerce,"1,22,000",--,8.5,8.4,7.7,8.5,8.9,8.7,8.7,Chitkara University,EXACT,False
"Guru Kashi University, Bathinda",Punjab,Commerce,"38,400","23,400",7.5,7.4,7.2,8,7.2,7.2,7.8,"Guru Kashi University, Bathinda",EXACT,False
"DAV University, Jalandhar",Punjab,Commerce,"87,500","71,000",7.9,8.4,7,8.4,7,8,8.5,"DAV University, Jalandhar",EXACT,False
"Goenka College of Commerce and Business Administration,",West Bengal,Commerce,"1,300","1,485",7.8,8.9,6.1,8.6,7.5,7.5,8.1,Goenka College of Commerce and Business Administration,EXACT,False
JD Birla Institute,West Bengal,Commerce,"1,50,248","62,600",7.6,8.3,6.1,8.1,7.7,7.6,8,JD Birla Institute,EXACT,False
"University of Calcutta, Kolkata",West Bengal,Commerce,"4,400","2,314",7.7,8.6,6.9,8.5,7.7,6.5,7.7,"University of Calcutta, Kolkata",EXACT,False
St. Xavier's College,West Bengal,Commerce,"30,200","2,35,000",8.3,8.8,7.4,8.4,8.6,7.8,8.8,St. Xavier's College,EXACT,False
"Scottish Church College, Kolkata",West Bengal,Commerce,"51,986",--,7.8,8.3,7.8,8.3,8.1,6.3,8.2,"Scottish Church College, Kolkata",EXACT,False
"Annex College, Kolkata",West Bengal,Commerce,"1,35,000",--,7.9,7.7,8.3,8.3,7.8,7.5,8,"Annex College, Kolkata",EXACT,False
Indian Institute of Social Welfare and Business,West Bengal,Commerce,"1,65,000",--,7.7,8.6,6.5,8.3,6.9,8,8,Indian Institute of Social Welfare and Business,EXACT,False
"KD College of Commerce & General Studies,",West Bengal,Commerce,"3,600",--,7.3,8.8,7.8,6.4,8.2,5.3,7,KD College of Commerce & General Studies,EXACT,False
"Asutosh College, Kolkata",West Bengal,Commerce,--,--,7.5,8.3,6.5,8.4,7.7,5.6,8.5,"Asutosh College, Kolkata",EXACT,False
Maulana Azad College,West Bengal,Commerce,"1,275",--,7.8,8.8,7.7,8.4,8.3,5.5,7.9,Maulana Azad College,EXACT,False
"Dwijendralal College, Nadia",West Bengal,Commerce,--,--,7.3,8.1,6.9,8.3,7.6,5.1,7.7,"Dwijendralal College, Nadia",EXACT,False
Dinabandhu Andrews College,West Bengal,Commerce,"2,555",--,7.2,8.1,6.3,8,7.6,5.3,7.6,Dinabandhu Andrews College,EXACT,False
"Sivanath Sastri College, Kolkata",West Bengal,Commerce,"11,060",--,7.2,8.3,5.9,8.2,6.6,6.4,7.8,"Sivanath Sastri College, Kolkata",EXACT,False
"Amity University, Kolkata",West Bengal,Commerce,"80,000","1,25,000",8.2,8.1,7.7,8.4,8.8,7.4,8.5,"Amity University, Kolkata",EXACT,False
"Shri Shikshayatan College, Kolkata",West Bengal,Commerce,"51,160","43,620",8.2,8.6,7.6,8.7,8.5,7.6,8.3,"Shri Shikshayatan College, Kolkata",EXACT,False
"Adamas University, Kolkata",West Bengal,Commerce,"82,000","1,05,100",8.2,8.3,7.5,8.5,9,7.8,7.8,"Adamas University, Kolkata",EXACT,False
Sister Nivedita University,West Bengal,Commerce,"1,02,400","94,600",8.2,8.2,7.6,8.9,7.9,7.8,8.7,Sister Nivedita University,EXACT,False
"Acharya Jagadish Chandra Bose College, Kolkata",West Bengal,Commerce,"12,000",--,6.4,7.1,5.3,7.6,6.9,4.7,6.7,Acharya Jagadish Chandra Bose College,EXACT,False
St. Xavier's University,West Bengal,Commerce,"1,32,000","1,36,000",8.4,8.7,8,8.3,8.9,7.8,8.4,St. Xavier's University,EXACT,False
"Techno India University, Kolkata",West Bengal,Commerce,"1,10,000",--,8,8.2,7.4,8.2,8.1,7.8,8.4,"Techno India University, Kolkata",EXACT,False
"City College of Commerce and Business Administration,",West Bengal,Commerce,"5,430",--,6.9,7.8,5.9,8,7.1,5.6,7.2,City College of Commerce and Business Administration,EXACT,False
"Diamond Harbour Women’s University, South 24 Parganas",West Bengal,Commerce,"7,900",--,8.1,8.6,8.2,8.2,8,7.5,8.1,Diamond Harbour Women’s University,EXACT,False
"Brainware University, Kolkata",West Bengal,Commerce,"1,00,000","1,77,200",7.9,8.3,7.6,7.9,8.2,7.8,7.3,"Brainware University, Kolkata",EXACT,False
Seacom Skills University,West Bengal,Commerce,"1,50,000","35,000",7.5,8.4,6.4,8.9,7.4,6.7,7.3,Seacom Skills University,EXACT,False
The Neotia University,West Bengal,Commerce,"86,000",--,8.2,8.7,7.5,8.5,8.2,7.8,8.6,The Neotia University,EXACT,False
"Rammohan College, Kolkata",West Bengal,Commerce,"3,315",--,7.4,8,7.3,8.4,7,6.1,7.7,"Rammohan College, Kolkata",EXACT,False
IAS Academy,West Bengal,Commerce,--,--,7.9,8.2,8,8,7.8,7.6,7.8,IAS Academy,EXACT,False
Durgapur Society of Management Science,West Bengal,Commerce,"60,000",--,8.7,8.7,7.6,9.5,8.5,8.2,9.5,Durgapur Society of Management Science,EXACT,False
Institute of International Trade,West Bengal,Commerce,"1,79,000","15,000",7.9,8.2,7.6,7.8,7.8,8,7.8,Institute of International Trade,EXACT,False
Kingston Educational Institute,West Bengal,Commerce,"99,000",--,9,8.6,9.5,--,--,--,--,Kingston Educational Institute,EXACT,False
Kalinga Institute of Industrial Technology,Odisha,Commerce,"2,25,000","1,39,000",8.6,8.4,8.1,8.2,9.2,8.6,9,Kalinga Institute of Industrial Technology,EXACT,False
Xavier University,Odisha,Commerce,"3,08,000","1,67,000",8.2,8.7,7.8,8.4,9.2,6.8,8.4,Xavier University,EXACT,False
Institute of Media Studies,Odisha,Commerce,"80,000",--,--,--,--,--,--,--,--,Institute of Media Studies,EXACT,False
BJB Autonomous College,Odisha,Commerce,"25,000",--,7.4,8.3,6.8,7.9,7.4,5.9,7.9,BJB Autonomous College,EXACT,False
Biju Pattnaik College of Science & Education,Odisha,Commerce,--,--,8,8.5,6.9,8.6,8,7.5,8.4,Biju Pattnaik College of Science & Education,EXACT,False
"Rama Devi Women's University, Bhubaneswar",Odisha,Commerce,"10,130","3,535",7.9,8.5,7.3,8.7,8.3,6,8.7,Rama Devi Women's University,EXACT,False
"Maharishi College of Natural Law, Bhubaneswar",Odisha,Commerce,--,--,7.5,8.6,6.4,8.8,7.8,4.7,8.9,Maharishi College of Natural Law,EXACT,False
Sri Sri University,Odisha,Commerce,"1,11,890","1,51,890",7.1,7.3,6.7,7,7.3,6.3,8.2,Sri Sri University,EXACT,False
"D.R. Nayapalli College, Bhubaneswar",Odisha,Commerce,--,--,8.3,7.8,8.5,9,7.5,7.5,9.3,"D.R. Nayapalli College, Bhubaneswar",EXACT,False
Birla Global University,Odisha,Commerce,"1,28,000","67,500",8.3,8.8,8.1,7.8,8.8,8.1,8.4,Birla Global University,EXACT,False
Attitude Business School,Odisha,Commerce,--,--,--,--,--,--,--,--,--,Attitude Business School,EXACT,False
National Institute of Science and Technology,Odisha,Commerce,--,--,7.9,8.2,7.1,8.1,8.1,7.8,7.9,National Institute of Science and Technology,EXACT,False
"Udayanath College of Science and Technology, Cuttack",Odisha,Commerce,"41,000",--,7.3,8.3,6.9,7.8,8,5.3,7.5,Udayanath College of Science and Technology,EXACT,False
NIIS Institute of Information Science & Management,Odisha,Commerce,"1,40,000","1,25,000",9,9.2,8.7,9.2,9.2,9,8.7,NIIS Institute of Information Science & Management,EXACT,False
"Dhenkanal Autonomous College, Dhenkanal",Odisha,Commerce,"2,190","2,190",7.2,8,6.7,7.8,7.4,6.4,6.9,"Dhenkanal Autonomous College, Dhenkanal",EXACT,False
"ASBM University, Bhubaneswar",Odisha,Commerce,"41,750","45,000",8.1,8.4,8,8.4,8.5,7.3,8.1,"ASBM University, Bhubaneswar",EXACT,False
DAV School of Business Management,Odisha,Commerce,"80,000",--,7.8,8.4,7.1,8.6,7.9,6.1,8.5,DAV School of Business Management,EXACT,False
Indian Institute for Production Management,Odisha,Commerce,"30,000",--,--,--,--,--,--,--,--,Indian Institute for Production Management,EXACT,False
Mahendra Institute of Management and Technical Studies,Odisha,Commerce,"22,500","1,00,000",7.3,7,--,--,7,8,--,Mahendra Institute of Management and Technical Studies,EXACT,False
Arya School of Management and Information Technology,Odisha,Commerce,"1,20,000",--,3.2,4,4,3,3,1,4,Arya School of Management and Information Technology,EXACT,False
RJ School of Management Studies,Odisha,Commerce,--,--,--,--,--,--,--,--,--,RJ School of Management Studies,EXACT,False
"ODM Business School, Bhubaneswar",Odisha,Commerce,--,--,--,--,--,--,--,--,--,"ODM Business School, Bhubaneswar",EXACT,False
"Centurion University of Technology and Management, School",Odisha,Commerce,"80,000",--,8,8.8,8.3,7.8,8.8,7.3,7,Centurion University of Technology and Management,EXACT,False
"Aska Science College, Aska",Odisha,Commerce,--,--,7.9,8.5,7,8.3,8,8,7.3,"Aska Science College, Aska",EXACT,False
"Baji Rout Memorial College, Bhubaneswar",Odisha,Commerce,"2,707",--,6.9,8.3,5,8.7,7.3,5,7,"Baji Rout Memorial College, Bhubaneswar",EXACT,False
"Bapujee College, Bhubaneswar",Odisha,Commerce,--,--,5.3,6,--,--,6,4,--,"Bapujee College, Bhubaneswar",EXACT,False
"Bhadrak Autonomous College, Bhadrak",Odisha,Commerce,972,--,7.7,8.2,7.1,8,8,7,7.9,"Bhadrak Autonomous College, Bhadrak",EXACT,False
"Chikiti Mahavidyalaya, Ganjam",Odisha,Commerce,"8,800",--,8.3,8.6,7.8,9,8.4,6.8,9,"Chikiti Mahavidyalaya, Ganjam",EXACT,False
"Chitalo Mahavidyalaya, Jajapur",Odisha,Commerce,--,--,8.6,9,8.5,8.3,9.3,6.8,9.5,"Chitalo Mahavidyalaya, Jajapur",EXACT,False
Indian Institute of Management,Uttarakhand,Commerce,--,--,8.7,8.6,8.7,8.9,8.9,8.5,8.3,Indian Institute of Management,EXACT,False
Greenway Institute of Management Studies,Uttarakhand,Commerce,--,--,6.1,7,5.5,6.5,6.5,4,7,Greenway Institute of Management Studies,EXACT,False
IMS Unison University,Uttarakhand,Commerce,"1,42,450",--,8.2,8.2,8,8.5,8.5,7.5,8.2,IMS Unison University,EXACT,False
Doon Business School,Uttarakhand,Commerce,"1,25,000",--,7.6,8,7,8.1,7.4,7.4,7.7,Doon Business School,EXACT,False
University of Petroleum and Energy Studies,Uttarakhand,Commerce,"3,69,500",--,8.1,8.1,7.8,7.9,8.6,7.7,8.2,University of Petroleum and Energy Studies,EXACT,False
"Institute of Media Management , Technology &",Uttarakhand,Commerce,"66,000",--,--,--,--,--,--,--,--,Institute of Media Management,EXACT,False
"Uttaranchal Institute of Management, Dehradun",Uttarakhand,Commerce,"39,750","34,900",6.8,6.8,5.5,6.8,7.8,5.5,8.3,Uttaranchal Institute of Management,EXACT,False
"Bishamber Sahai Degree College, Roorkee",Uttarakhand,Commerce,--,--,--,--,--,--,--,--,--,"Bishamber Sahai Degree College, Roorkee",EXACT,False
Dolphin PG Institute of BioMedical & Natural,Uttarakhand,Commerce,"35,000","40,000",7.7,8.4,6.5,7.9,7.8,6.7,8.6,Dolphin PG Institute of BioMedical & Natural,EXACT,False
"Doon University, Dehradun",Uttarakhand,Commerce,"47,750",--,7.2,7.3,7,7.3,7.9,6.3,7.6,"Doon University, Dehradun",EXACT,False
"MotherHood University, Roorkee",Uttarakhand,Commerce,"1,05,000","1,06,590",8,8.3,7.9,7.6,8,8,8.3,"MotherHood University, Roorkee",EXACT,False
"Uttaranchal University, Dehradun",Uttarakhand,Commerce,"1,15,200",--,7.5,7.8,6.8,7.7,8.6,6.5,7.5,"Uttaranchal University, Dehradun",EXACT,False
Graphic Era University,Uttarakhand,Commerce,"99,400","1,36,400",8.3,8.2,7.9,8.4,8.6,8.1,8.4,Graphic Era University,EXACT,False
Swami Rama Himalayan University,Uttarakhand,Commerce,"1,17,516",--,7,7.1,6.6,6.9,7.4,7.1,6.7,Swami Rama Himalayan University,EXACT,False
Graphic Era Hill University,Uttarakhand,Commerce,"1,42,800","1,13,600",8.1,7.9,7.8,8.1,8.4,7.7,8.4,Graphic Era Hill University,EXACT,False
Shri Guru Ram Rai University,Uttarakhand,Commerce,"57,200","38,500",7.6,7.8,7.1,7.9,7.9,7.3,7.7,Shri Guru Ram Rai University,EXACT,False
Himgiri Zee University,Uttarakhand,Commerce,"50,000",--,7.9,8.5,5.5,9,8,7.7,8.8,Himgiri Zee University,EXACT,False
"Tula's Institute, Dehradun",Uttarakhand,Commerce,"53,000",--,7.8,8,7.2,7.7,8.5,7.4,8.2,"Tula's Institute, Dehradun",EXACT,False
College of Engineering,Uttarakhand,Commerce,"70,250",--,8.3,8.4,8.1,8.1,8.7,7.5,8.8,College of Engineering,EXACT,False
Institute of Technology and Management,Uttarakhand,Commerce,"40,000","45,300",7.4,7.8,7.5,7.8,5.6,8,7.8,Institute of Technology and Management,EXACT,False
BFIT Group of Institutions,Uttarakhand,Commerce,"35,000","39,500",7.5,7.7,7.1,7.7,7.6,7.1,8,BFIT Group of Institutions,EXACT,False
Graphic Era Hill University Bhimtal Campus,Uttarakhand,Commerce,"1,57,600",--,8.1,8.2,7.6,7.9,8.8,7.8,8,Graphic Era Hill University Bhimtal Campus,EXACT,False
Phonics Group of Institutions,Uttarakhand,Commerce,"18,000",--,7.6,7.8,6.8,7.7,7.9,7.4,7.7,Phonics Group of Institutions,EXACT,False
Sardar Bhagwan Singh University,Uttarakhand,Commerce,"69,500",--,8.7,8.7,8.3,9.3,9,8.3,8.7,Sardar Bhagwan Singh University,EXACT,False
"Maya Group of Colleges, Dehradun",Uttarakhand,Commerce,"65,800","91,400",7.3,6.8,7.2,8.3,7.2,6.7,7.3,"Maya Group of Colleges, Dehradun",EXACT,False
Amrapali Group of Institutes,Uttarakhand,Commerce,"55,000",--,7.8,7.8,7.5,8.2,7.5,7.8,8.1,Amrapali Group of Institutes,EXACT,False
"Loyola College, Chennai",Tamil Nadu,Arts,"11,400","19,830",8.6,8.7,8.2,8.3,8.9,8.4,8.8,"Loyola College, Chennai",EXACT,False
"Presidency College, Chennai",Tamil Nadu,Arts,"1,250",870,8.2,8.8,7.3,8.9,8.1,7.6,8.6,"Presidency College, Chennai",EXACT,False
Madras Christian College,Tamil Nadu,Arts,"6,000","3,500",8.6,8.5,7.9,8.6,8.7,8.4,9.2,Madras Christian College,EXACT,False
Women's Christian College,Tamil Nadu,Arts,"71,884","74,864",8.7,9,7.9,8.8,9.1,8.5,8.9,Women's Christian College,EXACT,False
"Guru Nanak College, Chennai",Tamil Nadu,Arts,"9,500","11,450",7.9,8.2,7.1,8,8.4,7.3,8.5,"Guru Nanak College, Chennai",EXACT,False
"Kamadhenu College of Arts & Science, Dharmapuri",Tamil Nadu,Arts,"6,845","6,000",7.7,8,7,8,7,9,7,Kamadhenu College of Arts & Science,EXACT,False
"Ethiraj College for Women, Chennai",Tamil Nadu,Arts,"9,456",--,8.1,8.5,7.3,8.2,7.9,7.9,8.6,"Ethiraj College for Women, Chennai",EXACT,False
"M.O.P. Vaishnav College for Women, Chennai",Tamil Nadu,Arts,--,--,8.5,8.7,8.1,8.7,8.4,8.3,9,M.O.P. Vaishnav College for Women,EXACT,False
"Quaide-E-Millath Government College for Women (Autonomous), Chennai",Tamil Nadu,Arts,"1,350",670,6.7,6.5,6.5,7.7,7,5,7.3,Quaide-E-Millath Government College for Women (Autonomous),EXACT,False
"Loganatha Narayanasamy Government College, Ponneri",Tamil Nadu,Arts,"1,350",--,6.5,8,5.5,7,5.5,6,7,Loganatha Narayanasamy Government College,EXACT,False
"Ramakrishna Mission Vivekananda College, Chennai",Tamil Nadu,Arts,265,815,8.2,8.8,7.8,8.6,7.8,8.1,8,Ramakrishna Mission Vivekananda College,EXACT,False
"Sri Krishna Arts and Science College, Coimbatore",Tamil Nadu,Arts,"17,000","8,000",8.5,8.6,7.8,8.6,8.9,8.7,8.5,Sri Krishna Arts and Science College,EXACT,False
"Hindusthan College of Arts and Science- [HICAS],",Tamil Nadu,Arts,"50,000","30,000",7.5,7.7,6.5,7.4,8.4,7.5,7.3,Hindusthan College of Arts and Science- [HICAS],EXACT,False
"CBM College of Arts and Science, Coimbatore",Tamil Nadu,Arts,--,--,5.3,6,3.5,6,6,3.5,6.5,CBM College of Arts and Science,EXACT,False
"CMS College of Science and Commerce, Coimbatore",Tamil Nadu,Arts,"27,700",--,8.2,8.3,7.4,8.1,8.5,8,8.7,CMS College of Science and Commerce,EXACT,False
Rathinam College of Arts and Science,Tamil Nadu,Arts,"36,000","30,000",8.2,7.6,7.5,8.1,8.7,8.1,9,Rathinam College of Arts and Science,EXACT,False
"Queen Mary's College, Chennai",Tamil Nadu,Arts,592,"1,512",7.6,7.9,6.9,8.3,6.8,7.6,8.2,"Queen Mary's College, Chennai",EXACT,False
"PSG College of Arts and Science, Coimbatore",Tamil Nadu,Arts,"7,000","10,000",8.3,8.5,7.9,8.2,8.5,8.2,8.7,PSG College of Arts and Science,EXACT,False
"Kongunadu Arts and Science College, Coimbatore",Tamil Nadu,Arts,"35,000","35,000",7.3,8,6.7,8.3,7.3,6.3,7,Kongunadu Arts and Science College,EXACT,False
Bharathiar University,Tamil Nadu,Arts,"10,000","9,400",7.8,8,7.6,8.1,7.7,7.5,7.9,Bharathiar University,EXACT,False
"Meenakshi College for Women, Chennai",Tamil Nadu,Arts,--,--,7.4,8.1,6.5,7.8,7.2,7.9,7.1,"Meenakshi College for Women, Chennai",EXACT,False
Justice Basheer Ahmed Sayeed College For Women,Tamil Nadu,Arts,"48,000","17,000",8.1,8.3,6.9,8.7,8.5,7.9,8.3,Justice Basheer Ahmed Sayeed College For Women,EXACT,False
"SDN Bhatt Vaishnav College for Women, Chennai",Tamil Nadu,Arts,"3,200","30,000",8.6,8.8,7.9,8.8,8.7,8.6,8.8,SDN Bhatt Vaishnav College for Women,EXACT,False
Dr GR Damodaran College of Science,Tamil Nadu,Arts,--,--,7.5,8,6.3,7.9,7.5,7.2,8.2,Dr GR Damodaran College of Science,EXACT,False
"Stella Maris College, Chennai",Tamil Nadu,Arts,"2,400","20,000",8.2,8.8,7.5,8.6,8.4,7.6,8.5,"Stella Maris College, Chennai",EXACT,False
Ponnaiyah Ramajayam Institute of Science and Technology,Tamil Nadu,Arts,"9,000","10,000",6.5,6.8,6.4,6.9,7,5.4,6.3,Ponnaiyah Ramajayam Institute of Science and Technology,EXACT,False
"Nirmala College for Women, Coimbatore",Tamil Nadu,Arts,"1,930","2,605",8.6,9,8.5,8.5,9,8.3,8.1,"Nirmala College for Women, Coimbatore",EXACT,False
"Pachaiyappa's College, Chennai",Tamil Nadu,Arts,"1,236",901,6.6,6.6,6.2,7.2,6.9,5.2,7.6,"Pachaiyappa's College, Chennai",EXACT,False
Dr. MGR Janaki College of Arts and,Tamil Nadu,Arts,--,--,5.6,6.5,4.8,5.2,5,5.2,6.8,Dr. MGR Janaki College of Arts and,EXACT,False
"PSGR Krishnammal College for Women, Coimbatore",Tamil Nadu,Arts,"1,411","1,478",8.8,9.1,8.3,8.6,8.9,8.7,9,PSGR Krishnammal College for Women,EXACT,False
"St. Xavier's College, Mumbai",Maharashtra,Arts,"5,537","92,000",8.2,8.7,7.3,8.3,8.8,7.6,8.7,"St. Xavier's College, Mumbai",EXACT,False
"Fergusson College, Pune",Maharashtra,Arts,"9,355","9,680",8.1,8.5,7.3,8.2,8.5,7.1,8.7,"Fergusson College, Pune",EXACT,False
K J Somaiya College of Arts &,Maharashtra,Arts,"8,795","16,850",8.1,8.1,8.4,7.8,8.8,7,8.5,K J Somaiya College of Arts &,EXACT,False
Jai Hind College,Maharashtra,Arts,"5,730",--,8.5,8.5,8.3,8.5,8.4,7.8,9.2,Jai Hind College,EXACT,False
"Ramnarain Ruia Autonomous College, Mumbai",Maharashtra,Arts,"4,825",--,7.9,8.4,7,8,8.4,6.6,8.9,Ramnarain Ruia Autonomous College,EXACT,False
Kishinchand Chellaram College,Maharashtra,Arts,"24,920","10,815",8.3,8.6,7.9,8.5,8.4,7.4,8.7,Kishinchand Chellaram College,EXACT,False
St Andrew's College of Arts Science and,Maharashtra,Arts,"4,350",--,8.2,8.4,7.2,8.3,8.6,7.6,8.8,St Andrew's College of Arts Science and,EXACT,False
Modern College of Arts Science and Commerce,Maharashtra,Arts,--,--,7.5,8,6.6,8.3,7.3,6.9,7.6,Modern College of Arts Science and Commerce,EXACT,False
"Sophia College for Women, Mumbai",Maharashtra,Arts,"40,140",--,8.6,9.1,8.4,9.1,9.5,6.6,9,"Sophia College for Women, Mumbai",EXACT,False
"St. Mira's College for Girls, Pune",Maharashtra,Arts,"19,350","14,800",6.9,7.2,6.1,8.3,6.8,5.6,7.2,"St. Mira's College for Girls, Pune",EXACT,False
Kelkar Education Trust's V.G. Vaze College of,Maharashtra,Arts,"6,166","10,540",8.4,8.9,7.8,8.7,8.7,7.7,8.7,Kelkar Education Trust's V.G. Vaze College of,EXACT,False
"M.E.S. Abasaheb Garware College, Pune",Maharashtra,Arts,--,--,8,8.6,7.6,8.6,8.1,7,8.1,"M.E.S. Abasaheb Garware College, Pune",EXACT,False
"Symbiosis College of Arts and Commerce, Pune",Maharashtra,Arts,"19,100","36,511",8.3,8.8,7.5,8.6,7.7,8.2,8.9,Symbiosis College of Arts and Commerce,EXACT,False
"Wilson College, Mumbai",Maharashtra,Arts,"4,095",--,7.4,7.7,6.7,7.9,7.7,6.1,8.3,"Wilson College, Mumbai",EXACT,False
"Elphinstone College, Mumbai",Maharashtra,Arts,"3,995",--,7.5,8.1,6.8,7.9,7.9,6.5,8,"Elphinstone College, Mumbai",EXACT,False
"Mithibai College of Arts, Mumbai",Maharashtra,Arts,"25,000","8,000",8.5,8.5,8.3,8.4,8.9,7.6,9,"Mithibai College of Arts, Mumbai",EXACT,False
"Abeda Inamdar Senior College, Pune",Maharashtra,Arts,"9,240","10,670",7.6,7.9,7.1,8.2,8.1,6.8,7.5,"Abeda Inamdar Senior College, Pune",EXACT,False
SIES College of Arts Science and Commerce,Maharashtra,Arts,"6,925",--,7.7,8.4,6.6,8.4,7.6,6.9,8.3,SIES College of Arts Science and Commerce,EXACT,False
Ramniranjan Jhunjhunwala College,Maharashtra,Arts,"11,015","5,765",8,8.8,5.9,9.1,7.9,8,8.4,Ramniranjan Jhunjhunwala College,EXACT,False
"Vinayakrao Patil Mahavidyalaya, Aurangabad",Maharashtra,Arts,"3,385","4,485",7.3,7.5,7,7,8,7,7,Vinayakrao Patil Mahavidyalaya,EXACT,False
St Francis De Sales College,Maharashtra,Arts,--,--,8,8.3,7.5,8.7,8.3,6.8,8.4,St Francis De Sales College,EXACT,False
"Dr. D.Y. Patil Arts, Science and Commerce",Maharashtra,Arts,"15,235","13,400",8,8.3,7.3,8.3,8.5,7.4,8.1,Dr. D.Y. Patil Arts,EXACT,False
"Gramonnati Mandal's Arts, Commerce & Science College",Maharashtra,Arts,"7,520",--,6.7,7,6,7,7,6,7,Gramonnati Mandal's Arts,EXACT,False
"PWS College of Arts & Commerce, Nagpur",Maharashtra,Arts,"6,772","7,444",7.6,8.7,4.3,9.7,8.3,4.7,--,"PWS College of Arts & Commerce, Nagpur",EXACT,False
"Hislop College, Nagpur",Maharashtra,Arts,"34,331",--,8,8.3,7.2,8.6,8,7.5,8.6,"Hislop College, Nagpur",EXACT,False
"Poona College of Arts, Science and Commerce",Maharashtra,Arts,"5,380","15,920",7,7.4,6.1,8.7,7.7,4.7,7.1,Poona College of Arts,EXACT,False
Dr Babasaheb Ambedkar Marathwada University,Maharashtra,Arts,"18,136","1,050",7.1,7.4,6.4,8,7.1,5.8,7.8,Dr Babasaheb Ambedkar Marathwada University,EXACT,False
Dhanwate National College,Maharashtra,Arts,--,--,7.4,7.6,6.4,8,8.4,6.2,8,Dhanwate National College,EXACT,False
"Vasantrao Naik Mahavidyalaya, Aurangabad",Maharashtra,Arts,"3,415",--,5.6,7.5,3.5,8,4.5,3,7,"Vasantrao Naik Mahavidyalaya, Aurangabad",EXACT,False
"Yashwantrao Mohite College, Pune",Maharashtra,Arts,"10,500","11,500",5,5.8,4.4,5.7,5,4.3,4.6,"Yashwantrao Mohite College, Pune",EXACT,False
Indian Institute of Technology,Uttar Pradesh,Arts,"64,050",--,8.9,9.1,8.4,8.7,9.3,8.9,9.1,IIT,EXACT,False
"National Post Graduate College, Lucknow",Uttar Pradesh,Arts,"10,000","22,800",7.6,8.6,7.4,8.5,7.6,6.8,6.7,"National Post Graduate College, Lucknow",EXACT,False
Isabella Thoburn Degree College,Uttar Pradesh,Arts,--,--,7.7,8.5,7.2,8.4,7.8,5.9,8.2,Isabella Thoburn Degree College,EXACT,False
Chhatrapati Shahu Ji Maharaj University,Uttar Pradesh,Arts,"39,293","29,293",7.1,7.2,6.6,7.5,8,5.8,7.7,Chhatrapati Shahu Ji Maharaj University,EXACT,False
University of Lucknow,Uttar Pradesh,Arts,"42,160","13,990",7.4,7.9,7,7.8,7.7,6.1,7.6,University of Lucknow,EXACT,False
"DAV Post Graduate College, Varanasi",Uttar Pradesh,Arts,--,--,7.5,8.7,6.1,8.8,7.9,5.3,8.3,"DAV Post Graduate College, Varanasi",EXACT,False
"Avadh Girls' Degree College, Lucknow",Uttar Pradesh,Arts,"7,586","22,500",7.2,7.6,6.9,7.9,6.5,6.4,8,"Avadh Girls' Degree College, Lucknow",EXACT,False
"J.V.Jain College, Saharanpur",Uttar Pradesh,Arts,"1,743","1,956",6.5,7.7,5,8.1,6.5,5.3,6.5,"J.V.Jain College, Saharanpur",EXACT,False
Baba Baijnath Degree College,Uttar Pradesh,Arts,"10,000","10,000",--,--,--,--,--,--,--,Baba Baijnath Degree College,EXACT,False
"Navyug Kanya Mahavidyalaya, Lucknow",Uttar Pradesh,Arts,"6,160","12,620",5.9,6.8,4.6,7.4,5,5.1,6.4,"Navyug Kanya Mahavidyalaya, Lucknow",EXACT,False
"Dhirendra Mahila Mahavidyalaya, Varanasi",Uttar Pradesh,Arts,--,--,8.5,8.8,7.8,8.9,8.3,8.1,8.8,"Dhirendra Mahila Mahavidyalaya, Varanasi",EXACT,False
Brahmavart Post Graduate College,Uttar Pradesh,Arts,--,--,--,--,--,--,--,--,--,Brahmavart Post Graduate College,EXACT,False
"Amity University, Lucknow",Uttar Pradesh,Arts,"66,000","66,000",8.1,8,7.6,8.1,8.8,7.1,8.8,"Amity University, Lucknow",EXACT,False
"Dr Rammanohar Lohiya Mahavidyalaya, Kanpur",Uttar Pradesh,Arts,--,--,6.2,5.5,5.5,5.5,6,5.5,9,Dr Rammanohar Lohiya Mahavidyalaya,EXACT,False
"Shri Jai Narain PG College, Lucknow",Uttar Pradesh,Arts,"13,675","19,100",7.1,7.5,6.6,7.6,7.3,6.4,7.4,"Shri Jai Narain PG College, Lucknow",EXACT,False
"Mahila Vidyalaya PG College, Lucknow",Uttar Pradesh,Arts,"5,117","37,450",6.7,--,--,8,--,3,9,"Mahila Vidyalaya PG College, Lucknow",EXACT,False
"Christ Church College -[CCC], Kanpur",Uttar Pradesh,Arts,"3,640","3,185",7.3,8,5.9,8.1,7.8,5.9,8.1,"Christ Church College -[CCC], Kanpur",EXACT,False
"Manohar Lal Mahavidhyalaya, Kanpur",Uttar Pradesh,Arts,"13,000",--,--,--,--,--,--,--,--,"Manohar Lal Mahavidhyalaya, Kanpur",EXACT,False
"Shia PG College, Lucknow",Uttar Pradesh,Arts,"6,959","16,000",6.5,8.6,4.3,7.2,6.5,5.2,6.9,"Shia PG College, Lucknow",EXACT,False
"Baba Baruadas PG College, Ambedkar Nagar",Uttar Pradesh,Arts,--,--,--,--,--,--,--,--,--,"Baba Baruadas PG College, Ambedkar Nagar",EXACT,False
Dayanand Brajendra Swarup College,Uttar Pradesh,Arts,--,--,7.1,8,6.6,7.9,6.9,5.8,7.5,Dayanand Brajendra Swarup College,EXACT,False
Pandit Prithi Nath College,Uttar Pradesh,Arts,"5,970","4,460",6.1,7.6,4,7.1,6.2,5.9,5.9,Pandit Prithi Nath College,EXACT,False
"Dr. Shakuntala Misra National Rehabilitation University, Lucknow",Uttar Pradesh,Arts,"8,200","6,505",7.2,7.2,6.7,7.6,8.9,5.9,6.6,Dr. Shakuntala Misra National Rehabilitation University,EXACT,False
Mahatma Gandhi Kashi Vidyapith,Uttar Pradesh,Arts,"2,060","18,875",7.1,7.5,6.9,7.9,7.5,5.6,7.3,Mahatma Gandhi Kashi Vidyapith,EXACT,False
Dayanand Danku Paraga Gyan Uday Mahavidyalaya,Uttar Pradesh,Arts,"3,200","4,000",--,--,--,--,--,--,--,Dayanand Danku Paraga Gyan Uday Mahavidyalaya,EXACT,False
"Lucknow Christian Degree College, Lucknow",Uttar Pradesh,Arts,"6,568","24,800",7.3,8.4,6.4,8.6,7.9,5.4,7.3,Lucknow Christian Degree College,EXACT,False
"Eram Girls Degree College, Lucknow",Uttar Pradesh,Arts,--,--,8.4,9,8,9,--,--,--,"Eram Girls Degree College, Lucknow",EXACT,False
"Shree Shakti Degree College, Kanpur",Uttar Pradesh,Arts,"3,500",--,--,--,--,--,--,--,--,"Shree Shakti Degree College, Kanpur",EXACT,False
"Rama Degree College, Lucknow",Uttar Pradesh,Arts,--,--,8.8,9,8,--,--,--,--,"Rama Degree College, Lucknow",EXACT,False
"VSSD College, Kanpur",Uttar Pradesh,Arts,--,--,6.3,7.7,6.2,7.2,6.7,4.6,5.6,"VSSD College, Kanpur",EXACT,False
Lady Shri Ram College for Women,Delhi,Arts,"15,870","17,976",8.5,8.8,7.9,8.6,8.6,8,8.9,Lady Shri Ram College for Women,EXACT,False
"Miranda House, New Delhi",Delhi,Arts,"14,530","14,160",8.6,9.1,8.5,8.5,9.3,7.1,8.9,"Miranda House, New Delhi",EXACT,False
"Hindu College, New Delhi",Delhi,Arts,"17,560","18,010",8.4,8.8,7.9,8.7,8.5,7.6,9,"Hindu College, New Delhi",EXACT,False
Hansraj College,Delhi,Arts,"20,945","13,309",8.4,8.7,7.9,8.7,8.5,7.8,8.9,Hansraj College,EXACT,False
"Ramjas College, New Delhi",Delhi,Arts,"13,495","14,284",7.9,8.4,7.1,8.4,7.9,7,8.5,"Ramjas College, New Delhi",EXACT,False
Jesus and Mary College,Delhi,Arts,"15,610","17,046",7.9,8.6,6.9,8.1,8.5,7.1,8.4,Jesus and Mary College,EXACT,False
"Gargi College, New Delhi",Delhi,Arts,"12,295","12,681",8.2,8.5,7.2,8.6,8,7.8,9,"Gargi College, New Delhi",EXACT,False
"Sri Venkateswara College, New Delhi",Delhi,Arts,"12,405","13,191",8.3,8.7,7.8,8.5,8.2,7.9,8.8,"Sri Venkateswara College, New Delhi",EXACT,False
Delhi College of Arts and Commerce,Delhi,Arts,"8,495",--,7.9,8.3,7.3,8.2,7.1,7.9,8.8,Delhi College of Arts and Commerce,EXACT,False
Shri Ram College of Commerce,Delhi,Arts,"15,000",--,8.8,9.1,7.7,9.1,8.9,8.9,9.1,Shri Ram College of Commerce,EXACT,False
Maharaja Agrasen College,Delhi,Arts,"11,000",--,7.7,8.2,6.7,8.1,8.7,6.5,7.9,Maharaja Agrasen College,EXACT,False
Indraprastha College for Women,Delhi,Arts,"13,000","24,100",8,8.8,7.6,8.2,8.8,7.1,7.5,Indraprastha College for Women,EXACT,False
Aditi Mahavidyalaya,Delhi,Arts,"7,310",--,7.3,7.7,6.5,8,7,7.1,7.3,Aditi Mahavidyalaya,EXACT,False
"Kalindi College, New Delhi",Delhi,Arts,"9,197",--,7.4,8.6,6.4,8.4,7,6.3,7.8,"Kalindi College, New Delhi",EXACT,False
"Lingaya's Vidyapeeth, Faridabad",Delhi,Arts,"90,000","63,500",7.8,8,7.5,8.1,7.7,7.3,8.1,"Lingaya's Vidyapeeth, Faridabad",EXACT,False
Manav Rachna International Institute of Research and,Delhi,Arts,"1,65,000","1,26,000",7.5,7.4,7.3,7.5,8.3,6.6,7.6,Manav Rachna International Institute of Research and,EXACT,False
Kamala Nehru College,Delhi,Arts,"9,700","11,186",8.1,8.7,7.6,8.8,7.3,7.2,8.7,Kamala Nehru College,EXACT,False
Indian Institute of Technology,Delhi,Arts,"30,300","20,000",8.7,9,7.8,8.7,8.9,9,9,IIT,EXACT,False
"St Stephen's College, New Delhi",Delhi,Arts,"40,420",--,8.7,9.2,7.6,9.1,8.6,8.6,9.1,"St Stephen's College, New Delhi",EXACT,False
Indian Institute of Mass Communication,Delhi,Arts,"95,500",--,7.3,7.8,6.5,7.5,7.4,7.6,7,Indian Institute of Mass Communication,EXACT,False
Jawaharlal Nehru University,Delhi,Arts,"1,260","1,362",8.5,9,8.2,9,8.7,7.2,9.1,Jawaharlal Nehru University,EXACT,False
Kirori Mal College,Delhi,Arts,"12,345","9,339",8.2,8.7,7.6,8.6,7.9,7.3,8.9,Kirori Mal College,EXACT,False
Atma Ram Sanatan Dharma College,Delhi,Arts,"10,985","11,771",7.8,8.4,6.7,8.4,8,6.8,8.7,Atma Ram Sanatan Dharma College,EXACT,False
"Deen Dayal Upadhyaya College, New Delhi",Delhi,Arts,"15,000","19,550",7.9,8.4,7.4,8.3,8.4,6.5,8.2,"Deen Dayal Upadhyaya College, New Delhi",EXACT,False
"Jamia Millia Islamia University-[JMI], New Delhi",Delhi,Arts,"20,000","30,100",8,8.4,7.6,8.3,8.4,7.2,8.2,Jamia Millia Islamia University-[JMI],EXACT,False
"Lady Irwin College, New Delhi",Delhi,Arts,--,--,8.2,9,6.9,8.9,8.7,6.8,9,"Lady Irwin College, New Delhi",EXACT,False
"AJK Mass Communication Research Centre, New Delhi",Delhi,Arts,"77,110","60,820",7.7,8.5,7,8.3,8.3,8.8,5.3,AJK Mass Communication Research Centre,EXACT,False
Sri Guru Tegh Bahadur Khalsa College,Delhi,Arts,"20,915","18,954",7.8,8.2,7.2,8.2,8.1,6.8,8.3,Sri Guru Tegh Bahadur Khalsa College,EXACT,False
"Jamia Hamdard University, New Delhi",Delhi,Arts,"45,000","77,000",7.5,8.1,7.3,7.8,8.1,6.5,7.4,"Jamia Hamdard University, New Delhi",EXACT,False
Shaheed Rajguru College of Applied Sciences for,Delhi,Arts,"17,440",--,7.9,8.3,7.3,8.3,8.8,6.5,8.1,Shaheed Rajguru College of Applied Sciences for,EXACT,False
"Silver Jubilee Government Degree College, Kurnool",Andhra Pradesh,Arts,"5,291",--,7.7,8.3,6.1,9,7.7,7.1,7.9,Silver Jubilee Government Degree College,EXACT,False
"Dr. Lankapalli Bullayya College, Visakhapatnam",Andhra Pradesh,Arts,--,--,8.2,8.7,7.5,8.6,9,6.8,8.3,Dr. Lankapalli Bullayya College,EXACT,False
PVKN Govt Degree College,Andhra Pradesh,Arts,"12,720",--,8.9,9.7,7.7,9,8.7,8.3,9.7,PVKN Govt Degree College,EXACT,False
"Andhra University, Dr. B. R. Ambedkar College",Andhra Pradesh,Arts,"3,22,720",--,8.5,9.5,7.5,9.5,8,8,8.5,Andhra University,EXACT,False
Andhra Loyola College,Andhra Pradesh,Arts,--,--,8,8.5,7.4,8.5,8.6,7,8.2,Andhra Loyola College,EXACT,False
K L University,Andhra Pradesh,Arts,"1,65,000","1,45,000",8.3,8.5,7.6,8.3,8.8,8.3,8.2,K L University,EXACT,False
IFMR Graduate School of Business,Andhra Pradesh,Arts,--,--,8.2,8.3,8.1,8.4,8.3,8.5,7.8,IFMR Graduate School of Business,EXACT,False
Sri Venkateswara University,Andhra Pradesh,Arts,"6,325","8,290",8.1,7.9,8.3,8.2,7.9,7.7,8.4,Sri Venkateswara University,EXACT,False
GITAM Institute of Management,Andhra Pradesh,Arts,"80,000","5,000",8.5,8.6,7.3,8.8,9.2,8.4,8.7,GITAM Institute of Management,EXACT,False
"Vignan’s Foundation for Science, Technology, and Research,",Andhra Pradesh,Arts,"70,000",--,8.2,8.2,8.4,8.5,8.2,7.7,8.4,Vignan’s Foundation for Science,EXACT,False
Acharya Nagarjuna University,Andhra Pradesh,Arts,"5,950","6,900",7.3,7.7,7,7.2,8,5.7,8.2,Acharya Nagarjuna University,EXACT,False
"Krea University, Sri City",Andhra Pradesh,Arts,"7,70,500",--,8.6,8.2,8.6,8.7,8.6,8.8,8.8,"Krea University, Sri City",EXACT,False
Indian Institute of Management Visakhapatnam,Andhra Pradesh,Arts,--,--,8.9,8.8,9,9,8.8,8.8,8.8,Indian Institute of Management Visakhapatnam,EXACT,False
Indian Institute of Technology,Andhra Pradesh,Arts,"17,450",--,8.6,9,8.1,8.8,8.7,8.2,8.9,IIT,EXACT,False
Centurion University of Technology and Management,Andhra Pradesh,Arts,"50,000",--,7.8,8,7.2,8.3,7.6,7.4,8.3,Centurion University of Technology and Management,EXACT,False
VIT University,Andhra Pradesh,Arts,"43,000",--,8.2,8.3,7.9,8.3,8.1,8.4,8.1,VIT University,EXACT,False
"SRM University, Amaravathi",Andhra Pradesh,Arts,"16,000","1,60,000",8.7,8.7,8.1,9.2,9.2,8.4,8.4,"SRM University, Amaravathi",EXACT,False
"Madanapalle Institute of Technology & Science, Madanapalle",Andhra Pradesh,Arts,--,--,8.4,8.5,7.6,8.7,8.3,8.5,8.5,Madanapalle Institute of Technology & Science,EXACT,False
"Risali Institute of Management, Visakhapatnam",Andhra Pradesh,Arts,"75,000",--,8.4,8.2,8.3,8.3,8.8,8.4,8.4,Risali Institute of Management,EXACT,False
"Andhra University, College of Science & Technology,",Andhra Pradesh,Arts,--,--,8,8.6,6.4,8.8,8.3,7.1,8.7,Andhra University,EXACT,False
Siddartha Educational Academy Group of Institutions,Andhra Pradesh,Arts,--,--,6.2,6.3,4.6,6.9,7.6,5.3,6.4,Siddartha Educational Academy Group of Institutions,EXACT,False
"AGL Degree and PG College, Visakhapatnam",Andhra Pradesh,Arts,--,--,7.4,7.5,6,9,8,6,8,"AGL Degree and PG College, Visakhapatnam",EXACT,False
"Adoni Arts and Science College, Adoni",Andhra Pradesh,Arts,--,--,8.2,8.5,7.3,8.5,8.3,7.8,8.7,"Adoni Arts and Science College, Adoni",EXACT,False
A.G & S.G Siddhartha Degree College of,Andhra Pradesh,Arts,"3,714",--,8.5,8.9,7.6,8.9,8.4,8.4,8.8,A.G & S.G Siddhartha Degree College of,EXACT,False
Akkineni Nageswara Rao College,Andhra Pradesh,Arts,"3,315",--,8.6,9,9,8.3,--,--,--,Akkineni Nageswara Rao College,EXACT,False
"Andhra Muslim College of Arts and Science,",Andhra Pradesh,Arts,--,--,--,--,--,--,--,--,--,Andhra Muslim College of Arts and Science,EXACT,False
"Annabattuni Satyanarayana Degree College, Guntur",Andhra Pradesh,Arts,--,--,6.9,7.7,6,8,6.3,8.3,5,Annabattuni Satyanarayana Degree College,EXACT,False
"Besant Theosophical College, Madanapalle",Andhra Pradesh,Arts,"6,000","20,000",8.3,8.5,8.5,8.5,8,8,8.5,"Besant Theosophical College, Madanapalle",EXACT,False
Ch S D St Theresa's Atonomous College,Andhra Pradesh,Arts,"10,000","8,000",--,--,--,--,--,--,--,Ch S D St Theresa's Atonomous College,EXACT,False
"Christ University, Bangalore",Karnataka,Arts,"50,000","20,000",8.3,8.5,7.4,8.2,8.9,8.1,8.8,"Christ University, Bangalore",EXACT,False
"Vivekananda Degree College, Bangalore",Karnataka,Arts,--,--,7.4,8.2,6.5,8.3,7.4,6.5,7.4,"Vivekananda Degree College, Bangalore",EXACT,False
Kristu Jayanti College,Karnataka,Arts,"50,000","70,000",8.4,8.9,7.7,8.4,8.9,8.1,8.5,Kristu Jayanti College,EXACT,False
Maharani Lakshmi Ammanni College for Women,Karnataka,Arts,--,--,8,8.6,7,8.6,7.9,7.9,8.2,Maharani Lakshmi Ammanni College for Women,EXACT,False
Jyoti Nivas College,Karnataka,Arts,"20,492","40,000",7.8,8.2,7.4,8.3,7.7,7,8.4,Jyoti Nivas College,EXACT,False
"The National Degree College, Bangalore",Karnataka,Arts,--,--,7.3,8.3,6.3,8.5,7.2,6.9,6.8,"The National Degree College, Bangalore",EXACT,False
"MES College of Arts, Commerce & Science,",Karnataka,Arts,"19,018",--,7.3,8,6.2,8,6.5,6.6,8.2,"MES College of Arts, Commerce & Science,",EXACT,False
"NMKRV College for Women, Bangalore",Karnataka,Arts,"2,40,000",--,7.9,7.9,7.3,8.4,8.1,6.9,8.7,"NMKRV College for Women, Bangalore",EXACT,False
Mount Carmel College,Karnataka,Arts,--,--,8.3,8.3,7.8,8.2,8.3,7.9,9.1,Mount Carmel College,EXACT,False
"BES Degree College Jayanagar, Bangalore",Karnataka,Arts,--,--,7.4,8,7.7,8.5,7,6,7.3,"BES Degree College Jayanagar, Bangalore",EXACT,False
Garden City University,Karnataka,Arts,"73,100","1,19,000",7.8,7.7,7.5,7.8,8.2,7.3,8.5,Garden City University,EXACT,False
"Ramaiah College of Arts, Science and Commerce",Karnataka,Arts,--,--,7.9,8.1,7.9,8,8.3,7,8.3,Ramaiah College of Arts,EXACT,False
B.R. Tambakad Arts Commerce and Science First,Karnataka,Arts,"4,913",--,--,--,--,--,--,--,--,B.R. Tambakad Arts Commerce and Science First,EXACT,False
KLE Society's S. Nijalingappa College,Karnataka,Arts,--,--,7.5,8,6.2,8.1,8.1,6.7,8,KLE Society's S. Nijalingappa College,EXACT,False
Hasanath College for Women,Karnataka,Arts,--,--,--,--,--,--,--,--,--,Hasanath College for Women,EXACT,False
Indian Institute of Management,Karnataka,Arts,--,--,9.1,9,9,9.1,9.2,9.2,8.9,Indian Institute of Management,EXACT,False
National Law School of India University,Karnataka,Arts,"2,19,625","2,19,625",8.8,9.1,8.6,9.3,8.1,9.1,8.8,National Law School of India University,EXACT,False
Welcomgroup Graduate School of Hotel Administration,Karnataka,Arts,"3,00,000","3,00,000",8.8,8.7,8.3,8.6,8.7,9.1,9.3,Welcomgroup Graduate School of Hotel Administration,EXACT,False
Manipal Academy of Higher Education,Karnataka,Arts,"3,00,000","75,000",8.4,8.5,8.2,8.6,8.8,7.8,8.4,Manipal Academy of Higher Education,EXACT,False
St Joseph's College,Karnataka,Arts,"28,800","99,750",8.1,8.4,7.3,8.4,8.3,7.6,8.6,St Joseph's College,EXACT,False
"St. Aloysius College, Mangalore",Karnataka,Arts,"14,750","54,705",7.9,8.4,7.1,8.1,8.3,7.1,8.6,"St. Aloysius College, Mangalore",EXACT,False
"JSS Academy of Higher Education & Research,",Karnataka,Arts,--,--,8.2,8.3,7.5,8.6,8.5,8,8,JSS Academy of Higher Education & Research,EXACT,False
Bangalore Medical College and Research Institute,Karnataka,Arts,"34,720",--,8.4,8.6,7.7,8.2,7.9,9.3,8.5,Bangalore Medical College and Research Institute,EXACT,False
"JD Institute of Fashion Technology, Bangalore",Karnataka,Arts,--,--,8.2,8.7,5.5,9.6,7.7,7.7,9.8,JD Institute of Fashion Technology,EXACT,False
KS Hegde Medical Academy,Karnataka,Arts,"82,000",--,8.6,9,8.4,9.6,8.4,8.2,8.2,KS Hegde Medical Academy,EXACT,False
Manipal Institute of Technology,Karnataka,Arts,"75,000",--,8.7,8.5,8.5,8.1,9.4,8.1,9.3,Manipal Institute of Technology,EXACT,False
Manipal School of Architecture and Planning,Karnataka,Arts,"1,20,000",--,7.4,8.2,6.8,7,8.4,5.6,8.2,Manipal School of Architecture and Planning,EXACT,False
St George College of Management Science and,Karnataka,Arts,"50,900",--,6.4,7.5,5.5,8,6,5,6.3,St George College of Management Science and,EXACT,False
"AIMS Institutes, Bangalore",Karnataka,Arts,"1,90,000","1,69,000",7.3,7.8,6.6,8.1,6.5,7.2,7.3,"AIMS Institutes, Bangalore",EXACT,False
Indian Academy Group of Institutions,Karnataka,Arts,"1,71,000","1,30,500",7.9,8.6,7.6,8.5,7.5,7.8,7.6,Indian Academy Group of Institutions,EXACT,False
Kasturba Gandhi Degree and PG College for,Telangana,Arts,"31,100",--,8,8.1,7,8.3,8.6,7.1,8.8,Kasturba Gandhi Degree and PG College for,EXACT,False
"Nizam College, Hyderabad",Telangana,Arts,"4,600",--,8.2,8.3,7.5,8.6,8.3,7.6,8.7,"Nizam College, Hyderabad",EXACT,False
A.V. College of Arts Science and Commerce,Telangana,Arts,"17,095","5,190",8,8.1,6.3,8.1,8.7,7.8,8.9,A.V. College of Arts Science and Commerce,EXACT,False
Osmania University College for Women,Telangana,Arts,"5,800","2,260",8.2,8,8.4,8.7,8.5,6.5,9,Osmania University College for Women,EXACT,False
"Loyola Academy Degree and PG College, Secunderabad",Telangana,Arts,"47,000",--,8.1,8.5,7.2,8.4,8.5,7.7,8.4,Loyola Academy Degree and PG College,EXACT,False
"St Ann's College for Women, Hyderabad",Telangana,Arts,"9,205",--,8.1,8.6,6.9,8.7,8.5,7.7,8.4,"St Ann's College for Women, Hyderabad",EXACT,False
"St Francis College for Women, Hyderabad",Telangana,Arts,"10,000","7,360",8.5,8.9,7.2,8.5,8.9,8.6,9,"St Francis College for Women, Hyderabad",EXACT,False
Sarojini Naidu Vanita Mahavidyalaya,Telangana,Arts,"5,050","7,200",9.4,9.8,9.8,8.5,9.5,9,9.5,Sarojini Naidu Vanita Mahavidyalaya,EXACT,False
Raja Bahadur Venkat Rama Reddy Women's College,Telangana,Arts,"21,980",--,8.2,7.8,7.6,8.6,8.3,7.9,8.7,Raja Bahadur Venkat Rama Reddy Women's College,EXACT,False
Indian Institute of Technology,Telangana,Arts,"35,200","31,395",8.5,8.7,8,8.7,8.5,8.3,8.6,IIT,EXACT,False
University of Hyderabad,Telangana,Arts,"7,220","7,220",8.4,8.7,7.6,8.5,9,7.5,8.8,University of Hyderabad,EXACT,False
National Institute of Technology,Telangana,Arts,"47,000",--,8.4,8.6,7.9,8.2,8.5,8.6,8.4,NIT,EXACT,False
ICFAI Foundation for Higher Education,Telangana,Arts,"1,20,000","1,20,000",8.2,8.3,7.5,8.1,8.6,7.8,8.9,ICFAI Foundation for Higher Education,EXACT,False
International Institute of Information Technology,Telangana,Arts,--,--,8.3,9,8.2,8.5,7.8,9.2,6.9,International Institute of Information Technology,EXACT,False
Jawaharlal Nehru Technological University,Telangana,Arts,"20,000",--,8,8.3,7.7,7.8,8.3,7.6,8.3,Jawaharlal Nehru Technological University,EXACT,False
ICFAI Business School,Telangana,Arts,"1,60,000","1,30,000",8.2,8.2,8,8.1,8.5,7.8,8.7,ICFAI Business School,EXACT,False
Jawaharlal Nehru Architecture and Fine Arts University,Telangana,Arts,"20,000","25,000",6.5,7.9,4.7,7.1,7.1,6,6.4,Jawaharlal Nehru Architecture and Fine Arts University,EXACT,False
Osmania University,Telangana,Arts,"3,240",--,7.9,8.3,7.5,8,8,7.7,7.9,Osmania University,EXACT,False
Kakatiya University,Telangana,Arts,"18,010","7,340",7.2,7.4,6.8,7.6,7.2,6.8,7.4,Kakatiya University,EXACT,False
Directorate of Sorghum Research,Telangana,Arts,--,--,--,--,--,--,--,--,--,Directorate of Sorghum Research,EXACT,False
"St Joseph's Degree and PG College, Hyderabad",Telangana,Arts,--,--,7.8,8.2,6.4,8.4,7.5,8,8.1,St Joseph's Degree and PG College,EXACT,False
"Anurag University, Hyderabad",Telangana,Arts,"54,000",--,8.3,8.5,7.5,8.2,8.9,8,8.4,"Anurag University, Hyderabad",EXACT,False
National Academy of Agricultural Research Management,Telangana,Arts,"20,000",--,9.4,9.7,9.4,9.3,9.7,9,9.5,National Academy of Agricultural Research Management,EXACT,False
Dr. B.R. Ambedkar Open University,Telangana,Arts,"6,900","5,000",6.7,7.3,5.6,7.8,7.2,5.5,6.8,Dr. B.R. Ambedkar Open University,EXACT,False
Maulana Azad National Urdu University,Telangana,Arts,"3,300","4,000",7.8,7,8.3,8.1,8.6,7.1,7.9,Maulana Azad National Urdu University,EXACT,False
Birla Institute of Technology and Science,Telangana,Arts,"1,10,125",--,9,9,8.4,8.8,9.4,9.1,9.4,Birla Institute of Technology and Science,EXACT,False
English and Foreign Languages University,Telangana,Arts,"5,260","9,895",8,9,7.7,8.8,7.8,7,7.7,English and Foreign Languages University,EXACT,False
"AMS College of Teacher Education, Hyderabad",Telangana,Arts,"26,120",--,--,--,--,--,--,--,--,AMS College of Teacher Education,EXACT,False
"Mahindra University, Hyderabad",Telangana,Arts,"70,000",--,8.8,9.1,8.6,9,9.1,7.8,8.9,"Mahindra University, Hyderabad",EXACT,False
"DAVV Mateshwari Sugni Devi Girls College, Indore",Madhya Pradesh,Arts,--,--,--,--,--,--,--,--,--,DAVV Mateshwari Sugni Devi Girls College,EXACT,False
Islamia Karimia College,Madhya Pradesh,Arts,"8,352","9,900",5.9,6,5.5,8,5.5,4.5,6,Islamia Karimia College,EXACT,False
Institute for Excellence in Higher Education,Madhya Pradesh,Arts,"18,882","19,707",7.2,7.9,6.5,7.9,7,6.7,7.4,Institute for Excellence in Higher Education,EXACT,False
Government M L B Girls PG College,Madhya Pradesh,Arts,--,--,6.9,7.1,6.5,7.4,6.5,5.8,7.8,Government M L B Girls PG College,EXACT,False
"Government Maharani Laxmi Bai Girls PG College,",Madhya Pradesh,Arts,"1,250","1,370",--,--,--,--,--,--,--,Government Maharani Laxmi Bai Girls PG College,EXACT,False
Barkatullah University,Madhya Pradesh,Arts,"9,795","7,795",6.9,7.3,6.1,7.4,6.9,6,7.5,Barkatullah University,EXACT,False
Atal Bihari Vajpayee Hindi Vishwavidyalaya,Madhya Pradesh,Arts,"10,100","10,250",7.7,8.3,6.3,8.7,7.3,7.8,7.9,Atal Bihari Vajpayee Hindi Vishwavidyalaya,EXACT,False
Madhya Pradesh Bhoj (Open) University,Madhya Pradesh,Arts,"3,612","6,900",7.8,8.6,7.4,8.7,7.5,7.6,7.2,Madhya Pradesh Bhoj (Open) University,EXACT,False
"Rajeev Gandhi College, Bhopal",Madhya Pradesh,Arts,"10,000",--,6.7,7,5.9,7.3,7.1,5.6,7.2,"Rajeev Gandhi College, Bhopal",EXACT,False
"RKDF University, Bhopal",Madhya Pradesh,Arts,"50,000","10,000",7.6,8,7,7.8,8,6.5,8.2,"RKDF University, Bhopal",EXACT,False
"Govt Girls PG College, Chhatarpur",Madhya Pradesh,Arts,--,--,--,--,--,--,--,--,--,"Govt Girls PG College, Chhatarpur",EXACT,False
"Indore Christian College, Indore",Madhya Pradesh,Arts,"10,300","11,300",--,--,--,--,--,--,--,"Indore Christian College, Indore",EXACT,False
"Government Hamidia Arts And Commerce College, Bhopal",Madhya Pradesh,Arts,"2,044","1,860",7.4,7.9,5.5,8.8,8.1,6.3,8,Government Hamidia Arts And Commerce College,EXACT,False
Indian Institute of Technology,Madhya Pradesh,Arts,"78,800",--,8,8.4,7.6,8.1,7.7,7.8,8.4,IIT,EXACT,False
Indian Institute of Forest Management,Madhya Pradesh,Arts,"1,75,000",--,9,9,9.1,9,9.3,8.5,9.1,Indian Institute of Forest Management,EXACT,False
Prestige Institute of Management and Research,Madhya Pradesh,Arts,--,--,7.9,8.2,7,8.4,7.3,7.7,8.5,Prestige Institute of Management and Research,EXACT,False
Institute of Business Management & Research,Madhya Pradesh,Arts,--,--,8.4,8.3,8,8.6,9,7.8,8.9,Institute of Business Management & Research,EXACT,False
"M.B. Khalsa College, Indore",Madhya Pradesh,Arts,--,--,6.6,6.7,5.2,7.8,7.1,5.7,7,"M.B. Khalsa College, Indore",EXACT,False
"Amity University, Gwalior",Madhya Pradesh,Arts,"64,000","64,000",8.6,8.8,8.5,8.4,9.3,8,8.3,"Amity University, Gwalior",EXACT,False
"Devi Ahilya Vishwavidyalaya, Indore",Madhya Pradesh,Arts,"24,500","24,500",7.5,8,6.5,7.8,7.5,7,7.9,"Devi Ahilya Vishwavidyalaya, Indore",EXACT,False
"Altius Institute of Universal Studies, Indore",Madhya Pradesh,Arts,"41,500",--,9,9,8,--,--,--,--,Altius Institute of Universal Studies,EXACT,False
Regional Institute of Education,Madhya Pradesh,Arts,"14,300","3,430",8.6,9,8.3,8.5,8.9,8.4,8.2,Regional Institute of Education,EXACT,False
Indira Gandhi National Tribal University,Madhya Pradesh,Arts,"6,700","25,600",7.5,7.5,7.3,8.4,7.9,5.9,7.9,Indira Gandhi National Tribal University,EXACT,False
Awadhesh Pratap Singh University,Madhya Pradesh,Arts,"12,000","16,000",7.1,7.9,6.5,8.1,7.2,5.3,7.3,Awadhesh Pratap Singh University,EXACT,False
"Career College, Bhopal",Madhya Pradesh,Arts,"10,000","10,000",8.3,8.4,7.6,8.7,8.3,8.4,8.3,"Career College, Bhopal",EXACT,False
Jagran Lakecity University,Madhya Pradesh,Arts,"47,500","1,10,000",8,8,7.9,7.8,8.6,7.4,8.1,Jagran Lakecity University,EXACT,False
LNCT University,Madhya Pradesh,Arts,"10,000","15,000",9,9,8.8,9.3,8.8,8.9,8.9,LNCT University,EXACT,False
"Avantika University, Ujjain",Madhya Pradesh,Arts,--,--,9.1,9.3,8.5,9.3,8.5,9.5,9.2,"Avantika University, Ujjain",EXACT,False
Pandit S. N. Shukla University Shahdol,Madhya Pradesh,Arts,"32,000",500,8.1,8.2,7.7,8.5,8.2,7.4,8.4,Pandit S. N. Shukla University Shahdol,EXACT,False
"St Joseph's College Devagiri, Calicut",Kerala,Arts,"27,200","45,000",8.4,8.8,7.7,8.7,8.7,7.4,9,"St Joseph's College Devagiri, Calicut",EXACT,False
Sacred Heart College,Kerala,Arts,"6,170","1,15,600",8.5,8.9,7.5,8.6,8.8,8,9.1,Sacred Heart College,EXACT,False
"St Teresa's College (Autonomous), Ernakulam",Kerala,Arts,"6,500","5,000",8.4,8.9,7.4,9,8.2,7.7,9.3,St Teresa's College (Autonomous),EXACT,False
"Government College, Kasaragod",Kerala,Arts,--,--,8.2,8.3,7.4,9.1,8.7,6.6,9,"Government College, Kasaragod",EXACT,False
"St. Albert's College, Ernakulam",Kerala,Arts,"18,000","37,500",7.1,7.9,6.4,7.7,7,6.5,6.9,"St. Albert's College, Ernakulam",EXACT,False
"Government Victoria College, Palakkad",Kerala,Arts,"2,025","3,480",8,8.5,7.4,8.8,7.5,6.3,9.3,"Government Victoria College, Palakkad",EXACT,False
"Gems Arts and Science College, Malappuram",Kerala,Arts,--,--,7.8,8.2,6.5,8.3,8.3,6.2,9.1,Gems Arts and Science College,EXACT,False
"AV Abdurahiman Haji Arts & Science College,",Kerala,Arts,"29,145","44,130",5.4,6.8,3.8,6,6.8,2.8,6,AV Abdurahiman Haji Arts & Science College,EXACT,False
"Maharaja's College, Ernakulam",Kerala,Arts,"3,920","5,200",7.8,8.4,7.3,8.6,8.2,5.4,8.8,"Maharaja's College, Ernakulam",EXACT,False
"Government Arts College, Thiruvananthapuram",Kerala,Arts,--,--,7.8,9.3,6.3,9,8,6.5,7.5,Government Arts College,EXACT,False
Indian Institute of Management,Kerala,Arts,"9,50,000",--,8.9,8.9,8.9,9.1,9.1,9.1,8.3,Indian Institute of Management,EXACT,False
"Trivandrum University College, Thiruvananthapuram",Kerala,Arts,"2,695","1,715",8.5,9.2,8,8.6,9,7.5,8.6,Trivandrum University College,EXACT,False
"Mar Ivanios College, Thiruvananthapuram",Kerala,Arts,"3,485","3,525",8.3,8.7,8.1,8.7,8.8,6.6,9,"Mar Ivanios College, Thiruvananthapuram",EXACT,False
Rajagiri College of Social Sciences,Kerala,Arts,"19,453","21,703",8.5,8.8,8.5,8.8,8.5,8,8.1,Rajagiri College of Social Sciences,EXACT,False
Mahatma Gandhi University,Kerala,Arts,"20,200","30,000",7.7,8,7.5,8,8,6.2,8.2,Mahatma Gandhi University,EXACT,False
"St Thomas' College, Thrissur",Kerala,Arts,"2,020","3,380",7.4,8,7,8.1,7,6.6,7.9,"St Thomas' College, Thrissur",EXACT,False
Calicut University,Kerala,Arts,"2,520","3,635",7,7.5,6.2,7.5,7.4,5.4,7.9,Calicut University,EXACT,False
St. Berchmans College,Kerala,Arts,"7,900","8,460",8.4,8.6,8.2,8.6,8.6,7.7,8.5,St. Berchmans College,EXACT,False
"Mahatma Gandhi College, Trivandrum",Kerala,Arts,"2,250","3,390",8.1,8.7,7.5,8.6,8.8,5.9,8.9,"Mahatma Gandhi College, Trivandrum",EXACT,False
"Farook College, Kozhikode",Kerala,Arts,"2,335","3,760",8.1,8.7,8.1,8.5,8.5,5.8,9,"Farook College, Kozhikode",EXACT,False
"Newman College, Thodupuzha",Kerala,Arts,"2,828","3,793",7.2,8.4,5.1,7.8,8,6.6,7,"Newman College, Thodupuzha",EXACT,False
T.K.M. College of Arts and Science,Kerala,Arts,"18,000","37,500",8,8.1,7.5,8.1,8.3,7.5,8.6,T.K.M. College of Arts and Science,EXACT,False
"Christ College Irinjalakuda, Thrissur",Kerala,Arts,"9,70,000","8,71,000",8,8.3,7.7,8.2,8.4,7.2,8.3,"Christ College Irinjalakuda, Thrissur",EXACT,False
"Bishop Vayalil Memorial Holy Cross College, Kottayam",Kerala,Arts,"45,478","38,828",7.6,8.3,6.6,9,7.7,7.3,6.7,Bishop Vayalil Memorial Holy Cross College,EXACT,False
"St. Mary's College Sulthan Bathery, Sulthan Batheri",Kerala,Arts,"37,500",--,6.8,7.8,6.9,6.8,7.5,3.8,7.8,St. Mary's College Sulthan Bathery,EXACT,False
"SCMS Cochin School of Business, Cochin",Kerala,Arts,"3,75,000",--,7.5,8,8.1,7.4,8.3,7.2,6.1,"SCMS Cochin School of Business, Cochin",EXACT,False
"Mar Thoma College, Tiruvalla",Kerala,Arts,--,--,7.2,7.6,6.7,8.3,7.4,5.2,7.7,"Mar Thoma College, Tiruvalla",EXACT,False
SCMS School of Technology and Management,Kerala,Arts,"18,000",--,7.8,7.9,7.7,8.4,7.5,8.3,7.2,SCMS School of Technology and Management,EXACT,False
"Nirmalagiri College, Kannur",Kerala,Arts,"1,960","3,120",8,9.3,7.3,8.1,9,6.7,7.8,"Nirmalagiri College, Kannur",EXACT,False
DC School of Management and Technology,Kerala,Arts,"48,000",--,7.7,7.4,7.1,7.9,8,7.2,8.5,DC School of Management and Technology,EXACT,False
"Banasthali Vidyapith, Jaipur",Rajasthan,Arts,"77,500","75,500",8.5,8.8,8.2,8.9,8.6,7.9,8.8,"Banasthali Vidyapith, Jaipur",EXACT,False
"St Xaviers College, Jaipur",Rajasthan,Arts,"63,000","53,000",7.6,8.2,7.1,8.3,7.8,6,8.4,"St Xaviers College, Jaipur",EXACT,False
Jaipur National University,Rajasthan,Arts,"38,300","38,000",7.5,7.9,7,7.7,7.8,6.7,7.6,Jaipur National University,EXACT,False
"Kanoria PG Mahila Mahavidyalaya, Jaipur",Rajasthan,Arts,"15,000","16,500",7.7,8,7.9,7.8,8.3,5.8,8.2,"Kanoria PG Mahila Mahavidyalaya, Jaipur",EXACT,False
Jayoti Vidyapeeth Women's University,Rajasthan,Arts,"35,000","2,30,000",7.6,7.7,8.4,7.9,7.7,6.4,7.4,Jayoti Vidyapeeth Women's University,EXACT,False
"SS Jain Subodh PG College, Jaipur",Rajasthan,Arts,"19,000","1,05,000",7.6,8.2,6.5,8.4,8,6.7,7.6,"SS Jain Subodh PG College, Jaipur",EXACT,False
"Maheshwari Girls P.G. College, Jaipur",Rajasthan,Arts,"18,300","12,800",9.5,--,--,--,--,--,--,"Maheshwari Girls P.G. College, Jaipur",EXACT,False
IIS (Deemed to be University),Rajasthan,Arts,"78,000","69,600",8.3,8.6,8.5,8.6,8,7.9,8.4,IIS (Deemed to be University),EXACT,False
Birla Institute of Technology and Science,Rajasthan,Arts,"86,825",--,8.9,8.8,8.2,8.8,9,9,9.3,Birla Institute of Technology and Science,EXACT,False
National Law University,Rajasthan,Arts,"95,000",--,8.4,8.8,8.1,7.5,8.6,8.8,8.5,National Law University,EXACT,False
Institute of Hotel Management and Catering,Rajasthan,Arts,--,--,8.4,8.5,8.5,8.5,7.5,8.8,8.8,Institute of Hotel Management and Catering,EXACT,False
Indian Institute of Technology,Rajasthan,Arts,"65,500",--,8.2,8,7.9,8.2,8.2,8,8.7,IIT,EXACT,False
Malaviya National Institute of Technology,Rajasthan,Arts,"71,065",--,8.2,8.2,7.4,8,8.7,8.2,8.5,Malaviya NIT,EXACT,False
Madhav University,Rajasthan,Arts,"60,000","35,000",7.8,7.9,7.5,8.2,7.9,7.3,7.8,Madhav University,EXACT,False
Janardan Rai Nagar Rajasthan Vidyapeeth University,Rajasthan,Arts,"20,000","18,000",7.8,8.3,7.5,8.3,7.9,7.3,7.5,Janardan Rai Nagar Rajasthan Vidyapeeth University,EXACT,False
"Amity University, Jaipur",Rajasthan,Arts,"70,000","90,000",8,7.8,7.6,7.8,8.9,7.4,8.7,"Amity University, Jaipur",EXACT,False
"Poddar Group of Institutions, Jaipur",Rajasthan,Arts,"25,000","40,000",7.7,8.3,7.1,8.6,7.4,6.9,8,"Poddar Group of Institutions, Jaipur",EXACT,False
"Lucky Institute of Professional Studies, Jodhpur",Rajasthan,Arts,"16,000","16,000",7.7,7.8,8,8.3,7.7,6,8.2,Lucky Institute of Professional Studies,EXACT,False
Jai Narain Vyas University,Rajasthan,Arts,420,480,6.2,6.9,5.2,7.1,6.4,4.9,6.4,Jai Narain Vyas University,EXACT,False
Mahatma Jyoti Rao Phoole University,Rajasthan,Arts,"31,000","50,000",6.8,6.9,6.2,7.4,7.7,6.4,6.4,Mahatma Jyoti Rao Phoole University,EXACT,False
Career Point University,Rajasthan,Arts,"37,000","35,000",8.3,8.4,7.9,8.4,8.4,7.6,8.9,Career Point University,EXACT,False
"IIHMR University, Jaipur",Rajasthan,Arts,"1,40,000",--,8.5,8.6,8.1,8.5,8.8,8.5,8.2,"IIHMR University, Jaipur",EXACT,False
"SPC Education Center, Jaipur",Rajasthan,Arts,"2,500","2,500",10,--,--,--,--,--,--,"SPC Education Center, Jaipur",EXACT,False
"St Wilfreds College for Girls, Jaipur",Rajasthan,Arts,--,--,7.5,8.4,6.5,8.3,7.4,6.7,7.5,"St Wilfreds College for Girls, Jaipur",EXACT,False
Mewar University,Rajasthan,Arts,"28,000","75,000",8,7.9,7.1,8.1,8.8,7.3,8.6,Mewar University,EXACT,False
"Alankar P.G. Girls College, Jaipur",Rajasthan,Arts,"14,000","11,000",9,9,9,9,9,9,9,"Alankar P.G. Girls College, Jaipur",EXACT,False
University of Rajasthan,Rajasthan,Arts,"5,440","23,300",7.6,8.1,7.1,8.1,7.9,6.5,7.8,University of Rajasthan,EXACT,False
"Singhania University, Jhunjhunu",Rajasthan,Arts,"22,000","52,000",7.1,7.1,6.7,7.1,7.1,7,7.3,"Singhania University, Jhunjhunu",EXACT,False
Manipal University,Rajasthan,Arts,"36,000","88,500",8.4,8.2,8.3,8.2,9.2,7.7,9,Manipal University,EXACT,False
Mehr Chand Mahajan Dayanand Anglo Vedic College,Haryana,Arts,"20,040","20,060",8.2,8.4,8,8.5,8.2,7.6,8.4,Mehr Chand Mahajan Dayanand Anglo Vedic College,EXACT,False
DAV College,Haryana,Arts,"37,430","20,250",8,8.4,7.4,8.3,8,6.8,8.8,DAV College,EXACT,False
"Lingaya's Vidyapeeth, Faridabad",Haryana,Arts,"90,000","63,500",7.8,8,7.5,8.1,7.7,7.3,8.1,"Lingaya's Vidyapeeth, Faridabad",EXACT,False
Manav Rachna International Institute of Research and,Haryana,Arts,"1,65,000","1,26,000",7.5,7.4,7.3,7.5,8.3,6.6,7.6,Manav Rachna International Institute of Research and,EXACT,False
"Post Graduate Government College for Girls, Chandigarh",Haryana,Arts,"16,670","22,000",8.1,8.6,8.4,8.9,8.2,6.1,8.5,Post Graduate Government College for Girls,EXACT,False
"Post Graduate Government College, Chandigarh",Haryana,Arts,"16,670","18,400",7.7,8.4,7.2,8.4,7.5,6.5,7.9,Post Graduate Government College,EXACT,False
Panjab University,Haryana,Arts,"8,100","8,100",7.7,8.2,7.7,8,7.7,6.5,8.2,Panjab University,EXACT,False
Maharshi Dayanand University,Haryana,Arts,"3,132","8,132",7.8,8,7.7,8,8.4,6.6,8,Maharshi Dayanand University,EXACT,False
National Institute of Technology,Haryana,Arts,"16,000",--,8.2,8,7.4,8.1,8.2,8.6,8.6,NIT,EXACT,False
"Government Home Science College, Chandigarh",Haryana,Arts,"27,731",--,9.1,8.7,9.3,9.3,8.7,8.7,9.7,Government Home Science College,EXACT,False
Chandigarh University,Haryana,Arts,"50,000","60,000",8.6,8.6,8.2,8.4,9,8.6,8.8,Chandigarh University,EXACT,False
Apeejay Stya University,Haryana,Arts,"2,90,200","2,90,200",7.9,8.2,7.5,7.9,7.5,7.7,8.3,Apeejay Stya University,EXACT,False
"University School of Business, Chandigarh University",Haryana,Arts,"70,000",--,9.1,9.1,8.8,9.1,9.2,9.3,8.9,University School of Business,EXACT,False
Kurukshetra University,Haryana,Arts,"7,500","38,000",7.5,8.1,7,8,7.7,6.5,7.7,Kurukshetra University,EXACT,False
"Arya Post Graduate College, Panipat",Haryana,Arts,"20,850","23,200",7.8,8.4,6.8,8.8,8,6.3,8.6,"Arya Post Graduate College, Panipat",EXACT,False
Guru Jambheshwar University of Science and Technology,Haryana,Arts,"20,100","22,600",7.7,7.7,7.3,7.5,8.9,6.5,8,Guru Jambheshwar University of Science and Technology,EXACT,False
"J.C. Bose University Of Science And Technology,",Haryana,Arts,"53,195",--,7.3,7.7,6.5,7.4,6.6,7.7,7.6,J.C. Bose University Of Science And Technology,EXACT,False
"SRM University Delhi NCR, Sonepat",Haryana,Arts,"88,500","88,500",7.8,8,7.5,7.9,8.1,7.6,7.9,"SRM University Delhi NCR, Sonepat",EXACT,False
"Dharamjeevi Institute of Professional Education, Kurukshetra",Haryana,Arts,"50,000",--,--,--,--,--,--,--,--,Dharamjeevi Institute of Professional Education,EXACT,False
Goswami Ganesh Dutt Sanatan Dharama College,Haryana,Arts,"23,500",--,8.1,8.6,7.6,8.5,8.1,7.1,8.8,Goswami Ganesh Dutt Sanatan Dharama College,EXACT,False
"Ashoka University, Sonepat",Haryana,Arts,"9,25,000","4,98,000",8.6,8.6,8.6,8.9,8.7,8.3,8.5,"Ashoka University, Sonepat",EXACT,False
"Gurugram University, Gurgaon",Haryana,Arts,"10,000","20,000",8.2,8.6,7.4,8.4,8.6,8,8.1,"Gurugram University, Gurgaon",EXACT,False
"Institute of Apparel Management, Gurgaon",Haryana,Arts,--,--,--,--,--,--,--,--,--,"Institute of Apparel Management, Gurgaon",EXACT,False
"PDM University, Bahadurgarh, Bahadurgarh",Haryana,Arts,"59,200","64,700",7.4,7.1,7.6,7.4,7.5,7.1,7.7,"PDM University, Bahadurgarh, Bahadurgarh",EXACT,False
BML Munjal University,Haryana,Arts,"2,00,000",--,8.1,8,8,7.9,8.5,7.8,8.3,BML Munjal University,EXACT,False
"Amity University, Gurgaon",Haryana,Arts,"66,000","66,000",7.7,7.8,7.1,7.6,8.6,7.1,8.1,"Amity University, Gurgaon",EXACT,False
O. P. Jindal Global University,Haryana,Arts,"3,50,000","4,50,000",8.3,8.4,8.2,8.3,8.8,7.5,8.7,O. P. Jindal Global University,EXACT,False
"IILM University, Gurgaon",Haryana,Arts,"3,30,000","3,30,000",8.4,8.2,7.4,8.5,8.6,8.6,8.8,"IILM University, Gurgaon",EXACT,False
"Starex University, Gurgaon",Haryana,Arts,"4,50,000","45,000",8.8,9.1,9.1,8.7,8.6,8.5,8.7,"Starex University, Gurgaon",EXACT,False
Modern Vidya Niketan,Haryana,Arts,"1,00,000",--,7,7.2,6.4,7.7,7,6.8,6.8,Modern Vidya Niketan,EXACT,False
"St Xavier's College, Ahmedabad",Gujarat,Arts,"8,010","45,670",8.1,8.4,7.4,8.6,8.3,7.3,8.7,"St Xavier's College, Ahmedabad",EXACT,False
"Shri HK Arts College, Ahmedabad",Gujarat,Arts,"2,200",--,7.8,8.2,7.8,8.2,7.8,7,7.8,"Shri HK Arts College, Ahmedabad",EXACT,False
"CU Shah Arts College, Ahmedabad",Gujarat,Arts,--,--,4.8,8,1,6,4,5,5,"CU Shah Arts College, Ahmedabad",EXACT,False
"Umiya Arts and Commerce College for Girls,",Gujarat,Arts,--,--,8.3,--,--,9,--,7,9,Umiya Arts and Commerce College for Girls,EXACT,False
"RH Patel Arts and Commerce College, Ahmedabad",Gujarat,Arts,--,--,6.7,7.7,6.7,7.3,6,4.7,7.7,RH Patel Arts and Commerce College,EXACT,False
"LD Arts College, Ahmedabad",Gujarat,Arts,"1,085","2,205",6.7,8.4,5,8.4,7.9,3.3,6.9,"LD Arts College, Ahmedabad",EXACT,False
"Gujarat Arts and Commerce College, Ahmedabad",Gujarat,Arts,--,--,8,8.4,6.3,9.1,7.5,7.1,9.6,Gujarat Arts and Commerce College,EXACT,False
Gujarat Vidyapith,Gujarat,Arts,"11,830","8,635",8.4,9,7.9,9.1,8.4,7.6,8.1,Gujarat Vidyapith,EXACT,False
"Shri Sahajanand Arts & Commerce College, Ahmedabad",Gujarat,Arts,--,--,5.9,6.7,4.1,7.7,5.6,4.2,7.1,Shri Sahajanand Arts & Commerce College,EXACT,False
Anand Arts College,Gujarat,Arts,--,--,8.7,9,9,8.5,9,8,8.5,Anand Arts College,EXACT,False
Gujarat National Law University,Gujarat,Arts,"1,86,000",--,8.5,8.6,8,8.7,9.3,8.1,8.1,Gujarat National Law University,EXACT,False
Indian Institute of Technology,Gujarat,Arts,"4,55,000","48,500",8.4,8.3,8.4,8.8,9.1,7.2,8.8,IIT,EXACT,False
Maharaja Sayajirao University of Baroda,Gujarat,Arts,"7,740","8,360",7.9,8.3,7,8.4,8,7.2,8.4,Maharaja Sayajirao University of Baroda,EXACT,False
Bhavan's Sheth RA Shah College of Arts,Gujarat,Arts,--,--,6.8,8.2,4.5,8.1,7.5,5,7.3,Bhavan's Sheth RA Shah College of Arts,EXACT,False
Dr Babasaheb Ambedkar Open University,Gujarat,Arts,"9,030","26,000",7.7,8.5,5.5,8.5,8,7.5,8.1,Dr Babasaheb Ambedkar Open University,EXACT,False
"Christ College, Rajkot",Gujarat,Arts,"12,890",--,8.2,8.6,7.4,9.2,9,6.6,8.2,"Christ College, Rajkot",EXACT,False
"Ahmedabad University, Ahmedabad",Gujarat,Arts,"2,60,000","2,50,000",8.6,9,7.6,8.9,9.2,8,9,"Ahmedabad University, Ahmedabad",EXACT,False
Navrachana University,Gujarat,Arts,"90,000",--,7.7,7.7,7.4,8.2,8,7.2,7.8,Navrachana University,EXACT,False
Sardar Patel University,Gujarat,Arts,"3,940","10,700",7.8,8.6,7,8.5,7.7,7.3,7.8,Sardar Patel University,EXACT,False
"Arvindbhai Patel Institute of Environmental Design, Vallabh",Gujarat,Arts,"1,07,000","1,07,000",6.9,7.2,5.8,7.4,7.4,5.4,8,Arvindbhai Patel Institute of Environmental Design,EXACT,False
Gujarat Arts and Science College,Gujarat,Arts,--,--,7.5,8.3,6.4,7.4,8.6,6.1,7.9,Gujarat Arts and Science College,EXACT,False
Times Business School,Gujarat,Arts,"5,500",--,8.1,8,7,8.5,8,8,9,Times Business School,EXACT,False
"CEPT University, Ahmedabad",Gujarat,Arts,"3,78,000",--,8.2,8.6,7.7,8.4,8.3,8.1,8,"CEPT University, Ahmedabad",EXACT,False
Nirma University,Gujarat,Arts,"97,200",--,8.4,8.6,8,8.4,9.1,8.1,8.2,Nirma University,EXACT,False
Karnavati University,Gujarat,Arts,"1,80,000",--,8.9,8.6,8.2,9.3,9.4,8.6,9.3,Karnavati University,EXACT,False
Pandit Deendayal Petroleum University [PDPU] / (Energy,Gujarat,Arts,"2,49,000","86,000",8.6,8.3,8.3,8.1,9.4,8.1,9.4,Pandit Deendayal Petroleum University [PDPU] / (Energy,EXACT,False
Children's University,Gujarat,Arts,"4,500","15,000",8.1,8.3,7.7,8.8,7.7,7.4,8.5,Children's University,EXACT,False
"Auro University, Surat",Gujarat,Arts,"1,65,000","1,21,000",8.3,8.2,8.5,8.6,8.7,7.2,8.6,"Auro University, Surat",EXACT,False
"Atmiya University, Rajkot",Gujarat,Arts,"30,000",--,8.1,8.8,7.5,8.6,8.4,7.4,7.9,"Atmiya University, Rajkot",EXACT,False
Ganpat University,Gujarat,Arts,"60,000","30,000",8.1,8.2,7.2,8.1,8.5,7.8,8.6,Ganpat University,EXACT,False
Kamla Nehru College for Women,Punjab,Arts,--,--,7.9,8.5,8,8.2,8.3,5.8,8.8,Kamla Nehru College for Women,EXACT,False
Mehr Chand Mahajan Dayanand Anglo Vedic College,Punjab,Arts,"20,040","20,060",8.2,8.4,8,8.5,8.2,7.6,8.4,Mehr Chand Mahajan Dayanand Anglo Vedic College,EXACT,False
DAV College,Punjab,Arts,"37,430","20,250",8,8.4,7.4,8.3,8,6.8,8.8,DAV College,EXACT,False
"Post Graduate Government College for Girls, Chandigarh",Punjab,Arts,"16,670","22,000",8.1,8.6,8.4,8.9,8.2,6.1,8.5,Post Graduate Government College for Girls,EXACT,False
"Post Graduate Government College, Chandigarh",Punjab,Arts,"16,670","18,400",7.7,8.4,7.2,8.4,7.5,6.5,7.9,Post Graduate Government College,EXACT,False
Panjab University,Punjab,Arts,"8,100","8,100",7.7,8.2,7.7,8,7.7,6.5,8.2,Panjab University,EXACT,False
Punjab Agricultural University,Punjab,Arts,"79,920",--,7.8,8.5,7.5,8.1,8.5,6,8.1,Punjab Agricultural University,EXACT,False
Thapar Institute of Engineering and Technology,Punjab,Arts,"1,13,200","1,16,460",8.3,8,8.1,7.7,8.9,8.2,8.8,Thapar Institute of Engineering and Technology,EXACT,False
Indian Institute of Technology,Punjab,Arts,"16,300",--,8.5,8.5,8.1,8.2,9.1,8.4,8.9,IIT,EXACT,False
"Government Home Science College, Chandigarh",Punjab,Arts,"27,731",--,9.1,8.7,9.3,9.3,8.7,8.7,9.7,Government Home Science College,EXACT,False
Chandigarh University,Punjab,Arts,"50,000","60,000",8.6,8.6,8.2,8.4,9,8.6,8.8,Chandigarh University,EXACT,False
Gian Jyoti Institute of Management and Technology,Punjab,Arts,--,--,8.2,8.6,7.4,8.7,8.1,7.6,8.5,Gian Jyoti Institute of Management and Technology,EXACT,False
"University School of Business, Chandigarh University",Punjab,Arts,"70,000",--,9.1,9.1,8.8,9.1,9.2,9.3,8.9,University School of Business,EXACT,False
"Chitkara University, Chitkara Business School",Punjab,Arts,"1,22,000",--,8.5,8.9,7.4,8.5,9.1,8.5,8.6,Chitkara University,EXACT,False
I.K. Gujral Punjab Technical University,Punjab,Arts,"38,600","49,000",8.1,8,7.4,8.7,8.3,7.7,8.7,I.K. Gujral Punjab Technical University,EXACT,False
"Khalsa College, Amritsar",Punjab,Arts,"45,670","45,830",7.9,8.3,7.7,7.9,8.3,6.5,8.4,"Khalsa College, Amritsar",EXACT,False
"BBK DAV College for Women, Amritsar",Punjab,Arts,"22,200","21,760",8.8,9,8.5,9.5,8.2,7.8,9.5,"BBK DAV College for Women, Amritsar",EXACT,False
"Doaba College, Jalandhar",Punjab,Arts,"42,000","27,560",8.7,9.1,8.4,9.4,8.6,8.1,8.5,"Doaba College, Jalandhar",EXACT,False
Sant Longowal Institute of Engineering and Technology,Punjab,Arts,"27,900",--,7.6,7.7,7.1,7.5,8.4,6.5,8.1,Sant Longowal Institute of Engineering and Technology,EXACT,False
Goswami Ganesh Dutt Sanatan Dharama College,Punjab,Arts,"23,500",--,8.1,8.6,7.6,8.5,8.1,7.1,8.8,Goswami Ganesh Dutt Sanatan Dharama College,EXACT,False
"DAV College, Jalandhar",Punjab,Arts,"22,410","21,250",7.5,8,6.4,7.9,7.5,7.5,7.7,"DAV College, Jalandhar",EXACT,False
"Chitkara University, Chitkara School of Mass Communication",Punjab,Arts,"1,34,000",--,8.5,--,--,--,--,--,--,Chitkara University,EXACT,False
"RIMT University, Gobindgarh",Punjab,Arts,"55,400","85,000",7.6,7.9,7.3,7.8,8,6.7,7.8,"RIMT University, Gobindgarh",EXACT,False
Kanya Mahavidyalaya,Punjab,Arts,--,--,9.8,9.8,9.7,9.8,9.7,9.6,9.9,Kanya Mahavidyalaya,EXACT,False
"DAV College, Amritsar",Punjab,Arts,"24,688","33,348",7.5,8,6.6,8.3,6.8,7.3,7.9,"DAV College, Amritsar",EXACT,False
"Shanti Devi Arya Mahila College, Gurdaspur",Punjab,Arts,"15,200","16,200",--,--,--,--,--,--,--,Shanti Devi Arya Mahila College,EXACT,False
Chitkara University,Punjab,Arts,"3,50,000","1,34,000",8.5,8.4,7.7,8.5,8.9,8.7,8.7,Chitkara University,EXACT,False
"Guru Kashi University, Bathinda",Punjab,Arts,"40,570","23,400",7.5,7.4,7.2,8,7.2,7.2,7.8,"Guru Kashi University, Bathinda",EXACT,False
"DAV University, Jalandhar",Punjab,Arts,"31,000","45,000",7.9,8.4,7,8.4,7,8,8.5,"DAV University, Jalandhar",EXACT,False
"Presidency University, Kolkata",West Bengal,Arts,"2,000","2,220",8.1,8.8,7.3,8.6,8.8,6.5,8.3,"Presidency University, Kolkata",EXACT,False
St. Xavier's College,West Bengal,Arts,"22,200","8,200",8.3,8.8,7.4,8.4,8.6,7.8,8.8,St. Xavier's College,EXACT,False
Lady Brabourne College,West Bengal,Arts,"27,174",--,7.6,8.9,7,8.3,7.9,6.3,7,Lady Brabourne College,EXACT,False
Jadavpur University,West Bengal,Arts,"2,400",--,8.4,9,7.6,8.5,8.1,8.4,9,Jadavpur University,EXACT,False
"Bethune College, Kolkata",West Bengal,Arts,"1,181","7,466",8,9.1,7.3,8.8,7.9,6.8,8.1,"Bethune College, Kolkata",EXACT,False
"Loreto College, Kolkata",West Bengal,Arts,"21,940","17,500",8.3,9.3,6.8,9.3,8.1,7.6,8.6,"Loreto College, Kolkata",EXACT,False
"Scottish Church College, Kolkata",West Bengal,Arts,"12,401",--,7.8,8.3,7.8,8.3,8.1,6.3,8.2,"Scottish Church College, Kolkata",EXACT,False
"Gokhale Memorial Girls' College, Kolkata",West Bengal,Arts,"13,420",--,7.8,8.8,7.2,8.8,7.1,7.2,7.9,"Gokhale Memorial Girls' College, Kolkata",EXACT,False
"Asutosh College, Kolkata",West Bengal,Arts,"5,070",--,7.5,8.3,6.5,8.4,7.7,5.6,8.5,"Asutosh College, Kolkata",EXACT,False
Maulana Azad College,West Bengal,Arts,"1,145","4,185",7.8,8.8,7.7,8.4,8.3,5.5,7.9,Maulana Azad College,EXACT,False
"Sivanath Sastri College, Kolkata",West Bengal,Arts,"7,720",--,7.2,8.3,5.9,8.2,6.6,6.4,7.8,"Sivanath Sastri College, Kolkata",EXACT,False
"Shri Shikshayatan College, Kolkata",West Bengal,Arts,"35,360","44,220",8.2,8.6,7.6,8.7,8.5,7.6,8.3,"Shri Shikshayatan College, Kolkata",EXACT,False
"Acharya Jagadish Chandra Bose College, Kolkata",West Bengal,Arts,"11,200",--,6.4,7.1,5.3,7.6,6.9,4.7,6.7,Acharya Jagadish Chandra Bose College,EXACT,False
"Ramakrishna Mission Vidyamandira, Howrah",West Bengal,Arts,"3,600","6,000",8.8,9.3,8.6,9.4,8.9,7.8,8.6,"Ramakrishna Mission Vidyamandira, Howrah",EXACT,False
Vidyasagar College,West Bengal,Arts,"4,195",--,6.9,8.1,6.2,8.1,7.3,3.9,7.8,Vidyasagar College,EXACT,False
"Rammohan College, Kolkata",West Bengal,Arts,"2,955",--,7.4,8,7.3,8.4,7,6.1,7.7,"Rammohan College, Kolkata",EXACT,False
Acharya Prafulla Chandra College,West Bengal,Arts,"2,249","18,300",7.5,8.2,6.5,8.3,8,5.8,7.9,Acharya Prafulla Chandra College,EXACT,False
"Rani Birla Girl's College, Kolkata",West Bengal,Arts,"7,390",--,5.6,7,4,8,3,6.5,5,"Rani Birla Girl's College, Kolkata",EXACT,False
"Sarsuna College, Kolkata",West Bengal,Arts,"2,100",--,7.1,8.1,5.8,8.3,7.9,4.8,7.4,"Sarsuna College, Kolkata",EXACT,False
Acharya Girish Chandra Bose College,West Bengal,Arts,600,--,5.8,7.3,4.3,6.9,6.5,3.7,6.2,Acharya Girish Chandra Bose College,EXACT,False
Indian Institute of Technology,West Bengal,Arts,"50,000","40,000",8.5,8.8,7.2,8.2,8.9,8.8,9,IIT,EXACT,False
Indian Institute of Management,West Bengal,Arts,--,--,8.9,8.9,8.8,9,8.8,9.1,8.5,Indian Institute of Management,EXACT,False
Indian Institute of Engineering Science and Technology,West Bengal,Arts,"28,000",--,8,8.3,7.7,7.9,7.9,7.5,8.4,Indian Institute of Engineering Science and Technology,EXACT,False
"University of Calcutta, Kolkata",West Bengal,Arts,"2,314","80,000",7.7,8.6,6.9,8.5,7.7,6.5,7.7,"University of Calcutta, Kolkata",EXACT,False
National Institute of Technology,West Bengal,Arts,"64,100","39,100",7.7,8,6.8,7.8,7.5,7.8,8.4,NIT,EXACT,False
Guru Nanak Institute of Hotel Management,West Bengal,Arts,"1,90,000",--,8,8.3,7.3,8,8.2,8.4,7.9,Guru Nanak Institute of Hotel Management,EXACT,False
"George Group of Colleges, Kolkata",West Bengal,Arts,"76,300",--,7.8,8.7,6.4,8.6,8,7.5,7.5,"George Group of Colleges, Kolkata",EXACT,False
Indian Institute of Social Welfare and Business,West Bengal,Arts,"90,000",--,7.7,8.6,6.5,8.3,6.9,8,8,Indian Institute of Social Welfare and Business,EXACT,False
"KD College of Commerce & General Studies,",West Bengal,Arts,"2,580",--,7.3,8.8,7.8,6.4,8.2,5.3,7,KD College of Commerce & General Studies,EXACT,False
"Dwijendralal College, Nadia",West Bengal,Arts,--,--,7.3,8.1,6.9,8.3,7.6,5.1,7.7,"Dwijendralal College, Nadia",EXACT,False
Indian Institute of Technology,Odisha,Arts,"31,568",--,7.8,8.1,8,8,7.8,7.8,7.2,IIT,EXACT,False
Kalinga Institute of Industrial Technology,Odisha,Arts,"1,39,000","1,39,000",8.6,8.4,8.1,8.2,9.2,8.6,9,Kalinga Institute of Industrial Technology,EXACT,False
BJB Autonomous College,Odisha,Arts,"40,000",--,7.4,8.3,6.8,7.9,7.4,5.9,7.9,BJB Autonomous College,EXACT,False
"Rama Devi Women's University, Bhubaneswar",Odisha,Arts,"3,535","4,003",7.9,8.5,7.3,8.7,8.3,6,8.7,Rama Devi Women's University,EXACT,False
"Maharishi College of Natural Law, Bhubaneswar",Odisha,Arts,--,--,7.5,8.6,6.4,8.8,7.8,4.7,8.9,Maharishi College of Natural Law,EXACT,False
"D.R. Nayapalli College, Bhubaneswar",Odisha,Arts,--,--,8.3,7.8,8.5,9,7.5,7.5,9.3,"D.R. Nayapalli College, Bhubaneswar",EXACT,False
Satwik Institute Of Professional Studies,Odisha,Arts,--,--,--,--,--,--,--,--,--,Satwik Institute Of Professional Studies,EXACT,False
Institute of Media Studies,Odisha,Arts,"60,000",--,--,--,--,--,--,--,--,Institute of Media Studies,EXACT,False
Directorate of Research on Woman in Agriculture,Odisha,Arts,--,--,--,--,--,--,--,--,--,Directorate of Research on Woman in Agriculture,EXACT,False
"Dhenkanal Autonomous College, Dhenkanal",Odisha,Arts,"2,210","34,016",7.2,8,6.7,7.8,7.4,6.4,6.9,"Dhenkanal Autonomous College, Dhenkanal",EXACT,False
National Institute of Technology,Odisha,Arts,"51,500","97,500",8.4,8.3,7.9,7.8,9.1,8.2,8.9,NIT,EXACT,False
Siksha 'O' Anusandhan University,Odisha,Arts,--,--,8.3,8.6,7.6,8.3,8.7,8,8.5,Siksha 'O' Anusandhan University,EXACT,False
Xavier University,Odisha,Arts,"1,67,000","2,40,000",8.2,8.7,7.8,8.4,9.2,6.8,8.4,Xavier University,EXACT,False
Regional College of Management,Odisha,Arts,"1,80,000",--,7.8,8.4,7.1,8.5,8.2,6.9,7.9,Regional College of Management,EXACT,False
Veer Surendra Sai University of Technology,Odisha,Arts,"67,480",--,7.9,8.2,7.7,7.9,7.4,7.7,8.4,Veer Surendra Sai University of Technology,EXACT,False
Regional Institute of Education,Odisha,Arts,"14,155","4,570",8.3,8.5,8,8.2,8,8.3,8.9,Regional Institute of Education,EXACT,False
Biju Pattnaik College of Science & Education,Odisha,Arts,--,--,8,8.5,6.9,8.6,8,7.5,8.4,Biju Pattnaik College of Science & Education,EXACT,False
Sri Sri University,Odisha,Arts,"1,01,890","1,00,000",7.1,7.3,6.7,7,7.3,6.3,8.2,Sri Sri University,EXACT,False
"Khallikote University -[KUB], Berhampur",Odisha,Arts,"24,700",--,8.6,8.6,8.1,8.7,9,8.2,8.7,"Khallikote University -[KUB], Berhampur",EXACT,False
Bijupattanaik College of Hotel Management Tourism and,Odisha,Arts,--,--,--,--,--,--,--,--,--,Bijupattanaik College of Hotel Management Tourism and,EXACT,False
Indian Institute of Management,Odisha,Arts,--,--,8.8,8.8,8.7,9,8.8,9.1,8.5,Indian Institute of Management,EXACT,False
Birla Global University,Odisha,Arts,"1,00,000","1,20,000",8.3,8.8,8.1,7.8,8.8,8.1,8.4,Birla Global University,EXACT,False
Centurion University of Technology and Management,Odisha,Arts,"50,000","60,000",7.4,7.7,6.8,7.8,7.8,6.6,7.8,Centurion University of Technology and Management,EXACT,False
Attitude Business School,Odisha,Arts,--,--,--,--,--,--,--,--,--,Attitude Business School,EXACT,False
AIPH University,Odisha,Arts,--,--,8.3,8.5,7.5,8.5,8.5,8.5,8.5,AIPH University,EXACT,False
"Udayanath College of Science and Technology, Cuttack",Odisha,Arts,"18,700","19,500",7.3,8.3,6.9,7.8,8,5.3,7.5,Udayanath College of Science and Technology,EXACT,False
NIIS Institute of Information Science & Management,Odisha,Arts,"85,000",--,9,9.2,8.7,9.2,9.2,9,8.7,NIIS Institute of Information Science & Management,EXACT,False
GIET University,Odisha,Arts,"20,000","20,000",7.9,8.3,7.3,7.9,8.5,7.8,7.7,GIET University,EXACT,False
"ASBM University, Bhubaneswar",Odisha,Arts,"20,000","20,000",8.1,8.4,8,8.4,8.5,7.3,8.1,"ASBM University, Bhubaneswar",EXACT,False
Madhusudan Institute of Cooperative Management,Odisha,Arts,"15,000",--,5.5,7,6.5,8,4,3.5,4,Madhusudan Institute of Cooperative Management,EXACT,False
Indian Institute of Management,Uttarakhand,Arts,--,--,8.7,8.6,8.7,8.9,8.9,8.5,8.3,Indian Institute of Management,EXACT,False
Greenway Institute of Management Studies,Uttarakhand,Arts,--,--,6.1,7,5.5,6.5,6.5,4,7,Greenway Institute of Management Studies,EXACT,False
IMS Unison University,Uttarakhand,Arts,"1,14,888","95,200",8.2,8.2,8,8.5,8.5,7.5,8.2,IMS Unison University,EXACT,False
Doon Business School,Uttarakhand,Arts,"1,05,000",--,7.6,8,7,8.1,7.4,7.4,7.7,Doon Business School,EXACT,False
University of Petroleum and Energy Studies,Uttarakhand,Arts,"5,24,000","4,66,000",8.1,8.1,7.8,7.9,8.6,7.7,8.2,University of Petroleum and Energy Studies,EXACT,False
"Institute of Media Management , Technology &",Uttarakhand,Arts,"65,000","70,000",--,--,--,--,--,--,--,Institute of Media Management,EXACT,False
"Bishamber Sahai Degree College, Roorkee",Uttarakhand,Arts,--,--,--,--,--,--,--,--,--,"Bishamber Sahai Degree College, Roorkee",EXACT,False
"Directorate of Coldwater Fisheries Research, Nainital",Uttarakhand,Arts,--,--,--,--,--,--,--,--,--,Directorate of Coldwater Fisheries Research,EXACT,False
"Doon University, Dehradun",Uttarakhand,Arts,"41,750","36,150",7.2,7.3,7,7.3,7.9,6.3,7.6,"Doon University, Dehradun",EXACT,False
Doon Post Graduate College of Agriculture Science,Uttarakhand,Arts,"40,000","45,000",6.7,7.5,6.4,7.6,7,4.9,6.8,Doon Post Graduate College of Agriculture Science,EXACT,False
DIT University,Uttarakhand,Arts,"80,000","1,80,000",7.8,7.9,7.6,7.6,8.4,7.4,8,DIT University,EXACT,False
"Patanjali University, Haridwar",Uttarakhand,Arts,"30,900","35,900",8.2,8.4,8.3,8.4,8.4,7.8,8.1,"Patanjali University, Haridwar",EXACT,False
"MotherHood University, Roorkee",Uttarakhand,Arts,"42,980","1,05,000",8,8.3,7.9,7.6,8,8,8.3,"MotherHood University, Roorkee",EXACT,False
"Uttaranchal University, Dehradun",Uttarakhand,Arts,"1,55,000","85,200",7.5,7.8,6.8,7.7,8.6,6.5,7.5,"Uttaranchal University, Dehradun",EXACT,False
Graphic Era University,Uttarakhand,Arts,"79,600",--,8.3,8.2,7.9,8.4,8.6,8.1,8.4,Graphic Era University,EXACT,False
Graphic Era Hill University,Uttarakhand,Arts,"1,63,100","1,45,000",8.1,7.9,7.8,8.1,8.4,7.7,8.4,Graphic Era Hill University,EXACT,False
Shri Guru Ram Rai University,Uttarakhand,Arts,"24,000","15,000",7.6,7.8,7.1,7.9,7.9,7.3,7.7,Shri Guru Ram Rai University,EXACT,False
"ICFAI University, Dehradun",Uttarakhand,Arts,"2,56,800",--,7.8,8.2,7.5,8.2,7.4,7.3,7.9,"ICFAI University, Dehradun",EXACT,False
Himgiri Zee University,Uttarakhand,Arts,"1,40,000","40,000",7.9,8.5,5.5,9,8,7.7,8.8,Himgiri Zee University,EXACT,False
Dev Bhoomi Group of Institutions,Uttarakhand,Arts,"47,500",--,7.8,8.1,7.1,7.8,8,8,7.8,Dev Bhoomi Group of Institutions,EXACT,False
Roorkee College of Engineering,Uttarakhand,Arts,"54,600",--,9.4,9.3,9.2,9.4,9.4,9.3,9.5,Roorkee College of Engineering,EXACT,False
Institute of Technology and Management,Uttarakhand,Arts,"35,100","40,100",7.4,7.8,7.5,7.8,5.6,8,7.8,Institute of Technology and Management,EXACT,False
BFIT Group of Institutions,Uttarakhand,Arts,"28,000","35,000",7.5,7.7,7.1,7.7,7.6,7.1,8,BFIT Group of Institutions,EXACT,False
Sardar Bhagwan Singh University,Uttarakhand,Arts,"36,000",--,8.7,8.7,8.3,9.3,9,8.3,8.7,Sardar Bhagwan Singh University,EXACT,False
Uttaranchal College of Science & Technology,Uttarakhand,Arts,"30,000","35,000",7.6,8.1,7.9,8,7.9,6.1,7.8,Uttaranchal College of Science & Technology,EXACT,False
"Maya Group of Colleges, Dehradun",Uttarakhand,Arts,--,--,7.3,6.8,7.2,8.3,7.2,6.7,7.3,"Maya Group of Colleges, Dehradun",EXACT,False
"Sai group of institutions, Dehradun",Uttarakhand,Arts,"62,600","67,600",8.8,9,8,9.3,9,9,8.7,"Sai group of institutions, Dehradun",EXACT,False
HEC Group of Institutions,Uttarakhand,Arts,"31,000",--,9,9,9,9,9,9,9,HEC Group of Institutions,EXACT,False
"Omkarananda Institute of Management & Technology- [OIMT],",Uttarakhand,Arts,"23,700","32,200",7.5,8,6.9,7.6,7.6,7,7.9,Omkarananda Institute of Management & Technology- [OIMT],EXACT,False
Institute of Hotel Management Catering Technology and,Tamil Nadu,Hotel-management,"54,133","31,683",8.5,8.5,7.9,8.8,8.6,9.2,8,Institute of Hotel Management Catering Technology and,EXACT,False
"SRM Institute of Hotel Management, Chennai",Tamil Nadu,Hotel-management,"70,560","57,500",9.4,9.3,8.5,9.7,9.4,9.9,9.5,SRM Institute of Hotel Management,EXACT,False
"Sri Krishna Arts and Science College, Coimbatore",Tamil Nadu,Hotel-management,--,--,8.5,8.6,7.8,8.6,8.9,8.7,8.5,Sri Krishna Arts and Science College,EXACT,False
"Sri Ramakrishna College of Arts and Science,",Tamil Nadu,Hotel-management,"62,000",--,8.2,8.2,7.3,8.7,7.7,8.2,8.8,Sri Ramakrishna College of Arts and Science,EXACT,False
Dr. SNS Rajalakshmi College of Arts and,Tamil Nadu,Hotel-management,"44,000",--,8,8.3,7,8,8.3,8.4,7.7,Dr. SNS Rajalakshmi College of Arts and,EXACT,False
Bishop Appasamy College of Arts and Science,Tamil Nadu,Hotel-management,"90,000",--,7.9,8.3,7.3,8.8,8,7.8,7,Bishop Appasamy College of Arts and Science,EXACT,False
V.L.B. Janakiammal College of Arts and Science,Tamil Nadu,Hotel-management,"15,000",--,6.6,7,6.7,6.8,6.6,6.1,6.3,V.L.B. Janakiammal College of Arts and Science,EXACT,False
"PSG College of Arts and Science, Coimbatore",Tamil Nadu,Hotel-management,"46,850",--,8.3,8.5,7.9,8.2,8.5,8.2,8.7,PSG College of Arts and Science,EXACT,False
SRM Institute of Technology,Tamil Nadu,Hotel-management,"60,000",--,8,8,7.1,7.6,8.7,8.2,8.6,SRM Institute of Technology,EXACT,False
"CMS College of Science and Commerce, Coimbatore",Tamil Nadu,Hotel-management,"42,000",--,8.2,8.3,7.4,8.1,8.5,8,8.7,CMS College of Science and Commerce,EXACT,False
Jamal Mohamed College,Tamil Nadu,Hotel-management,"29,700",--,8.5,8.8,8.1,8.5,8.6,8.4,8.6,Jamal Mohamed College,EXACT,False
"Kalasalingam Academy of Research and Education, Krishnankovil",Tamil Nadu,Hotel-management,"43,000",--,7.7,8,7.4,7.9,8.3,7,7.6,Kalasalingam Academy of Research and Education,EXACT,False
"Nehru Arts and Science College -[NASC], Coimbatore",Tamil Nadu,Hotel-management,--,--,8.4,8.4,7.6,8.4,8.7,8.6,8.5,Nehru Arts and Science College -[NASC],EXACT,False
"Vels Institute of Science, Technology & Advanced",Tamil Nadu,Hotel-management,"75,300","25,300",8.1,8.4,7.5,8.4,8.1,7.8,8.3,Vels Institute of Science,EXACT,False
"Mohamed Sathak College of Arts and Science,",Tamil Nadu,Hotel-management,"32,000",--,7.9,8,7.9,8.3,7.7,7.3,8,Mohamed Sathak College of Arts and Science,EXACT,False
"Merit Swiss Asian School of Hotel Management,",Tamil Nadu,Hotel-management,--,--,7.7,8,7,8,7,7,9,Merit Swiss Asian School of Hotel Management,EXACT,False
"Dr. M.G.R. Educational and Research Institute, Chennai",Tamil Nadu,Hotel-management,"40,000","30,000",7.4,7.6,7.4,7.1,7.8,6.8,7.5,Dr. M.G.R. Educational and Research Institute,EXACT,False
"Hindusthan College of Arts and Science- [HICAS],",Tamil Nadu,Hotel-management,"60,000",--,7.5,7.7,6.5,7.4,8.4,7.5,7.3,Hindusthan College of Arts and Science- [HICAS],EXACT,False
"Alagappa University, Karaikudi",Tamil Nadu,Hotel-management,"27,000",--,8.5,8.9,7.9,8.9,8.4,8.2,8.4,"Alagappa University, Karaikudi",EXACT,False
Avinashilingam Institute For Home Science and Higher,Tamil Nadu,Hotel-management,"44,325",--,7.9,8.3,6.9,8.3,8.3,7.7,8,Avinashilingam Institute For Home Science and Higher,EXACT,False
Empee Institute of Hotel Management and Catering,Tamil Nadu,Hotel-management,--,--,8.8,8,--,--,--,--,--,Empee Institute of Hotel Management and Catering,EXACT,False
MGR Institute of Hotel Management and Catering,Tamil Nadu,Hotel-management,--,--,7.3,8.5,4,8.5,6.5,8.5,7.5,MGR Institute of Hotel Management and Catering,EXACT,False
"SSM College of Arts and Science, Namakkal",Tamil Nadu,Hotel-management,"29,000",--,--,--,--,--,--,--,--,SSM College of Arts and Science,EXACT,False
Bharath University,Tamil Nadu,Hotel-management,--,--,7.6,7.9,7.1,8.1,7.6,7.8,7,Bharath University,EXACT,False
Benson College of Hotel Management and Culinary,Tamil Nadu,Hotel-management,"1,60,000",--,--,--,--,--,--,--,--,Benson College of Hotel Management and Culinary,EXACT,False
"Subbalakshmi Lakshmipathy College of Science, Madurai",Tamil Nadu,Hotel-management,"21,750",--,7.8,8.5,8,7,8.8,7.3,7,Subbalakshmi Lakshmipathy College of Science,EXACT,False
Indian School of Business Management and Administration,Tamil Nadu,Hotel-management,"19,900",--,--,--,--,--,--,--,--,Indian School of Business Management and Administration,EXACT,False
All India Institute of Management Studies,Tamil Nadu,Hotel-management,"25,000",--,9.3,9.3,9.7,9,9.3,9.3,9,All India Institute of Management Studies,EXACT,False
"Valluvar College of Science And Management, Karur",Tamil Nadu,Hotel-management,"37,000",--,7.9,7.5,7.5,9,8,7.8,7.5,Valluvar College of Science And Management,EXACT,False
All India Institute of Technology and Management,Tamil Nadu,Hotel-management,"60,000","25,000",7,8.3,6.3,7.7,7.3,5.3,7.3,All India Institute of Technology and Management,EXACT,False
Institute of Hotel Management Catering Technology and,Maharashtra,Hotel-management,"1,21,050","60,000",7.9,8.3,7.2,8.5,7.3,8.4,7.9,Institute of Hotel Management Catering Technology and,EXACT,False
"DY Patil University, Navi Mumbai",Maharashtra,Hotel-management,"4,50,000","2,50,000",7.5,7.3,7.1,7.7,7.5,7.4,7.8,"DY Patil University, Navi Mumbai",EXACT,False
"Bharati Vidyapeeth University, Institute of Hotel Management",Maharashtra,Hotel-management,"1,30,500",--,--,--,--,--,--,--,--,Bharati Vidyapeeth University,EXACT,False
Bharati Vidyapeeth College of Hotel and Tourism,Maharashtra,Hotel-management,"1,44,000",--,9.7,--,--,--,--,--,--,Bharati Vidyapeeth College of Hotel and Tourism,EXACT,False
AISSMS College of Hotel Management & Catering,Maharashtra,Hotel-management,"39,200",--,8,9,6.3,8.3,8,8.6,7.8,AISSMS College of Hotel Management & Catering,EXACT,False
Dr. DY Patil Institute of Hotel Management,Maharashtra,Hotel-management,"1,90,000",--,7.3,8,6.5,7.3,7.3,7.4,7.3,Dr. DY Patil Institute of Hotel Management,EXACT,False
ITM Institute of Hotel Management,Maharashtra,Hotel-management,"2,00,000",--,--,--,--,--,--,--,--,ITM Institute of Hotel Management,EXACT,False
Savitribai Phule Pune University,Maharashtra,Hotel-management,--,--,7.6,8.1,7.1,7.9,7.9,6.8,7.5,Savitribai Phule Pune University,EXACT,False
St Andrew's College of Arts Science and,Maharashtra,Hotel-management,--,--,8.2,8.4,7.2,8.3,8.6,7.6,8.8,St Andrew's College of Arts Science and,EXACT,False
Mumbai University,Maharashtra,Hotel-management,--,--,7.2,7.6,6.5,7.9,7.4,6.6,7,Mumbai University,EXACT,False
Rashtrasant Tukadoji Maharaj Nagpur University,Maharashtra,Hotel-management,"14,335",--,7.5,8,7.2,7.7,7.9,6.9,7.4,Rashtrasant Tukadoji Maharaj Nagpur University,EXACT,False
"Dr. BMN College of Home Science, Mumbai",Maharashtra,Hotel-management,"7,200",--,7.6,8.4,6.2,8.2,8.8,7,6.8,"Dr. BMN College of Home Science, Mumbai",EXACT,False
Bharati Vidyapeeth Deemed University,Maharashtra,Hotel-management,"1,30,000",--,7.8,8.1,6.8,7.9,8.1,7.7,8.2,Bharati Vidyapeeth Deemed University,EXACT,False
"Kapol Vidyanidhi College of Management and Technology,",Maharashtra,Hotel-management,--,--,8.5,9,5.5,9.5,--,--,--,Kapol Vidyanidhi College of Management and Technology,EXACT,False
Kohinoor International Management Institute,Maharashtra,Hotel-management,"1,50,000",--,8.5,8.7,7.7,9,8,8.3,9.3,Kohinoor International Management Institute,EXACT,False
Shivaji University,Maharashtra,Hotel-management,"1,23,000",--,7.6,7.9,7.2,8.1,8.1,6.3,8,Shivaji University,EXACT,False
Sinhgad Institute of Hotel Management & Catering,Maharashtra,Hotel-management,"1,67,592",--,8.4,9,8,8,9,8,--,Sinhgad Institute of Hotel Management & Catering,EXACT,False
"Ecole Hoteliere Lavasa, Pune",Maharashtra,Hotel-management,"3,52,000",--,3.7,--,--,5,--,5,1,"Ecole Hoteliere Lavasa, Pune",EXACT,False
Shri Balasaheb Tirpude College Of Hotel Management,Maharashtra,Hotel-management,"88,000",--,7,8,4.7,7.7,7.5,6.8,7.3,Shri Balasaheb Tirpude College Of Hotel Management,EXACT,False
"Sophia Polytechnic, Mumbai",Maharashtra,Hotel-management,--,--,--,--,--,--,--,--,--,"Sophia Polytechnic, Mumbai",EXACT,False
Shreemati Nathibai Damodar Thackersey Women's University,Maharashtra,Hotel-management,--,--,7.6,8.2,6.9,8,7.8,7,7.7,Shreemati Nathibai Damodar Thackersey Women's University,EXACT,False
"Dina Institute of Hotel Management Hadapsar, Pune",Maharashtra,Hotel-management,--,--,--,--,--,--,--,--,--,Dina Institute of Hotel Management Hadapsar,EXACT,False
ITM Institute of Hotel Management,Maharashtra,Hotel-management,"2,00,000",--,8.6,8,8.3,9.3,7.7,9.3,9,ITM Institute of Hotel Management,EXACT,False
Suryadatta College of Hospitality Management and Travel,Maharashtra,Hotel-management,"40,000","1,10,000",8.5,8.5,7.2,9.1,8.4,8.9,8.8,Suryadatta College of Hospitality Management and Travel,EXACT,False
Arun Muchhala International College of Hotel Managment,Maharashtra,Hotel-management,--,--,7,7,--,--,7,7,--,Arun Muchhala International College of Hotel Managment,EXACT,False
Ajeenkya DY Patil University,Maharashtra,Hotel-management,"2,20,000",--,7.7,7.4,7.1,7.9,8.4,7.1,8.3,Ajeenkya DY Patil University,EXACT,False
Tilak Maharashtra Vidyapeeth,Maharashtra,Hotel-management,"1,27,000",--,7.1,7.8,6.8,7.3,7.2,6.1,7.1,Tilak Maharashtra Vidyapeeth,EXACT,False
Indian Institute of Business Management and Studies,Maharashtra,Hotel-management,"25,800",--,8.9,9.4,8.8,8.8,9.2,8.8,8.3,Indian Institute of Business Management and Studies,EXACT,False
Trade-wings Institute of management,Maharashtra,Hotel-management,--,--,7.6,7.3,7.7,7.7,7.7,7.7,7.3,Trade-wings Institute of management,EXACT,False
Chhatrapati Shivaji Maharaj University,Maharashtra,Hotel-management,"1,06,100","91,100",9,8.6,9.3,9.3,9,8.4,9.3,Chhatrapati Shivaji Maharaj University,EXACT,False
"Institute of Hotel Management, Catering & Nutrition",Uttar Pradesh,Hotel-management,"39,900","1,21,310",8.5,8.7,8.5,8.9,8.3,8.5,8,Institute of Hotel Management,EXACT,False
"Amity University, Lucknow",Uttar Pradesh,Hotel-management,"1,56,000",--,8.1,8,7.6,8.1,8.8,7.1,8.8,"Amity University, Lucknow",EXACT,False
Heritage Institute of Hotel and Tourism,Uttar Pradesh,Hotel-management,"3,30,000","50,000",7,6.7,6.7,7,7.7,7.3,6.7,Heritage Institute of Hotel and Tourism,EXACT,False
Sanskriti University,Uttar Pradesh,Hotel-management,"60,000",--,7,7.2,6.7,7,7.5,6.9,6.8,Sanskriti University,EXACT,False
Banaras Hindu University,Uttar Pradesh,Hotel-management,"15,000",--,8.3,8.7,8.1,8.4,8.8,7.2,8.6,Banaras Hindu University,EXACT,False
"Amity University, Noida",Uttar Pradesh,Hotel-management,"1,00,000","1,36,000",8.2,8,7.9,8.1,8.9,7.6,8.7,"Amity University, Noida",EXACT,False
"Institute of Management Studies, Banaras Hindu University,",Uttar Pradesh,Hotel-management,"15,000",--,8.5,8.5,8,8.8,8.2,8.3,9,Institute of Management Studies,EXACT,False
Institute of Hotel Management Catering Technology and,Uttar Pradesh,Hotel-management,"1,30,000","30,000",8.8,9,8.4,8.7,9.4,8.6,8.5,Institute of Hotel Management Catering Technology and,EXACT,False
Ewing Christian College,Uttar Pradesh,Hotel-management,"50,000",--,7,8.2,5.7,7.9,7.5,5.1,7.8,Ewing Christian College,EXACT,False
"CHM Institute of Hotel and Business Management,",Uttar Pradesh,Hotel-management,--,--,--,--,--,--,--,--,--,CHM Institute of Hotel and Business Management,EXACT,False
JP Institute of Hotel Management & Catering,Uttar Pradesh,Hotel-management,"79,500",--,7.9,8.3,8,9,8,6.3,8,JP Institute of Hotel Management & Catering,EXACT,False
"SAMS Institute of Hotel Management, Varanasi",Uttar Pradesh,Hotel-management,"80,000","30,000",8.4,8.5,9,8,8,8.5,8.5,SAMS Institute of Hotel Management,EXACT,False
Chhatrapati Shahu Ji Maharaj University,Uttar Pradesh,Hotel-management,"57,143",--,7.1,7.2,6.6,7.5,8,5.8,7.7,Chhatrapati Shahu Ji Maharaj University,EXACT,False
J.S. University,Uttar Pradesh,Hotel-management,"10,500","15,500",8.5,8.5,7.8,8.7,9,8.2,8.6,J.S. University,EXACT,False
"Monad University, Hapur",Uttar Pradesh,Hotel-management,"11,100",--,8,7.6,7.4,8.5,8,8.2,8.1,"Monad University, Hapur",EXACT,False
AIHM institute of tourism and hotel management,Uttar Pradesh,Hotel-management,"30,000","30,000",--,--,--,--,--,--,--,AIHM institute of tourism and hotel management,EXACT,False
Galgotias University,Uttar Pradesh,Hotel-management,"82,000",--,7.6,7.9,6.9,7.9,7.5,7.7,7.8,Galgotias University,EXACT,False
"Integral University, Lucknow",Uttar Pradesh,Hotel-management,"1,25,000","80,000",7.4,7.6,7.3,7.4,8,6.5,7.4,"Integral University, Lucknow",EXACT,False
"IFTM University, Moradabad",Uttar Pradesh,Hotel-management,"35,000","95,000",7.8,7.9,7.5,8.1,8,6.8,8.3,"IFTM University, Moradabad",EXACT,False
Babu Banarasi Das University,Uttar Pradesh,Hotel-management,"1,60,000","40,000",7.6,7.7,7.1,7.5,8.4,6.6,8.1,Babu Banarasi Das University,EXACT,False
"IIMT Group of Colleges, Greater Noida",Uttar Pradesh,Hotel-management,"42,000",--,8.5,8.7,8,8.8,8.6,8.1,8.8,"IIMT Group of Colleges, Greater Noida",EXACT,False
"Amity University, Greater Noida",Uttar Pradesh,Hotel-management,"1,20,000",--,8.1,8.2,7.7,7.9,8.6,8.2,8.1,"Amity University, Greater Noida",EXACT,False
IIMT University,Uttar Pradesh,Hotel-management,"86,000","78,000",7.4,7.4,7.3,7.6,7.5,7.2,7.1,IIMT University,EXACT,False
"SRMIST Delhi NCR Campus, Ghaziabad",Uttar Pradesh,Hotel-management,"59,000",--,7.7,7.9,7,7.7,7.8,8.1,7.8,"SRMIST Delhi NCR Campus, Ghaziabad",EXACT,False
"Mohammad Ali Jauhar University, Rampur",Uttar Pradesh,Hotel-management,"71,700",--,7.6,8,8.3,7.6,9,5.4,7.4,"Mohammad Ali Jauhar University, Rampur",EXACT,False
Delhi Technical Campus,Uttar Pradesh,Hotel-management,--,--,6.9,7.4,6.4,7.2,7.1,6.2,7.2,Delhi Technical Campus,EXACT,False
Shri Ram Group of Colleges,Uttar Pradesh,Hotel-management,"54,600",--,7.9,8.3,7.4,8.3,8.4,7.1,8,Shri Ram Group of Colleges,EXACT,False
"IEC Group of Institutions, Greater Noida",Uttar Pradesh,Hotel-management,"6,00,000",--,7,7.3,6.8,7.3,7.3,6.2,7.1,"IEC Group of Institutions, Greater Noida",EXACT,False
Sunder Deep Group of Institutions,Uttar Pradesh,Hotel-management,"91,800","60,000",8.9,9.2,8.5,9.5,9.1,8.5,8.8,Sunder Deep Group of Institutions,EXACT,False
"Institute of Hotel Management, Catering and Nutrition",Delhi,Hotel-management,"81,600","3,13,000",8.2,8.7,7.4,8.5,7.6,8.9,7.8,Institute of Hotel Management,EXACT,False
Banarsidas Chandiwala Institute of Hotel Management &,Delhi,Hotel-management,"1,17,000",--,8.9,9.2,8.2,9.2,9.3,8.7,9,Banarsidas Chandiwala Institute of Hotel Management &,EXACT,False
State Institute of Hotel Management,Delhi,Hotel-management,"49,900","1,08,550",8.4,8.4,7.8,8.7,8.5,8.7,8.5,State Institute of Hotel Management,EXACT,False
"UEI Global Rohini, New Delhi",Delhi,Hotel-management,"4,11,000","1,57,000",7.2,7.8,6,7.7,6.9,7.3,7.4,"UEI Global Rohini, New Delhi",EXACT,False
"Jamia Millia Islamia University-[JMI], New Delhi",Delhi,Hotel-management,"35,310","45,000",8,8.4,7.6,8.3,8.4,7.2,8.2,Jamia Millia Islamia University-[JMI],EXACT,False
"Jamia Hamdard University, New Delhi",Delhi,Hotel-management,"1,25,000",--,7.5,8.1,7.3,7.8,8.1,6.5,7.4,"Jamia Hamdard University, New Delhi",EXACT,False
Guru Gobind Singh Indraprastha University,Delhi,Hotel-management,"68,000",--,7.8,8.1,7.5,8,8.1,6.9,8.1,Guru Gobind Singh Indraprastha University,EXACT,False
Maharshi Dayanand University,Delhi,Hotel-management,"52,762","54,810",7.8,8,7.7,8,8.4,6.6,8,Maharshi Dayanand University,EXACT,False
"Amity University, Noida",Delhi,Hotel-management,"1,00,000","1,36,000",8.2,8,7.9,8.1,8.9,7.6,8.7,"Amity University, Noida",EXACT,False
Institute of Hotel Management Catering Technology and,Delhi,Hotel-management,"1,30,000","30,000",8.8,9,8.4,8.7,9.4,8.6,8.5,Institute of Hotel Management Catering Technology and,EXACT,False
"CHM Institute of Hotel and Business Management,",Delhi,Hotel-management,--,--,--,--,--,--,--,--,--,CHM Institute of Hotel and Business Management,EXACT,False
"Faculty of Management Studies, Manav Rachna International",Delhi,Hotel-management,"1,41,000",--,8.7,--,--,9,--,8,9,Faculty of Management Studies,EXACT,False
JP Institute of Hotel Management & Catering,Delhi,Hotel-management,"79,500",--,7.9,8.3,8,9,8,6.3,8,JP Institute of Hotel Management & Catering,EXACT,False
"SRM University Delhi NCR, Sonepat",Delhi,Hotel-management,"1,09,500","1,11,000",7.8,8,7.5,7.9,8.1,7.6,7.9,"SRM University Delhi NCR, Sonepat",EXACT,False
"Indian Hotel Academy-[IHA], New Delhi",Delhi,Hotel-management,"1,27,000","1,00,000",8,--,--,8,--,8,8,"Indian Hotel Academy-[IHA], New Delhi",EXACT,False
"Monad University, Hapur",Delhi,Hotel-management,"11,100",--,8,7.6,7.4,8.5,8,8.2,8.1,"Monad University, Hapur",EXACT,False
Galgotias University,Delhi,Hotel-management,"82,000",--,7.6,7.9,6.9,7.9,7.5,7.7,7.8,Galgotias University,EXACT,False
"Amity University, Gurgaon",Delhi,Hotel-management,"1,56,000",--,7.7,7.8,7.1,7.6,8.6,7.1,8.1,"Amity University, Gurgaon",EXACT,False
Manav Rachna International Institute of Research and,Delhi,Hotel-management,"1,41,000",--,7.5,7.4,7.3,7.5,8.3,6.6,7.6,Manav Rachna International Institute of Research and,EXACT,False
"Starex University, Gurgaon",Delhi,Hotel-management,"1,50,000","1,30,000",8.8,9.1,9.1,8.7,8.6,8.5,8.7,"Starex University, Gurgaon",EXACT,False
"IIMT Group of Colleges, Greater Noida",Delhi,Hotel-management,"42,000",--,8.5,8.7,8,8.8,8.6,8.1,8.8,"IIMT Group of Colleges, Greater Noida",EXACT,False
"Amity University, Greater Noida",Delhi,Hotel-management,"1,20,000",--,8.1,8.2,7.7,7.9,8.6,8.2,8.1,"Amity University, Greater Noida",EXACT,False
IIMT University,Delhi,Hotel-management,"86,000","78,000",7.4,7.4,7.3,7.6,7.5,7.2,7.1,IIMT University,EXACT,False
"Sushant University / Ansal University, Gurgaon",Delhi,Hotel-management,"2,71,120",--,7.8,8,8,7.9,8.4,7,7.5,Sushant University / Ansal University,EXACT,False
"SRMIST Delhi NCR Campus, Ghaziabad",Delhi,Hotel-management,"59,000",--,7.7,7.9,7,7.7,7.8,8.1,7.8,"SRMIST Delhi NCR Campus, Ghaziabad",EXACT,False
Jagannath Institute Of Management Sciences,Delhi,Hotel-management,"1,25,000",--,8.4,8.7,7.2,9.3,8.7,8.5,8.1,Jagannath Institute Of Management Sciences,EXACT,False
G D Goenka University,Delhi,Hotel-management,"1,70,000",--,8.2,7.7,8.3,8.3,8.9,7.6,8.4,G D Goenka University,EXACT,False
Andhra Loyola College,Andhra Pradesh,Hotel-management,--,--,8,8.5,7.4,8.5,8.6,7,8.2,Andhra Loyola College,EXACT,False
Acharya Nagarjuna University,Andhra Pradesh,Hotel-management,"10,365","5,140",7.3,7.7,7,7.2,8,5.7,8.2,Acharya Nagarjuna University,EXACT,False
GEMS B School,Andhra Pradesh,Hotel-management,"2,50,000",--,9.1,9.5,8.5,9.5,9,9,9,GEMS B School,EXACT,False
"Risali Institute of Management, Visakhapatnam",Andhra Pradesh,Hotel-management,"1,00,000","1,40,000",8.4,8.2,8.3,8.3,8.8,8.4,8.4,Risali Institute of Management,EXACT,False
Sun International Institute for Tourism & Management-,Andhra Pradesh,Hotel-management,"1,30,500","1,70,500",7.9,8.4,7.3,7.5,7.8,8.5,7.7,Sun International Institute for Tourism & Management-,EXACT,False
Alwar School of Business,Andhra Pradesh,Hotel-management,"1,45,000",--,8,8,8,8,8,6.8,9,Alwar School of Business,EXACT,False
Sun International Institute For Tourism And Management,Andhra Pradesh,Hotel-management,"1,30,500","1,70,500",9.4,9.7,9.7,9.7,9.7,8.7,8.7,Sun International Institute For Tourism And Management,EXACT,False
Siddhartha Institute of Hotel Management and Catering,Andhra Pradesh,Hotel-management,"55,000",--,--,--,--,--,--,--,--,Siddhartha Institute of Hotel Management and Catering,EXACT,False
Andhra University,Andhra Pradesh,Hotel-management,"99,614",--,7.9,8.3,7.1,8.3,7.9,7.4,8.1,Andhra University,EXACT,False
Krishna University,Andhra Pradesh,Hotel-management,"70,860",--,7.7,8.3,7.1,8.4,7.3,7.5,7.8,Krishna University,EXACT,False
"Acharya Nagarjuna University, Centre For Distance Education",Andhra Pradesh,Hotel-management,"11,460","10,365",7.5,8.3,6.9,8,7.6,7,7.1,Acharya Nagarjuna University,EXACT,False
"Alliance College of Management and Hotel Management,",Andhra Pradesh,Hotel-management,"2,90,000","1,00,000",8.9,8.3,8.7,9.7,8.8,8.3,9.3,Alliance College of Management and Hotel Management,EXACT,False
"Aditya degree college, Rajahmundhry",Andhra Pradesh,Hotel-management,--,--,8.1,8.5,7.7,8.9,7.2,7.9,8.2,"Aditya degree college, Rajahmundhry",EXACT,False
State Institute of Hotel Management Catering Technology,Andhra Pradesh,Hotel-management,"1,05,400",--,8.7,8.8,8.3,8.5,9,9,8.3,State Institute of Hotel Management Catering Technology,EXACT,False
"St. Joseph's College for Women, Visakhapatnam",Andhra Pradesh,Hotel-management,--,--,8.2,9,7,8.3,8.3,8.3,8.1,St. Joseph's College for Women,EXACT,False
"Chanakya Institute of Hotel Management & CT,",Andhra Pradesh,Hotel-management,--,--,6.8,9,7,9,7,3,6,Chanakya Institute of Hotel Management & CT,EXACT,False
Indus Institute of Hotel Management,Andhra Pradesh,Hotel-management,--,--,--,--,--,--,--,--,--,Indus Institute of Hotel Management,EXACT,False
"Sumedha Institute of Aviation and Hotel Management,",Andhra Pradesh,Hotel-management,--,--,--,--,--,--,--,--,--,Sumedha Institute of Aviation and Hotel Management,EXACT,False
"Techmate Institute of Aviation, Visakhapatnam",Andhra Pradesh,Hotel-management,--,--,--,--,--,--,--,--,--,Techmate Institute of Aviation,EXACT,False
Twinkle International Hotel Management Academy,Andhra Pradesh,Hotel-management,--,--,--,--,--,--,--,--,--,Twinkle International Hotel Management Academy,EXACT,False
"Flying Cats, Visakhapatnam",Andhra Pradesh,Hotel-management,--,--,6.3,7,6,6,6,7,6,"Flying Cats, Visakhapatnam",EXACT,False
"I Fly Academy, Visakhapatnam",Andhra Pradesh,Hotel-management,--,--,--,--,--,--,--,--,--,"I Fly Academy, Visakhapatnam",EXACT,False
"Akbar Academy of Airline Studies, Visakhapatnam",Andhra Pradesh,Hotel-management,--,--,7.2,8,7,7,8,7,6,Akbar Academy of Airline Studies,EXACT,False
"Varnika Hotel Management & Business Management, Visakhapatnam",Andhra Pradesh,Hotel-management,--,--,--,--,--,--,--,--,--,Varnika Hotel Management & Business Management,EXACT,False
"Frankfinn Institute of Air Hostess Training, Visakhapatnam",Andhra Pradesh,Hotel-management,--,--,8.6,8.2,7.2,9.2,8.8,9,9,Frankfinn Institute of Air Hostess Training,EXACT,False
"Imperial College of Hotel Management & Tourism,",Andhra Pradesh,Hotel-management,--,--,7.5,7,7,8,8,8,7,Imperial College of Hotel Management & Tourism,EXACT,False
"Southern International Hotel Management Academy, Visakhapatnam",Andhra Pradesh,Hotel-management,--,--,--,--,--,--,--,--,--,Southern International Hotel Management Academy,EXACT,False
"Food Craft Institute-[FCI], Visakhapatnam",Andhra Pradesh,Hotel-management,"20,000",--,--,--,--,--,--,--,--,Food Craft Institute-[FCI],EXACT,False
"Central Tribal University of A.P-[CTUAP ], Vizianagaram",Andhra Pradesh,Hotel-management,"5,000",--,--,--,--,--,--,--,--,Central Tribal University of A.P-[CTUAP ],EXACT,False
"Shangrila Institute of Hotel Management and Aviation,",Andhra Pradesh,Hotel-management,"50,000","55,000",--,--,--,--,--,--,--,Shangrila Institute of Hotel Management and Aviation,EXACT,False
Institute of Hotel Management,Karnataka,Hotel-management,"96,613","1,28,750",8.2,8.8,7.6,9,6.8,8.6,8.4,Institute of Hotel Management,EXACT,False
Welcomgroup Graduate School of Hotel Administration,Karnataka,Hotel-management,"3,68,000","2,60,000",8.8,8.7,8.3,8.6,8.7,9.1,9.3,Welcomgroup Graduate School of Hotel Administration,EXACT,False
Army Institute of Hotel Management & Catering,Karnataka,Hotel-management,"1,61,605",--,8.1,8.3,7.3,8.3,8.3,8,8.5,Army Institute of Hotel Management & Catering,EXACT,False
"Christ University, Bangalore",Karnataka,Hotel-management,"1,25,000",--,8.3,8.5,7.4,8.2,8.9,8.1,8.8,"Christ University, Bangalore",EXACT,False
"AIMS Institutes, Bangalore",Karnataka,Hotel-management,"4,80,000",--,7.3,7.8,6.6,8.1,6.5,7.2,7.3,"AIMS Institutes, Bangalore",EXACT,False
T John College,Karnataka,Hotel-management,"1,46,700",--,8,8.1,7.8,8.1,8.5,7.6,7.8,T John College,EXACT,False
KLE Society's S. Nijalingappa College,Karnataka,Hotel-management,--,--,7.5,8,6.2,8.1,8.1,6.7,8,KLE Society's S. Nijalingappa College,EXACT,False
Garden City University,Karnataka,Hotel-management,"89,700","1,19,000",7.8,7.7,7.5,7.8,8.2,7.3,8.5,Garden City University,EXACT,False
International Institute of Hotel Management,Karnataka,Hotel-management,"1,88,000","1,88,000",8.1,7.9,7.4,8.3,8.4,8.8,7.9,International Institute of Hotel Management,EXACT,False
Manipal Academy of Higher Education,Karnataka,Hotel-management,"3,68,000","2,60,000",8.4,8.5,8.2,8.6,8.8,7.8,8.4,Manipal Academy of Higher Education,EXACT,False
Administrative Management College,Karnataka,Hotel-management,"75,000",--,5.5,5.6,4.9,5.3,6.9,4.4,5.7,Administrative Management College,EXACT,False
PES University,Karnataka,Hotel-management,--,--,8,8.5,7.7,8.1,8.1,8.1,7.6,PES University,EXACT,False
T John Institute of Management and Science,Karnataka,Hotel-management,"1,46,000",--,8.1,8.5,7.5,8.5,8,7.8,8.3,T John Institute of Management and Science,EXACT,False
"Shree Devi College of Hotel Management, Mangalore",Karnataka,Hotel-management,--,--,8.2,--,--,--,--,--,--,Shree Devi College of Hotel Management,EXACT,False
KLE Society's Institute of Hotel Management and,Karnataka,Hotel-management,--,--,--,--,--,--,--,--,--,KLE Society's Institute of Hotel Management and,EXACT,False
Sarosh Institute of Hotel Administration,Karnataka,Hotel-management,"80,500",--,7.8,8.3,6.9,8.2,7.8,7.8,7.8,Sarosh Institute of Hotel Administration,EXACT,False
Sambhram College of Hotel Management,Karnataka,Hotel-management,"68,000",--,--,--,--,--,--,--,--,Sambhram College of Hotel Management,EXACT,False
"Osteen College, Bangalore",Karnataka,Hotel-management,--,--,--,--,--,--,--,--,--,"Osteen College, Bangalore",EXACT,False
GEMS B School,Karnataka,Hotel-management,"2,50,000",--,8.2,8.7,7.7,8.8,7.9,8.7,7.5,GEMS B School,EXACT,False
"Srinivas University, Mangalore",Karnataka,Hotel-management,"80,000","80,000",8.2,8.7,7.1,8.6,8.2,8.1,8.7,"Srinivas University, Mangalore",EXACT,False
Faculty of Hospitality Management and Catering Technology,Karnataka,Hotel-management,"1,68,250",--,8.3,8.7,7,8.7,9.7,7.7,8,Faculty of Hospitality Management and Catering Technology,EXACT,False
Indian School of Business Management and Administration,Karnataka,Hotel-management,"14,900",--,9.2,9.6,7.8,9.8,9.8,9.2,9.2,Indian School of Business Management and Administration,EXACT,False
M.S. Ramaiah University of Applied Sciences,Karnataka,Hotel-management,"1,20,000","1,68,250",7.6,8.2,6.3,8.2,7.9,7.2,7.8,M.S. Ramaiah University of Applied Sciences,EXACT,False
"SJES College of Management Studies, Bangalore",Karnataka,Hotel-management,"1,20,000",--,7.6,8.1,7.4,7.5,7.3,7.3,7.8,SJES College of Management Studies,EXACT,False
Institute of Clinical Research,Karnataka,Hotel-management,--,--,8.6,9,8.3,9,8.7,8.7,8,Institute of Clinical Research,EXACT,False
"The Oxford College of Hotel Management, Bangalore",Karnataka,Hotel-management,"65,000",--,--,--,--,--,--,--,--,The Oxford College of Hotel Management,EXACT,False
Xaviers Institute of Business Management Studies,Karnataka,Hotel-management,"13,900",--,--,--,--,--,--,--,--,Xaviers Institute of Business Management Studies,EXACT,False
ECR Group of Institutions,Karnataka,Hotel-management,--,--,7.2,7.7,6,7.8,7.3,7.2,7.4,ECR Group of Institutions,EXACT,False
National Institute of Retail Management,Karnataka,Hotel-management,"67,000",--,8.7,9.5,8.3,8.8,8.3,9,8.5,National Institute of Retail Management,EXACT,False
Advanced Management College,Karnataka,Hotel-management,"75,000",--,7.6,8,7,8.7,7.7,6.7,7.7,Advanced Management College,EXACT,False
Institute Of Hotel Management Catering Technology &,Telangana,Hotel-management,"1,11,252",--,8.4,8.4,8,8.5,8.4,8.6,8.2,Institute Of Hotel Management Catering Technology &,EXACT,False
Dr. YSR National Institute of Tourism and,Telangana,Hotel-management,"2,89,000",--,8.5,9.2,7.8,8.5,9,8,8.6,Dr. YSR National Institute of Tourism and,EXACT,False
Pioneer Institute of Hotel Management,Telangana,Hotel-management,"80,000",--,8.1,8.3,7.3,8.7,7.7,8,8.3,Pioneer Institute of Hotel Management,EXACT,False
Indian School of Business Management and Administration,Telangana,Hotel-management,"14,900","14,900",6.9,7.1,6.8,6.8,7.1,6.8,6.7,Indian School of Business Management and Administration,EXACT,False
David Memorial Business School,Telangana,Hotel-management,--,--,7,6.8,6.8,7.3,6.8,6.9,7.3,David Memorial Business School,EXACT,False
Integrated Institute of Education Technology,Telangana,Hotel-management,"3,000",--,--,--,--,--,--,--,--,Integrated Institute of Education Technology,EXACT,False
Sun International Institute for Tourism and Management,Telangana,Hotel-management,"1,30,500","1,70,500",7.8,7.7,7.4,7.9,7.6,8.1,8.1,Sun International Institute for Tourism and Management,EXACT,False
"Risali Institute Of Management, Hyderabad",Telangana,Hotel-management,"1,30,000","1,50,000",--,--,--,--,--,--,--,Risali Institute Of Management,EXACT,False
Leo Academy of Hospitality and Tourism Management,Telangana,Hotel-management,"1,00,000","55,000",--,--,--,--,--,--,--,Leo Academy of Hospitality and Tourism Management,EXACT,False
"Flytech Aviation Academy, Secunderabad",Telangana,Hotel-management,--,--,8.4,8.8,7.8,9.4,8.8,7.8,7.6,"Flytech Aviation Academy, Secunderabad",EXACT,False
Culinary Academy of India,Telangana,Hotel-management,"40,000",--,9.5,9.7,9.2,9.7,9.7,9.7,9.2,Culinary Academy of India,EXACT,False
"Gesto Culinary & Hospitality Academy, Secunderabad",Telangana,Hotel-management,"2,40,000","1,60,000",9.1,9.3,8.3,--,--,--,--,Gesto Culinary & Hospitality Academy,EXACT,False
Indian Institute of Hotel Management and Culinary,Telangana,Hotel-management,"1,25,000",--,8.3,8.4,7.5,8.6,8.2,9.3,7.8,Indian Institute of Hotel Management and Culinary,EXACT,False
"ROOTS Collegium, Hyderabad",Telangana,Hotel-management,--,--,7,7.5,6.3,7.6,6.7,6.9,7.2,"ROOTS Collegium, Hyderabad",EXACT,False
Satavahana University,Telangana,Hotel-management,"20,000",--,8,8.2,7.3,7.9,8.2,8.3,7.9,Satavahana University,EXACT,False
International Institute of Hotel Management,Telangana,Hotel-management,"1,88,000",--,7.1,7.2,6.6,7.4,6.1,7.7,7.3,International Institute of Hotel Management,EXACT,False
Pinnacle Institute of Hotel Management and Catering,Telangana,Hotel-management,"65,000",--,8.6,9.2,6.5,8.9,9,9.4,8.3,Pinnacle Institute of Hotel Management and Catering,EXACT,False
"Institute of Hotel Management Shri Shakti- [IHM],",Telangana,Hotel-management,"1,30,000",--,9,9.5,8.8,9,9.5,9.3,8,Institute of Hotel Management Shri Shakti- [IHM],EXACT,False
John Bauer College of Hotel Management and,Telangana,Hotel-management,"85,000",--,--,--,--,--,--,--,--,John Bauer College of Hotel Management and,EXACT,False
"Trinity College of Hotel Management, Hyderabad",Telangana,Hotel-management,"1,00,000",--,8.8,8,9,8,9,9,--,Trinity College of Hotel Management,EXACT,False
State Institute Of Hotel Management,Telangana,Hotel-management,--,--,--,--,--,--,--,--,--,State Institute Of Hotel Management,EXACT,False
"Greek Wings Institute of Hotel Management, Hyderabad",Telangana,Hotel-management,"60,000","30,000",9.7,--,--,--,--,--,--,Greek Wings Institute of Hotel Management,EXACT,False
"Vainavi Educational Institutions, Hyderabad",Telangana,Hotel-management,"1,00,000","1,00,000",8.5,8,8,--,--,--,--,Vainavi Educational Institutions,EXACT,False
Aims College Of Hotel Management & Catering,Telangana,Hotel-management,"75,000","65,000",--,--,--,--,--,--,--,Aims College Of Hotel Management & Catering,EXACT,False
"Excellency group of Institutions, Hyderabad",Telangana,Hotel-management,--,--,--,--,--,--,--,--,--,Excellency group of Institutions,EXACT,False
Blooms College of Hotel Management and Catering,Telangana,Hotel-management,"65,000","45,000",--,--,--,--,--,--,--,Blooms College of Hotel Management and Catering,EXACT,False
"Westin College of Hotel Management, Hyderabad",Telangana,Hotel-management,"90,000","60,000",8.9,9.3,8.9,8.9,8.7,8.8,8.9,Westin College of Hotel Management,EXACT,False
Institute of Hotel Management,Madhya Pradesh,Hotel-management,"68,935","64,900",8.3,8.5,8.2,8.9,8.5,8.3,7.6,Institute of Hotel Management,EXACT,False
Institute of Hotel Management,Madhya Pradesh,Hotel-management,"98,700",--,8.3,7.9,8.2,8.8,7.5,8.8,8.3,Institute of Hotel Management,EXACT,False
Institute for Excellence in Higher Education,Madhya Pradesh,Hotel-management,"8,000",800,7.2,7.9,6.5,7.9,7,6.7,7.4,Institute for Excellence in Higher Education,EXACT,False
Awadhesh Pratap Singh University,Madhya Pradesh,Hotel-management,"50,000",--,7.1,7.9,6.5,8.1,7.2,5.3,7.3,Awadhesh Pratap Singh University,EXACT,False
Jagran Lakecity University,Madhya Pradesh,Hotel-management,"1,25,000","3,00,000",8,8,7.9,7.8,8.6,7.4,8.1,Jagran Lakecity University,EXACT,False
LNCT University,Madhya Pradesh,Hotel-management,"30,000","45,000",9,9,8.8,9.3,8.8,8.9,8.9,LNCT University,EXACT,False
Sardar Patel University,Madhya Pradesh,Hotel-management,"51,000",--,7.9,7.9,7.4,8.4,8,7.7,8,Sardar Patel University,EXACT,False
Shri Krishna University,Madhya Pradesh,Hotel-management,"29,500","50,000",8.1,8.1,7.4,8.3,8.5,8,8,Shri Krishna University,EXACT,False
"People's University, Bhopal",Madhya Pradesh,Hotel-management,"57,700","31,500",7,6.7,6.6,7.5,7.2,6.6,7.4,"People's University, Bhopal",EXACT,False
"Swami Vivekanand University, Sagar",Madhya Pradesh,Hotel-management,"44,000","32,100",6.3,6.9,5,7,6.4,5.6,6.6,"Swami Vivekanand University, Sagar",EXACT,False
Pioneer Institute of Professional Studies,Madhya Pradesh,Hotel-management,"1,28,500",--,7,7.5,5.9,8.6,6.8,5.4,7.6,Pioneer Institute of Professional Studies,EXACT,False
Bhabha University,Madhya Pradesh,Hotel-management,"70,000",--,9,9.4,8.8,9,9.3,8.7,8.9,Bhabha University,EXACT,False
"Panache Academy, Indore",Madhya Pradesh,Hotel-management,"1,19,000","69,000",--,--,--,--,--,--,--,"Panache Academy, Indore",EXACT,False
P.K. University,Madhya Pradesh,Hotel-management,"55,400",--,9.3,--,--,--,--,--,--,P.K. University,EXACT,False
"Mansarovar Group of Institutions, Bhopal",Madhya Pradesh,Hotel-management,--,--,--,--,--,--,--,--,--,"Mansarovar Group of Institutions, Bhopal",EXACT,False
"IPS Academy, Indore",Madhya Pradesh,Hotel-management,--,--,7.6,7.7,7.1,7.5,8,7.2,7.8,"IPS Academy, Indore",EXACT,False
Indian School of Business Management and Administration,Madhya Pradesh,Hotel-management,"14,900","14,900",--,--,--,--,--,--,--,Indian School of Business Management and Administration,EXACT,False
Central India Institute of Management Studies,Madhya Pradesh,Hotel-management,"11,500",--,--,--,--,--,--,--,--,Central India Institute of Management Studies,EXACT,False
Swastika Institute Of Higher Education and Technology,Madhya Pradesh,Hotel-management,--,--,--,--,--,--,--,--,--,Swastika Institute Of Higher Education and Technology,EXACT,False
Radha Krishan Institute of Technology & Management,Madhya Pradesh,Hotel-management,"24,250",--,--,--,--,--,--,--,--,Radha Krishan Institute of Technology & Management,EXACT,False
"Institute of Industrial Management for Safety, Health",Madhya Pradesh,Hotel-management,"25,100",--,--,--,--,--,--,--,--,Institute of Industrial Management for Safety,EXACT,False
"Arihant Education Group, Indore",Madhya Pradesh,Hotel-management,--,--,7.8,8.1,7.7,8.2,7.9,7,8.1,"Arihant Education Group, Indore",EXACT,False
Jiwaji University,Madhya Pradesh,Hotel-management,"46,320","36,855",6.6,6.8,6.7,6.7,7.1,5.5,6.5,Jiwaji University,EXACT,False
Vikram University,Madhya Pradesh,Hotel-management,"10,521",--,6.7,7.6,6.2,7.3,6.9,5,7.2,Vikram University,EXACT,False
Sri Satya Sai University of Technology &,Madhya Pradesh,Hotel-management,"62,000",--,8.3,8.3,8.3,8.3,8.7,7.9,8.5,Sri Satya Sai University of Technology &,EXACT,False
Kothari College Of Management Science & Technology,Madhya Pradesh,Hotel-management,--,--,6.7,7,6,9,6,5,7,Kothari College Of Management Science & Technology,EXACT,False
State Institute of Hotel Management,Madhya Pradesh,Hotel-management,"96,200","24,250",8.3,8.8,7.8,8.5,8,8.5,8.3,State Institute of Hotel Management,EXACT,False
"Oriental School of Hotel Management Lakkidi, Wayanad",Kerala,Hotel-management,"1,06,900","83,250",7.5,8.3,7,7.6,7.1,8.1,6.7,Oriental School of Hotel Management Lakkidi,EXACT,False
Munnar Catering College,Kerala,Hotel-management,"1,12,933","75,000",9,--,--,--,--,--,--,Munnar Catering College,EXACT,False
Mahatma Gandhi University,Kerala,Hotel-management,--,--,7.7,8,7.5,8,8,6.2,8.2,Mahatma Gandhi University,EXACT,False
Calicut University,Kerala,Hotel-management,"2,460",--,7,7.5,6.2,7.5,7.4,5.4,7.9,Calicut University,EXACT,False
"Christ College Irinjalakuda, Thrissur",Kerala,Hotel-management,"8,71,000",--,8,8.3,7.7,8.2,8.4,7.2,8.3,"Christ College Irinjalakuda, Thrissur",EXACT,False
Holy Grace Academy of Management Studies,Kerala,Hotel-management,--,--,8.5,8.7,8.3,8.3,8.5,8.2,9,Holy Grace Academy of Management Studies,EXACT,False
APJ Abdul Kalam Technological University,Kerala,Hotel-management,--,--,7.8,8.1,6.9,8.2,8.1,7.5,8,APJ Abdul Kalam Technological University,EXACT,False
Yuvakshetra Institute of Management Studies,Kerala,Hotel-management,--,--,6.9,7.7,5.8,6.8,8,6.5,6.7,Yuvakshetra Institute of Management Studies,EXACT,False
State Institute of Hospitality Management,Kerala,Hotel-management,"1,00,000","50,000",7.8,8.5,6.8,8,7.3,8.8,7.3,State Institute of Hospitality Management,EXACT,False
Holy Cross Institute of Management and Technology,Kerala,Hotel-management,"66,000",--,8.1,8.3,7.7,8.3,9,7.7,7.3,Holy Cross Institute of Management and Technology,EXACT,False
Indian School of Business Management and Administration,Kerala,Hotel-management,"14,900","14,900",9.2,9.7,9.7,9.3,9.3,9,8.3,Indian School of Business Management and Administration,EXACT,False
International Academy for Management Studies,Kerala,Hotel-management,--,--,8.6,9,7.7,9.3,8,8.7,8.7,International Academy for Management Studies,EXACT,False
"A.J. College of Science and Technology Thonnakkal,",Kerala,Hotel-management,"17,500",--,7.4,8.2,6.5,8.8,7.8,5.6,7.5,"A.J. College of Science and Technology Thonnakkal,",EXACT,False
De Paul Institute of Management Development,Kerala,Hotel-management,--,--,--,--,--,--,--,--,--,De Paul Institute of Management Development,EXACT,False
"Chavara Institute of Management and Media Studies-[CIMAMS],",Kerala,Hotel-management,--,--,--,--,--,--,--,--,--,Chavara Institute of Management and Media Studies-[CIMAMS],EXACT,False
Divine College of Management Studies,Kerala,Hotel-management,--,--,--,--,--,--,--,--,--,Divine College of Management Studies,EXACT,False
"Amal College of Advanced Studies, Nilambur, Nilambur",Kerala,Hotel-management,"4,050",--,7.9,8.6,7,8.9,8,6.6,8.4,Amal College of Advanced Studies,EXACT,False
"St Thomas College Ranny, Pathanamthitta",Kerala,Hotel-management,"1,780",--,7.1,8.1,6.6,8.1,7.7,4.6,7.6,"St Thomas College Ranny, Pathanamthitta",EXACT,False
"Angelblues Aviation and Tourism Academy, Kochi",Kerala,Hotel-management,--,--,--,--,--,--,--,--,--,Angelblues Aviation and Tourism Academy,EXACT,False
Institute of Hotel Management and Catering Technology,Kerala,Hotel-management,"38,750","1,12,350",8.4,8.9,7.4,8.5,8.6,8.8,8.3,Institute of Hotel Management and Catering Technology,EXACT,False
Lourdes Matha Institute of Hotel Management and,Kerala,Hotel-management,"80,500",--,7.8,8,7.5,8,7.3,8.8,7,Lourdes Matha Institute of Hotel Management and,EXACT,False
Naipunnya Institute of Management and Information Technology,Kerala,Hotel-management,"2,95,000",--,8.2,8.4,7.4,8.7,8.7,7.8,8.1,Naipunnya Institute of Management and Information Technology,EXACT,False
"Sree Narayana Guru Memorial Catering College, Alappuzha",Kerala,Hotel-management,--,--,--,--,--,--,--,--,--,Sree Narayana Guru Memorial Catering College,EXACT,False
"St. Alphonsa College of Hotel Management Studies,",Kerala,Hotel-management,"22,500",--,--,--,--,--,--,--,--,St. Alphonsa College of Hotel Management Studies,EXACT,False
St. Joseph's Institute of Hotel Management &,Kerala,Hotel-management,"98,615",--,8.5,8,--,--,--,--,--,St. Joseph's Institute of Hotel Management &,EXACT,False
"Marian College Kuttikanam, Peermade",Kerala,Hotel-management,--,--,8.9,8.9,8.6,8.8,9.1,8.9,8.9,"Marian College Kuttikanam, Peermade",EXACT,False
International College for New Age Studies,Kerala,Hotel-management,"80,000",--,--,--,--,--,--,--,--,International College for New Age Studies,EXACT,False
Kerala University,Kerala,Hotel-management,--,--,6.3,7.5,4.8,7.2,6.6,5.1,6.3,Kerala University,EXACT,False
"Nirmala College Of Arts And Science, Chalakkudy,",Kerala,Hotel-management,--,--,6.6,6.9,5.5,7.2,6.1,6.8,7.1,Nirmala College Of Arts And Science,EXACT,False
"Government Arts and Science College, Kondotty, Malappuram",Kerala,Hotel-management,"2,035",--,6,8,3.5,7.5,5.5,5,6.5,Government Arts and Science College,EXACT,False
"Institute of Hotel Management, Catering Technology &",Rajasthan,Hotel-management,"50,600","30,040",8.4,8.4,8.2,8.6,8.1,8.5,8.6,Institute of Hotel Management,EXACT,False
Jaipur National University,Rajasthan,Hotel-management,"1,26,000",--,7.5,7.9,7,7.7,7.8,6.7,7.6,Jaipur National University,EXACT,False
International Institute of Hotel Management,Rajasthan,Hotel-management,--,--,8.5,8.6,8.2,8.4,8.4,8.8,8.3,International Institute of Hotel Management,EXACT,False
"Institute of Hotel Management, Jodhpur, Jodhpur",Rajasthan,Hotel-management,"1,00,800","30,000",8,8,7.6,8,8.2,8.1,8,Institute of Hotel Management,EXACT,False
Institute of Hotel Management and Catering,Rajasthan,Hotel-management,"80,000","80,000",8.4,8.5,8.5,8.5,7.5,8.8,8.8,Institute of Hotel Management and Catering,EXACT,False
Madhav University,Rajasthan,Hotel-management,"12,000","50,000",7.8,7.9,7.5,8.2,7.9,7.3,7.8,Madhav University,EXACT,False
Janardan Rai Nagar Rajasthan Vidyapeeth University,Rajasthan,Hotel-management,"60,000",--,7.8,8.3,7.5,8.3,7.9,7.3,7.5,Janardan Rai Nagar Rajasthan Vidyapeeth University,EXACT,False
"Amity University, Jaipur",Rajasthan,Hotel-management,"84,000","1,18,000",8,7.8,7.6,7.8,8.9,7.4,8.7,"Amity University, Jaipur",EXACT,False
"NIMS University, Jaipur",Rajasthan,Hotel-management,"50,000","50,000",7.8,7.9,7.2,7.9,8.5,7,8,"NIMS University, Jaipur",EXACT,False
Mewar University,Rajasthan,Hotel-management,"53,000","53,000",8,7.9,7.1,8.1,8.8,7.3,8.6,Mewar University,EXACT,False
"Singhania University, Jhunjhunu",Rajasthan,Hotel-management,"12,000","62,000",7.1,7.1,6.7,7.1,7.1,7,7.3,"Singhania University, Jhunjhunu",EXACT,False
Manipal University,Rajasthan,Hotel-management,"1,93,000",--,8.4,8.2,8.3,8.2,9.2,7.7,9,Manipal University,EXACT,False
"Tantia University, Sriganganagar",Rajasthan,Hotel-management,"60,000",--,8.6,8.8,8.4,9.3,8.8,7.1,9.1,"Tantia University, Sriganganagar",EXACT,False
JECRC University,Rajasthan,Hotel-management,"95,000",--,8.1,8.1,7.4,8.2,8.2,8.1,8.7,JECRC University,EXACT,False
"OPJS University, Churu",Rajasthan,Hotel-management,"12,700","82,000",7.2,7.1,7.6,7.6,7.7,6.3,6.8,"OPJS University, Churu",EXACT,False
"Apex University, Jaipur",Rajasthan,Hotel-management,"50,000","15,000",8.7,8.9,8.9,8.6,8.7,8.5,8.7,"Apex University, Jaipur",EXACT,False
Suresh Gyan Vihar University,Rajasthan,Hotel-management,"90,000","90,000",7.5,7.8,6.7,7.5,8.8,6.3,8,Suresh Gyan Vihar University,EXACT,False
"Jagannath University, Jaipur",Rajasthan,Hotel-management,"50,000","90,000",7.3,7.1,6.7,7.9,7.7,6.9,7.4,"Jagannath University, Jaipur",EXACT,False
"Pacific University, Udaipur",Rajasthan,Hotel-management,"45,000","55,000",7.7,7.8,7.3,8.1,7.8,7.2,8,"Pacific University, Udaipur",EXACT,False
"IPS Business School, Jaipur",Rajasthan,Hotel-management,--,--,8.3,8.5,8.3,8.3,7.7,8.4,8.7,"IPS Business School, Jaipur",EXACT,False
Jagdishprasad Jhabarmal Tibrewala University,Rajasthan,Hotel-management,"60,000","60,000",6.5,6.3,6.4,6.4,6.6,6.5,6.6,Jagdishprasad Jhabarmal Tibrewala University,EXACT,False
"Shyam University, Dausa",Rajasthan,Hotel-management,"80,000","30,000",8.5,8.9,8.6,8.5,8.6,8.1,8.4,"Shyam University, Dausa",EXACT,False
"Shridhar University, Pilani",Rajasthan,Hotel-management,"99,300","99,300",6.7,6.2,6.6,6.5,6.5,7.3,6.8,"Shridhar University, Pilani",EXACT,False
University of Engineering and Management,Rajasthan,Hotel-management,"79,000",--,8.3,8.5,8.3,8.2,8.1,8.4,8,University of Engineering and Management,EXACT,False
Sangam University,Rajasthan,Hotel-management,"95,500","27,500",7.2,7.3,6.7,7.8,7.4,7,7,Sangam University,EXACT,False
"Bhagwant University, Ajmer",Rajasthan,Hotel-management,"75,000",--,6.7,6.8,6,7.1,6.5,6.8,7.2,"Bhagwant University, Ajmer",EXACT,False
University of Technology,Rajasthan,Hotel-management,"40,000","40,000",8.5,--,--,8.6,--,8.6,8.3,University of Technology,EXACT,False
Dr.Ambedkar Institute of Hotel Management Catering and,Haryana,Hotel-management,"1,22,460","29,770",8.4,8.8,7.7,8.8,8.4,8.7,7.7,Dr.Ambedkar Institute of Hotel Management Catering and,EXACT,False
Chandigarh Institute of Hotel Management and Catering,Haryana,Hotel-management,"3,00,000","29,900",8.3,8.8,8.3,7.9,8.9,8.7,7,Chandigarh Institute of Hotel Management and Catering,EXACT,False
"Chitkara School of Hospitality -[CSH], Chandigarh",Haryana,Hotel-management,"1,07,020",--,8.4,8.7,7,9,8.3,8.7,8.5,Chitkara School of Hospitality -[CSH],EXACT,False
Hotel & Catering Management Institute,Haryana,Hotel-management,"94,000","94,000",--,--,--,--,--,--,--,Hotel & Catering Management Institute,EXACT,False
State Institute of Hotel Management,Haryana,Hotel-management,"49,900","1,08,550",8.4,8.4,7.8,8.7,8.5,8.7,8.5,State Institute of Hotel Management,EXACT,False
Panjab University,Haryana,Hotel-management,--,--,7.7,8.2,7.7,8,7.7,6.5,8.2,Panjab University,EXACT,False
Maharshi Dayanand University,Haryana,Hotel-management,"52,762","54,810",7.8,8,7.7,8,8.4,6.6,8,Maharshi Dayanand University,EXACT,False
Kurukshetra University,Haryana,Hotel-management,"22,627","62,200",7.5,8.1,7,8,7.7,6.5,7.7,Kurukshetra University,EXACT,False
"Faculty of Management Studies, Manav Rachna International",Haryana,Hotel-management,"1,41,000",--,8.7,--,--,9,--,8,9,Faculty of Management Studies,EXACT,False
"SRM University Delhi NCR, Sonepat",Haryana,Hotel-management,"1,09,500","1,11,000",7.8,8,7.5,7.9,8.1,7.6,7.9,"SRM University Delhi NCR, Sonepat",EXACT,False
MM Institute of Hotel Management and Catering,Haryana,Hotel-management,"85,500","43,500",--,--,--,--,--,--,--,MM Institute of Hotel Management and Catering,EXACT,False
"Amity University, Gurgaon",Haryana,Hotel-management,"1,56,000",--,7.7,7.8,7.1,7.6,8.6,7.1,8.1,"Amity University, Gurgaon",EXACT,False
Manav Rachna International Institute of Research and,Haryana,Hotel-management,"1,41,000",--,7.5,7.4,7.3,7.5,8.3,6.6,7.6,Manav Rachna International Institute of Research and,EXACT,False
"Starex University, Gurgaon",Haryana,Hotel-management,"1,50,000","1,30,000",8.8,9.1,9.1,8.7,8.6,8.5,8.7,"Starex University, Gurgaon",EXACT,False
"NIILM University, Kaithal",Haryana,Hotel-management,"60,000","70,000",8.1,8.6,7.9,8.5,7.9,7.8,8.1,"NIILM University, Kaithal",EXACT,False
"Sushant University / Ansal University, Gurgaon",Haryana,Hotel-management,"2,71,120",--,7.8,8,8,7.9,8.4,7,7.5,Sushant University / Ansal University,EXACT,False
G D Goenka University,Haryana,Hotel-management,"1,70,000",--,8.2,7.7,8.3,8.3,8.9,7.6,8.4,G D Goenka University,EXACT,False
"Vedatya Institute, Gurgaon",Haryana,Hotel-management,"2,70,000","52,000",8.5,8.7,8.1,8.6,8.4,8.4,8.5,"Vedatya Institute, Gurgaon",EXACT,False
"Jagannath University, Bahadurgarh",Haryana,Hotel-management,--,--,8,8.3,8,7.8,8.7,7.4,7.9,"Jagannath University, Bahadurgarh",EXACT,False
"Rawal Institutions, Faridabad",Haryana,Hotel-management,"72,000",--,7.1,6.9,7.1,6.7,8.5,6.1,7,"Rawal Institutions, Faridabad",EXACT,False
"SGT University, Gurgaon",Haryana,Hotel-management,"1,87,500","1,62,500",8,8,7.6,8.1,8.4,7.5,8.1,"SGT University, Gurgaon",EXACT,False
Geeta Group of Institutions,Haryana,Hotel-management,"80,000",--,9.2,9.4,8.8,9.3,9.4,9.2,9.3,Geeta Group of Institutions,EXACT,False
Indian Institute of Learning and Advanced Development,Haryana,Hotel-management,"3,50,000",--,6.6,5,5,7.3,7,8,7,Indian Institute of Learning and Advanced Development,EXACT,False
RP Inderaprastha Institute of Technology,Haryana,Hotel-management,"75,000",--,7.1,7.7,6.5,7.5,7.6,6.1,6.9,RP Inderaprastha Institute of Technology,EXACT,False
"IITT Institutions, Chandigarh",Haryana,Hotel-management,"50,850","50,000",--,--,--,--,--,--,--,"IITT Institutions, Chandigarh",EXACT,False
Rawal Institute of Management,Haryana,Hotel-management,"70,000",--,--,--,--,--,--,--,--,Rawal Institute of Management,EXACT,False
"Gateway Education, Sonepat",Haryana,Hotel-management,"1,00,000",--,9.7,--,--,--,--,--,--,"Gateway Education, Sonepat",EXACT,False
"Saheed Mahilal Institute, Palwal",Haryana,Hotel-management,--,--,--,--,--,--,--,--,--,"Saheed Mahilal Institute, Palwal",EXACT,False
Institute of Hotel Management,Gujarat,Hotel-management,"1,09,110",--,8.3,8.8,8,8.9,8.1,8.1,7.6,Institute of Hotel Management,EXACT,False
International Institute of Hotel Management,Gujarat,Hotel-management,"1,88,000",--,8,8.6,7.8,8.2,8,7.8,7.6,International Institute of Hotel Management,EXACT,False
Maharaja Sayajirao University of Baroda,Gujarat,Hotel-management,"8,060",--,7.9,8.3,7,8.4,8,7.2,8.4,Maharaja Sayajirao University of Baroda,EXACT,False
Times Business School,Gujarat,Hotel-management,--,--,8.1,8,7,8.5,8,8,9,Times Business School,EXACT,False
Vivekanand Institute of Hotel and Tourism Management,Gujarat,Hotel-management,"88,000",--,8.7,8,9,9,9,9,8,Vivekanand Institute of Hotel and Tourism Management,EXACT,False
Indian School of Business Management and Administration,Gujarat,Hotel-management,"14,900","14,900",8,8.8,7.6,8.1,8,7.9,7.8,Indian School of Business Management and Administration,EXACT,False
"Auro University, Surat",Gujarat,Hotel-management,"2,70,000","3,00,000",8.3,8.2,8.5,8.6,8.7,7.2,8.6,"Auro University, Surat",EXACT,False
Ganpat University,Gujarat,Hotel-management,--,--,8.1,8.2,7.2,8.1,8.5,7.8,8.6,Ganpat University,EXACT,False
Asia Pacific Institute of Management,Gujarat,Hotel-management,"57,200","1,30,000",6.8,7.7,6,7.3,6.3,6.3,7.3,Asia Pacific Institute of Management,EXACT,False
"Panache Academy, Ahmedabad",Gujarat,Hotel-management,"1,19,000","69,000",7.4,8,7,7.5,7.5,7.5,7,"Panache Academy, Ahmedabad",EXACT,False
"Lords Institute of Management, Surat",Gujarat,Hotel-management,"71,036",--,7.3,--,--,8,--,7,7,"Lords Institute of Management, Surat",EXACT,False
Cambay Institute of Hospitality Management,Gujarat,Hotel-management,"84,000","1,10,000",--,--,--,--,--,--,--,Cambay Institute of Hospitality Management,EXACT,False
Vivekanand Institute of Management,Gujarat,Hotel-management,"90,000","80,000",8.8,8,8,9,9,--,--,Vivekanand Institute of Management,EXACT,False
"Swarrnim Startup & Innovation University, Gandhi Nagar",Gujarat,Hotel-management,"1,50,000",--,6.5,7,6,6.6,6.5,5.6,7.4,Swarrnim Startup & Innovation University,EXACT,False
Sanskar Institute of Management & Information Techonogy,Gujarat,Hotel-management,--,--,8.2,9,7,8,9,7,9,Sanskar Institute of Management & Information Techonogy,EXACT,False
Gujarat Institute of Management,Gujarat,Hotel-management,--,--,--,--,--,--,--,--,--,Gujarat Institute of Management,EXACT,False
Western India Institute of Aeronautics,Gujarat,Hotel-management,"1,65,000",--,8.5,9,8,9,8,9,8,Western India Institute of Aeronautics,EXACT,False
"Jindal School of Hotel Management -[JSHM], Vadodara",Gujarat,Hotel-management,"3,07,800",--,7.6,7.3,7.5,7.8,8.1,7.7,7.4,Jindal School of Hotel Management -[JSHM],EXACT,False
Aptech Aviation and Hospitality Academy,Gujarat,Hotel-management,"1,68,940","43,870",--,--,--,--,--,--,--,Aptech Aviation and Hospitality Academy,EXACT,False
"Gujarat Institute of Hotel Management, Vadodara",Gujarat,Hotel-management,--,--,7.2,6.8,6.3,8.5,6.8,7.8,7,Gujarat Institute of Hotel Management,EXACT,False
Parul Institute of Hotel Management & Catering,Gujarat,Hotel-management,"90,000","42,000",8.8,8.5,7.5,9.5,9.5,8,--,Parul Institute of Hotel Management & Catering,EXACT,False
Gujarat Technological University,Gujarat,Hotel-management,--,--,7.4,8.1,6.5,7.6,8,6.9,7.2,Gujarat Technological University,EXACT,False
Bhakta Kavi Narsinh Mehta University,Gujarat,Hotel-management,--,--,8.8,9.3,9,8.6,8.7,8.8,8.5,Bhakta Kavi Narsinh Mehta University,EXACT,False
"Panache Academy, Vadodara",Gujarat,Hotel-management,"1,19,000","69,000",--,--,--,--,--,--,--,"Panache Academy, Vadodara",EXACT,False
Bhagwan Mahavir University,Gujarat,Hotel-management,"68,000","50,000",9.7,--,--,--,--,--,--,Bhagwan Mahavir University,EXACT,False
"Birsa Munda Tribal University, Rajpipala",Gujarat,Hotel-management,--,--,--,--,--,--,--,--,--,"Birsa Munda Tribal University, Rajpipala",EXACT,False
Dr.Ambedkar Institute of Hotel Management Catering and,Punjab,Hotel-management,"1,22,460","29,770",8.4,8.8,7.7,8.8,8.4,8.7,7.7,Dr.Ambedkar Institute of Hotel Management Catering and,EXACT,False
Institute of Hotel Management,Punjab,Hotel-management,"35,242","47,242",8.8,8.9,9,9,8.7,8.9,8.5,Institute of Hotel Management,EXACT,False
Chandigarh Institute of Hotel Management and Catering,Punjab,Hotel-management,"3,00,000","29,900",8.3,8.8,8.3,7.9,8.9,8.7,7,Chandigarh Institute of Hotel Management and Catering,EXACT,False
"Chitkara School of Hospitality -[CSH], Chandigarh",Punjab,Hotel-management,"1,07,020",--,8.4,8.7,7,9,8.3,8.7,8.5,Chitkara School of Hospitality -[CSH],EXACT,False
Hotel & Catering Management Institute,Punjab,Hotel-management,"94,000","94,000",--,--,--,--,--,--,--,Hotel & Catering Management Institute,EXACT,False
Chandigarh College of Hotel Management and Catering,Punjab,Hotel-management,"1,15,100","44,990",9.5,9,9,--,--,--,--,Chandigarh College of Hotel Management and Catering,EXACT,False
CT Institute of Hotel Management & Catering,Punjab,Hotel-management,"90,230",--,7,5,5,--,--,--,--,CT Institute of Hotel Management & Catering,EXACT,False
Panjab University,Punjab,Hotel-management,--,--,7.7,8.2,7.7,8,7.7,6.5,8.2,Panjab University,EXACT,False
"CT Institute of Hotel Management, Jalandhar",Punjab,Hotel-management,"50,850",--,5.3,6,5,5,6,3,7,CT Institute of Hotel Management,EXACT,False
Desh Bhagat Institute of Hotel Management &,Punjab,Hotel-management,"85,000",--,7.8,8,8,7,9,7,8,Desh Bhagat Institute of Hotel Management &,EXACT,False
Institute of Hotel Management Catering Technology and,Punjab,Hotel-management,"1,06,900","30,500",8.1,8.2,6.6,9,7.2,8.5,9,Institute of Hotel Management Catering Technology and,EXACT,False
I.K. Gujral Punjab Technical University,Punjab,Hotel-management,"58,150",--,8.1,8,7.4,8.7,8.3,7.7,8.7,I.K. Gujral Punjab Technical University,EXACT,False
"Doaba College, Jalandhar",Punjab,Hotel-management,--,--,8.7,9.1,8.4,9.4,8.6,8.1,8.5,"Doaba College, Jalandhar",EXACT,False
"RIMT University, Gobindgarh",Punjab,Hotel-management,"39,400","1,01,000",7.6,7.9,7.3,7.8,8,6.7,7.8,"RIMT University, Gobindgarh",EXACT,False
Surya School of Hotel Management and Catering,Punjab,Hotel-management,--,--,--,--,--,--,--,--,--,Surya School of Hotel Management and Catering,EXACT,False
"Guru Kashi University, Bathinda",Punjab,Hotel-management,--,--,7.5,7.4,7.2,8,7.2,7.2,7.8,"Guru Kashi University, Bathinda",EXACT,False
Chandigarh Group of Colleges,Punjab,Hotel-management,"1,15,100","44,990",8.1,8,7.4,8,8.3,8.6,8.4,Chandigarh Group of Colleges,EXACT,False
"Rayat Bahra University, Mohali",Punjab,Hotel-management,"80,000","1,10,000",7.7,7.8,7.4,8,7.7,7.4,7.6,"Rayat Bahra University, Mohali",EXACT,False
"GNA University, Phagwara",Punjab,Hotel-management,"99,000","85,000",7.7,8,7.6,7.9,7.8,7.2,7.7,"GNA University, Phagwara",EXACT,False
Global Institute of Management,Punjab,Hotel-management,"50,850",--,--,--,--,--,--,--,--,Global Institute of Management,EXACT,False
"Global Institute, Amritsar",Punjab,Hotel-management,"1,35,000",--,8.3,8,8.2,8.7,8.8,7.9,8.3,"Global Institute, Amritsar",EXACT,False
CT University,Punjab,Hotel-management,"1,14,700","1,51,700",8.8,8.9,8.5,8.7,9.3,8.8,8.5,CT University,EXACT,False
"Maharaja Ranjit Singh Punjab Technical University, Bathinda",Punjab,Hotel-management,--,--,8.2,8.6,7.8,8.4,8.2,8.1,8.2,Maharaja Ranjit Singh Punjab Technical University,EXACT,False
DAV Institute of Engineering and Technology,Punjab,Hotel-management,"50,850",--,7.2,7.7,7.2,7.6,7.1,6.7,7.1,DAV Institute of Engineering and Technology,EXACT,False
"PCTE Group of Institutes, Ludhiana",Punjab,Hotel-management,"1,07,400",--,7.7,8,7.2,8,8,6.8,8.3,"PCTE Group of Institutes, Ludhiana",EXACT,False
Amritsar Group of Colleges,Punjab,Hotel-management,"3,16,089","1,26,000",8.8,8.7,8.9,9,8.8,8.6,9,Amritsar Group of Colleges,EXACT,False
"CT Group of Institutions, Jalandhar",Punjab,Hotel-management,"1,06,900","50,000",7.6,7.5,7,8.2,7.5,7.9,7.4,"CT Group of Institutions, Jalandhar",EXACT,False
"Rayat Bahra Hoshiarpur Campus, Hoshiarpur",Punjab,Hotel-management,"60,000","50,000",8.9,9.2,8.5,9.2,8.3,8.8,9.1,Rayat Bahra Hoshiarpur Campus,EXACT,False
Punjab College of Technical Education,Punjab,Hotel-management,"1,07,400",--,8,7.7,8.1,7.9,8.3,7.1,8.8,Punjab College of Technical Education,EXACT,False
Institute of Hotel Management Catering Technology &,West Bengal,Hotel-management,"66,000","66,000",8.7,8.9,8.5,9.2,8.1,8.8,8.6,Institute of Hotel Management Catering Technology &,EXACT,False
"NSHM Knowledge Campus, Durgapur",West Bengal,Hotel-management,"2,06,000",--,8.3,8.5,8.1,8.6,8.6,7.7,8.5,"NSHM Knowledge Campus, Durgapur",EXACT,False
Guru Nanak Institute of Hotel Management,West Bengal,Hotel-management,"1,90,000","1,45,000",8,8.3,7.3,8,8.2,8.4,7.9,Guru Nanak Institute of Hotel Management,EXACT,False
"NIMAS, Kolkata",West Bengal,Hotel-management,"2,89,000",--,8.8,9.7,9,8.6,9.5,7.4,8.4,"NIMAS, Kolkata",EXACT,False
International Institute of Hotel Management,West Bengal,Hotel-management,--,--,8.8,8.7,8.1,8.9,8.8,8.9,9.3,International Institute of Hotel Management,EXACT,False
"BNG Hotel Management, Kolkata",West Bengal,Hotel-management,--,--,7.8,8,7.5,7.9,7.5,7.9,7.8,"BNG Hotel Management, Kolkata",EXACT,False
"NSHM Knowledge Campus, Kolkata",West Bengal,Hotel-management,"2,17,500",--,7.8,8,6.8,8.1,8.2,7.7,8,"NSHM Knowledge Campus, Kolkata",EXACT,False
"Annex College, Kolkata",West Bengal,Hotel-management,--,--,7.9,7.7,8.3,8.3,7.8,7.5,8,"Annex College, Kolkata",EXACT,False
Institute of Management Study,West Bengal,Hotel-management,"65,000",--,7.3,7.8,6.4,7.7,7.6,7.3,6.8,Institute of Management Study,EXACT,False
Eastern Institute for Integrated Learning In Management,West Bengal,Hotel-management,"3,70,000",--,7.5,7.6,6.6,7.5,7.4,8.1,7.6,Eastern Institute for Integrated Learning In Management,EXACT,False
Maulana Abul Kalam Azad University of Technology,West Bengal,Hotel-management,"70,000",--,7.7,8.1,6.9,8,7.8,7.7,7.6,Maulana Abul Kalam Azad University of Technology,EXACT,False
"Amity University, Kolkata",West Bengal,Hotel-management,"1,05,000",--,8.2,8.1,7.7,8.4,8.8,7.4,8.5,"Amity University, Kolkata",EXACT,False
"NIPS School of Hotel Management, Kolkata",West Bengal,Hotel-management,"5,90,000","4,30,000",7.5,8,6.8,8,7.3,7.6,7.4,"NIPS School of Hotel Management, Kolkata",EXACT,False
Future Institute of Engineering and Management,West Bengal,Hotel-management,"1,30,500",--,7.8,8.2,6.7,8.1,7.7,7.8,8.1,Future Institute of Engineering and Management,EXACT,False
Sister Nivedita University,West Bengal,Hotel-management,"1,13,000",--,8.2,8.2,7.6,8.9,7.9,7.8,8.7,Sister Nivedita University,EXACT,False
Globsyn Business School,West Bengal,Hotel-management,"14,000",--,8.1,8.4,7.7,8.1,8.1,8,8,Globsyn Business School,EXACT,False
Seacom Skills University,West Bengal,Hotel-management,"70,000","70,000",7.5,8.4,6.4,8.9,7.4,6.7,7.3,Seacom Skills University,EXACT,False
University of Engineering and Management,West Bengal,Hotel-management,"1,10,000",--,8.1,8.6,7.2,8.5,7.9,8.8,7.7,University of Engineering and Management,EXACT,False
JIS College of Engineering,West Bengal,Hotel-management,"98,150",--,7.9,8.1,7.2,8.4,8.1,7.8,8,JIS College of Engineering,EXACT,False
National Institute of Management,West Bengal,Hotel-management,"1,40,000","75,000",8.5,8.4,7.4,8.8,8.7,8.7,8.9,National Institute of Management,EXACT,False
"Inspiria Knowledge Campus, Siliguri",West Bengal,Hotel-management,"1,58,000",--,8.1,8.1,7.4,8.4,8.6,8,8.2,"Inspiria Knowledge Campus, Siliguri",EXACT,False
Siliguri Institute of Technology,West Bengal,Hotel-management,--,--,7.8,7.9,7.1,8,8.3,7.2,8.2,Siliguri Institute of Technology,EXACT,False
International School of Hospitality Management,West Bengal,Hotel-management,"3,86,000","1,25,000",8.8,8.6,8.6,9,8.7,8.9,9.2,International School of Hospitality Management,EXACT,False
"Seacom Engineering College, Howrah",West Bengal,Hotel-management,"1,60,000",--,7.2,7.6,6.8,7.1,8,5.9,7.6,"Seacom Engineering College, Howrah",EXACT,False
Saroj Mohan Institute of Technology,West Bengal,Hotel-management,"1,70,000",--,7.5,8.3,7,8.5,7.6,6.4,7.3,Saroj Mohan Institute of Technology,EXACT,False
Haldia Institute of Management,West Bengal,Hotel-management,--,--,8,8.1,7.7,8.5,7.6,7.6,8.2,Haldia Institute of Management,EXACT,False
"JIS University, Kolkata",West Bengal,Hotel-management,"1,90,000","1,45,000",8,8.3,7.7,8,8.2,7.8,7.8,"JIS University, Kolkata",EXACT,False
International Institute of Management Sciences,West Bengal,Hotel-management,"3,25,000","70,000",7.8,7.8,7.8,8,7.6,7.7,7.7,International Institute of Management Sciences,EXACT,False
Bengal Institute of Technology and Management,West Bengal,Hotel-management,--,--,6.7,6.7,6.2,7.2,6.8,6.3,7,Bengal Institute of Technology and Management,EXACT,False
Institute of Hotel Management Catering Technology &,Odisha,Hotel-management,"68,200","33,350",8.6,8.5,9,8.5,8.6,8.4,8.5,Institute of Hotel Management Catering Technology &,EXACT,False
Siksha 'O' Anusandhan University,Odisha,Hotel-management,"85,000",--,8.3,8.6,7.6,8.3,8.7,8,8.5,Siksha 'O' Anusandhan University,EXACT,False
"C. V. Raman Global University, Bhubaneswar",Odisha,Hotel-management,"65,000","65,000",7.6,7.9,7,7.5,8.2,7.5,7.6,C. V. Raman Global University,EXACT,False
BJB Autonomous College,Odisha,Hotel-management,"30,000",--,7.4,8.3,6.8,7.9,7.4,5.9,7.9,BJB Autonomous College,EXACT,False
Biju Patnaik University of Technology,Odisha,Hotel-management,--,--,6.2,6.1,6.7,6.4,6.8,4.8,6.1,Biju Patnaik University of Technology,EXACT,False
Xavier College of Hotel Management,Odisha,Hotel-management,--,--,--,--,--,--,--,--,--,Xavier College of Hotel Management,EXACT,False
Bijupattanaik College of Hotel Management Tourism and,Odisha,Hotel-management,--,--,--,--,--,--,--,--,--,Bijupattanaik College of Hotel Management Tourism and,EXACT,False
"National Institute of Hotel Management & Tourism,",Odisha,Hotel-management,"1,50,000","66,000",--,--,--,--,--,--,--,National Institute of Hotel Management & Tourism,EXACT,False
Attitude Business School,Odisha,Hotel-management,--,--,--,--,--,--,--,--,--,Attitude Business School,EXACT,False
"DRIEMS Group of Institutions, Cuttack",Odisha,Hotel-management,"60,000","60,000",7.6,8,7.2,7.2,9.2,6.9,6.8,"DRIEMS Group of Institutions, Cuttack",EXACT,False
"ODM Business School, Bhubaneswar",Odisha,Hotel-management,--,--,--,--,--,--,--,--,--,"ODM Business School, Bhubaneswar",EXACT,False
"Bhadrak Autonomous College, Bhadrak",Odisha,Hotel-management,--,--,7.7,8.2,7.1,8,8,7,7.9,"Bhadrak Autonomous College, Bhadrak",EXACT,False
Aptech Aviation and Hospitality Academy,Odisha,Hotel-management,"75,000","75,000",7.8,8,8,8,8,7,8,Aptech Aviation and Hospitality Academy,EXACT,False
Gopabandhu School of Hotel Management,Odisha,Hotel-management,"50,000","36,000",--,--,--,--,--,--,--,Gopabandhu School of Hotel Management,EXACT,False
Ranijta Institute of Hotel Management and Catering,Odisha,Hotel-management,"1,13,400","65,000",--,--,--,--,--,--,--,Ranijta Institute of Hotel Management and Catering,EXACT,False
State Institute of Hotel Management,Odisha,Hotel-management,"1,10,400","40,000",--,--,--,--,--,--,--,State Institute of Hotel Management,EXACT,False
Utkal University of Culture,Odisha,Hotel-management,--,--,8.1,8,7.6,8.2,8.2,8.3,8.2,Utkal University of Culture,EXACT,False
DRIEMS School of Hotel Management,Odisha,Hotel-management,"47,500","60,000",--,--,--,--,--,--,--,DRIEMS School of Hotel Management,EXACT,False
Trytoon Academy,Odisha,Hotel-management,"65,000","1,10,000",8.8,--,--,--,--,--,--,Trytoon Academy,EXACT,False
"BIITM School of Hotel Management, Bhubaneswar",Odisha,Hotel-management,"60,000","60,000",--,--,--,--,--,--,--,"BIITM School of Hotel Management, Bhubaneswar",EXACT,False
"IMB School of Hospitality, Bhubaneswar",Odisha,Hotel-management,"50,000","60,000",--,--,--,--,--,--,--,"IMB School of Hospitality, Bhubaneswar",EXACT,False
Swosti Institute of Management and Social Studies,Odisha,Hotel-management,"65,000","54,000",--,--,--,--,--,--,--,Swosti Institute of Management and Social Studies,EXACT,False
Institute of Hotel Management Catering Technology &,Uttarakhand,Hotel-management,"80,000","1,23,101",8.7,8.8,8.8,8.8,8.3,8.7,8.8,Institute of Hotel Management Catering Technology &,EXACT,False
"Amrapali Institute of Hotel Management, Haldwani",Uttarakhand,Hotel-management,"90,000","55,000",7.1,8.3,5.9,7.1,8.2,6.9,6.1,Amrapali Institute of Hotel Management,EXACT,False
IMS Unison University,Uttarakhand,Hotel-management,"97,838","1,49,050",8.2,8.2,8,8.5,8.5,7.5,8.2,IMS Unison University,EXACT,False
"Institute of Media Management , Technology &",Uttarakhand,Hotel-management,"70,000","50,000",--,--,--,--,--,--,--,Institute of Media Management,EXACT,False
"Amazon Institute of Hotel Tourism and Management,",Uttarakhand,Hotel-management,"2,40,000","1,50,000",--,--,--,--,--,--,--,Amazon Institute of Hotel Tourism and Management,EXACT,False
Doon Post Graduate College of Agriculture Science,Uttarakhand,Hotel-management,"60,000",--,6.7,7.5,6.4,7.6,7,4.9,6.8,Doon Post Graduate College of Agriculture Science,EXACT,False
"Uttaranchal University, Dehradun",Uttarakhand,Hotel-management,"1,15,200","70,200",7.5,7.8,6.8,7.7,8.6,6.5,7.5,"Uttaranchal University, Dehradun",EXACT,False
Graphic Era University,Uttarakhand,Hotel-management,"1,44,500","85,000",8.3,8.2,7.9,8.4,8.6,8.1,8.4,Graphic Era University,EXACT,False
Himgiri Zee University,Uttarakhand,Hotel-management,"60,000","1,40,000",7.9,8.5,5.5,9,8,7.7,8.8,Himgiri Zee University,EXACT,False
Institute of Technology and Management,Uttarakhand,Hotel-management,"55,000","62,500",7.4,7.8,7.5,7.8,5.6,8,7.8,Institute of Technology and Management,EXACT,False
BFIT Group of Institutions,Uttarakhand,Hotel-management,"59,500","30,000",7.5,7.7,7.1,7.7,7.6,7.1,8,BFIT Group of Institutions,EXACT,False
Sardar Bhagwan Singh University,Uttarakhand,Hotel-management,"68,000",--,8.7,8.7,8.3,9.3,9,8.3,8.7,Sardar Bhagwan Singh University,EXACT,False
"Maya Group of Colleges, Dehradun",Uttarakhand,Hotel-management,"85,800","80,800",7.3,6.8,7.2,8.3,7.2,6.7,7.3,"Maya Group of Colleges, Dehradun",EXACT,False
Amrapali Group of Institutes,Uttarakhand,Hotel-management,"90,000","55,000",7.8,7.8,7.5,8.2,7.5,7.8,8.1,Amrapali Group of Institutes,EXACT,False
HEC Group of Institutions,Uttarakhand,Hotel-management,"36,000",--,9,9,9,9,9,9,9,HEC Group of Institutions,EXACT,False
GRD Institute of Management and Technology,Uttarakhand,Hotel-management,"57,000","30,000",6.6,7.1,6,7.1,6.8,5.2,7.2,GRD Institute of Management and Technology,EXACT,False
Shree Dev Bhoomi Institute of Education Science,Uttarakhand,Hotel-management,"55,000",--,7.3,7.7,7.3,8,7.3,5.3,8,Shree Dev Bhoomi Institute of Education Science,EXACT,False
"PAL College of Technology and Management, Haldwani",Uttarakhand,Hotel-management,"76,000",--,8.2,8.3,8.3,8.2,8.3,7.7,8.3,PAL College of Technology and Management,EXACT,False
Alpine Institute of Management & Technology,Uttarakhand,Hotel-management,"40,000",--,7.2,7.2,7.3,7.8,7.2,6.2,7.3,Alpine Institute of Management & Technology,EXACT,False
Dev Bhoomi Institute of Management Studies,Uttarakhand,Hotel-management,"76,700",--,9,9,--,--,9,9,--,Dev Bhoomi Institute of Management Studies,EXACT,False
Imperial Institute of Management and Technology,Uttarakhand,Hotel-management,"51,570","42,570",--,--,--,--,--,--,--,Imperial Institute of Management and Technology,EXACT,False
Maya Institute of Technology & Management,Uttarakhand,Hotel-management,"85,800","80,800",6.9,8.6,3.7,9.3,7.6,5.5,6.5,Maya Institute of Technology & Management,EXACT,False
Swami Vivekanand Institute of Management,Uttarakhand,Hotel-management,--,--,9.2,8,--,--,--,--,--,Swami Vivekanand Institute of Management,EXACT,False
Tata Institute of Social Sciences,Uttarakhand,Hotel-management,"29,600",--,--,--,--,--,--,--,--,Tata Institute of Social Sciences,EXACT,False
Amrapali Institute of Applied Sciences,Uttarakhand,Hotel-management,"55,000","16,000",7.7,7,7.3,8.3,8,7,8.3,Amrapali Institute of Applied Sciences,EXACT,False
"DBS PG College, Dehradun",Uttarakhand,Hotel-management,--,--,6.9,7.8,6,8.8,5.8,4.4,8.4,"DBS PG College, Dehradun",EXACT,False
Tamil Nadu Agricultural University,Tamil Nadu,Agriculture,"48,125","21,100",7.9,8.6,8,8,8.8,6.6,7.5,Tamil Nadu Agricultural University,EXACT,False
Anbil Dharmalingam Agricultural College and Research Institute,Tamil Nadu,Agriculture,"63,850","70,825",9,--,--,--,--,--,--,Anbil Dharmalingam Agricultural College and Research Institute,EXACT,False
Veterinary College and Research Institute,Tamil Nadu,Agriculture,"33,325",--,7.7,8,7,8,8,8.3,7,Veterinary College and Research Institute,EXACT,False
"Vanavarayar Institute of Agriculture, Pollachi",Tamil Nadu,Agriculture,"23,538",--,6.9,7.5,5.8,7.7,8,5.3,7,Vanavarayar Institute of Agriculture,EXACT,False
Tamil Nadu Veterinary and Animal Sciences University,Tamil Nadu,Agriculture,"33,325","33,325",8.3,8.4,8,8.4,8.2,8.2,8.4,Tamil Nadu Veterinary and Animal Sciences University,EXACT,False
Horticultural College and Research Institute,Tamil Nadu,Agriculture,"57,150","60,630",5.7,7.3,5.3,6,5,5,5.3,Horticultural College and Research Institute,EXACT,False
Shrimathi Devkunvar Nanalal Bhatt Vaishnav College for,Tamil Nadu,Agriculture,"1,446",--,8.6,9,8,8.7,9.5,7.9,8.4,Shrimathi Devkunvar Nanalal Bhatt Vaishnav College for,EXACT,False
Thanthai Roever Institute of Agriculture and Rural,Tamil Nadu,Agriculture,"40,000",--,--,--,--,--,--,--,--,Thanthai Roever Institute of Agriculture and Rural,EXACT,False
Central Marine Fisheries Research Institute,Tamil Nadu,Agriculture,--,--,7.6,8,7,7.5,8,7.5,7.5,Central Marine Fisheries Research Institute,EXACT,False
Agricultural College and Research Institute,Tamil Nadu,Agriculture,"56,792","80,416",8,8.5,7,8.5,7.5,8,8.3,Agricultural College and Research Institute,EXACT,False
Forest College and Research Institute,Tamil Nadu,Agriculture,"40,000",--,8.2,8.7,7.7,7.3,8.7,8,8.7,Forest College and Research Institute,EXACT,False
Agricultural College and Research Institute,Tamil Nadu,Agriculture,"50,225",--,7.9,8.4,7.4,8.9,7.6,6.9,8,Agricultural College and Research Institute,EXACT,False
"Loyola College, Chennai",Tamil Nadu,Agriculture,--,--,8.6,8.7,8.2,8.3,8.9,8.4,8.8,"Loyola College, Chennai",EXACT,False
Vellore Institute of Technology,Tamil Nadu,Agriculture,"99,000",--,8.3,8.3,8,7.8,8.9,8.5,8.5,Vellore Institute of Technology,EXACT,False
SRM Institute of Technology,Tamil Nadu,Agriculture,"3,10,000",--,8,8,7.1,7.6,8.7,8.2,8.6,SRM Institute of Technology,EXACT,False
"Thiagarajar College, Madurai",Tamil Nadu,Agriculture,--,--,7.5,7.9,7.1,8,7.1,7.2,7.9,"Thiagarajar College, Madurai",EXACT,False
Annamalai University,Tamil Nadu,Agriculture,"37,050","34,630",7.4,8.1,6.7,8,7.9,6.5,7.2,Annamalai University,EXACT,False
Bishop Heber College,Tamil Nadu,Agriculture,--,--,8.3,8.5,7.8,8.2,8.9,8.1,8.4,Bishop Heber College,EXACT,False
"Kongunadu Arts and Science College, Coimbatore",Tamil Nadu,Agriculture,--,--,7.3,8,6.7,8.3,7.3,6.3,7,Kongunadu Arts and Science College,EXACT,False
Jamal Mohamed College,Tamil Nadu,Agriculture,"1,500",--,8.5,8.8,8.1,8.5,8.6,8.4,8.6,Jamal Mohamed College,EXACT,False
Dr. N.G.P. Arts and Science College,Tamil Nadu,Agriculture,--,--,7.6,7.8,7.1,7.5,8.4,7.7,7,Dr. N.G.P. Arts and Science College,EXACT,False
"Kalasalingam Academy of Research and Education, Krishnankovil",Tamil Nadu,Agriculture,"1,40,600",--,7.7,8,7.4,7.9,8.3,7,7.6,Kalasalingam Academy of Research and Education,EXACT,False
"Lady Doak College, Madurai",Tamil Nadu,Agriculture,"20,000",--,8.4,9.1,7.2,8.7,8.6,8.4,8.2,"Lady Doak College, Madurai",EXACT,False
Karunya Institute of Technology and Sciences,Tamil Nadu,Agriculture,"41,000","2,13,500",7.9,7.9,7.9,7.9,8.5,7.5,7.4,Karunya Institute of Technology and Sciences,EXACT,False
"Holy Cross College (Autonomous), Tiruchirappalli",Tamil Nadu,Agriculture,"9,775",--,8.7,9.3,8.4,9,9.1,7.9,8.7,Holy Cross College (Autonomous),EXACT,False
Ponnaiyah Ramajayam Institute of Science and Technology,Tamil Nadu,Agriculture,"2,00,000",--,6.5,6.8,6.4,6.9,7,5.4,6.3,Ponnaiyah Ramajayam Institute of Science and Technology,EXACT,False
"Dr. M.G.R. Educational and Research Institute, Chennai",Tamil Nadu,Agriculture,--,--,7.4,7.6,7.4,7.1,7.8,6.8,7.5,Dr. M.G.R. Educational and Research Institute,EXACT,False
"Alagappa University, Karaikudi",Tamil Nadu,Agriculture,"10,500",--,8.5,8.9,7.9,8.9,8.4,8.2,8.4,"Alagappa University, Karaikudi",EXACT,False
Empee Institute of Hotel Management and Catering,Tamil Nadu,Agriculture,--,--,8.8,8,--,--,--,--,--,Empee Institute of Hotel Management and Catering,EXACT,False
Bharathiar University,Tamil Nadu,Agriculture,--,--,7.8,8,7.6,8.1,7.7,7.5,7.9,Bharathiar University,EXACT,False
Mahatma Phule Krishi Vidyapeeth,Maharashtra,Agriculture,"19,100",--,8.3,8.1,8,8.6,8.7,7.9,8.4,Mahatma Phule Krishi Vidyapeeth,EXACT,False
Central Institute of Fisheries Education,Maharashtra,Agriculture,"16,700",--,8.9,9,9.7,8.5,9.7,8.2,8.4,Central Institute of Fisheries Education,EXACT,False
Mumbai University,Maharashtra,Agriculture,"11,700",--,7.2,7.6,6.5,7.9,7.4,6.6,7,Mumbai University,EXACT,False
Dr DY Patil College of Agriculture Business,Maharashtra,Agriculture,"57,000",--,7.2,7.9,7,7.4,8.6,5.8,6.5,Dr DY Patil College of Agriculture Business,EXACT,False
"Yashwantrao Chavan Maharashtra Open University- [YCMOU], Nashik",Maharashtra,Agriculture,"6,000","6,000",7.4,8.5,6.3,7.6,7.9,7.5,6.4,Yashwantrao Chavan Maharashtra Open University- [YCMOU],EXACT,False
"Anand Niketan College of Agriculture, Chandrapur",Maharashtra,Agriculture,"13,150",--,10,--,--,--,--,--,--,Anand Niketan College of Agriculture,EXACT,False
Dr Balasaheb Sawant Konkan Krishi Vidyapeeth,Maharashtra,Agriculture,"24,050","19,100",8.4,9,8,8.5,8.9,7.5,8.3,Dr Balasaheb Sawant Konkan Krishi Vidyapeeth,EXACT,False
"KK Wagh College of Agriculture, Nashik",Maharashtra,Agriculture,"94,000",--,7.5,8,6.1,7.9,8.7,7.1,7.1,"KK Wagh College of Agriculture, Nashik",EXACT,False
Loknete Mohanrao Kadam College of Agriculture,Maharashtra,Agriculture,"75,000",--,7.3,8,6,8,8,7,7,Loknete Mohanrao Kadam College of Agriculture,EXACT,False
"Ramkrishna Bajaj College of Agriculture, Wardha",Maharashtra,Agriculture,"40,070",--,6.7,8.6,6,8.3,6.6,5.8,5,Ramkrishna Bajaj College of Agriculture,EXACT,False
Vasantrao Naik Marathwada Krishi Vidyapeeth,Maharashtra,Agriculture,"18,850","46,300",8,8.7,7.6,8.2,8.4,7.2,7.9,Vasantrao Naik Marathwada Krishi Vidyapeeth,EXACT,False
"Vivekanand College of Agriculture, Buldhana",Maharashtra,Agriculture,"65,000",--,7.3,--,--,--,--,--,--,Vivekanand College of Agriculture,EXACT,False
Bharati Vidyapeeth Deemed University,Maharashtra,Agriculture,--,--,7.8,8.1,6.8,7.9,8.1,7.7,8.2,Bharati Vidyapeeth Deemed University,EXACT,False
Shivaji University,Maharashtra,Agriculture,--,--,7.6,7.9,7.2,8.1,8.1,6.3,8,Shivaji University,EXACT,False
Bombay Veterinary College,Maharashtra,Agriculture,"20,300",--,7.1,7.6,6.6,7.7,6.3,6.4,8.1,Bombay Veterinary College,EXACT,False
National Research Centre For Citrus,Maharashtra,Agriculture,--,--,--,--,--,--,--,--,--,National Research Centre For Citrus,EXACT,False
Shreemati Nathibai Damodar Thackersey Women's University,Maharashtra,Agriculture,"10,550",--,7.6,8.2,6.9,8,7.8,7,7.7,Shreemati Nathibai Damodar Thackersey Women's University,EXACT,False
"College of Agriculture, Pune",Maharashtra,Agriculture,"79,000",--,8.2,8.9,7.9,7.9,8.5,7.6,8.3,"College of Agriculture, Pune",EXACT,False
Dr. Panjabrao Deshmukh Krishi Vidyapeeth,Maharashtra,Agriculture,"25,120","19,100",8.9,9.3,9,9,9.5,8.1,8.6,Dr. Panjabrao Deshmukh Krishi Vidyapeeth,EXACT,False
"College of Agricultural Biotechnology, Pune",Maharashtra,Agriculture,--,--,7.9,8.6,7.1,8.1,8.1,6.9,8.8,College of Agricultural Biotechnology,EXACT,False
Ramniranjan Jhunjhunwala College,Maharashtra,Agriculture,"43,015",--,8,8.8,5.9,9.1,7.9,8,8.4,Ramniranjan Jhunjhunwala College,EXACT,False
"Ramnarain Ruia Autonomous College, Mumbai",Maharashtra,Agriculture,--,--,7.9,8.4,7,8,8.4,6.6,8.9,Ramnarain Ruia Autonomous College,EXACT,False
Savitribai Phule Pune University,Maharashtra,Agriculture,--,--,7.6,8.1,7.1,7.9,7.9,6.8,7.5,Savitribai Phule Pune University,EXACT,False
"Elphinstone College, Mumbai",Maharashtra,Agriculture,--,--,7.5,8.1,6.8,7.9,7.9,6.5,8,"Elphinstone College, Mumbai",EXACT,False
Rashtrasant Tukadoji Maharaj Nagpur University,Maharashtra,Agriculture,"27,030",--,7.5,8,7.2,7.7,7.9,6.9,7.4,Rashtrasant Tukadoji Maharaj Nagpur University,EXACT,False
Tata Institute of Social Sciences,Maharashtra,Agriculture,"86,630",--,8.6,9,8.1,8.9,8.6,8.4,8.6,Tata Institute of Social Sciences,EXACT,False
SVKM's Narsee Monjee Institute of Management Studies,Maharashtra,Agriculture,"1,02,000",--,8.2,8.3,8.4,8.1,8.8,7.4,8.1,SVKM's Narsee Monjee Institute of Management Studies,EXACT,False
"Ecole Hoteliere Lavasa, Pune",Maharashtra,Agriculture,"9,00,000",--,3.7,--,--,5,--,5,1,"Ecole Hoteliere Lavasa, Pune",EXACT,False
Nagpur Veterinary College,Maharashtra,Agriculture,"3,725",--,8.6,8.6,9,8.6,8.4,8,8.8,Nagpur Veterinary College,EXACT,False
Garware Institute of Career Education and Development,Maharashtra,Agriculture,"59,100",--,7.1,6.8,6.3,7.7,7,7.7,7.2,Garware Institute of Career Education and Development,EXACT,False
Indian Veterinary Research Institute,Uttar Pradesh,Agriculture,"15,550","15,900",8.9,8.4,9.4,8.7,9.3,8.7,8.8,Indian Veterinary Research Institute,EXACT,False
Sam Higginbottom University of Agriculture Technology and,Uttar Pradesh,Agriculture,"1,17,000","1,17,000",7.2,7.6,6.6,7.5,7.5,6,7.9,Sam Higginbottom University of Agriculture Technology and,EXACT,False
National Bureau of Fish Genetic Resources,Uttar Pradesh,Agriculture,--,--,8.1,7.5,8,8.5,8,8.5,8,National Bureau of Fish Genetic Resources,EXACT,False
Central Institute for Subtropical Horticulture,Uttar Pradesh,Agriculture,--,--,--,--,--,--,--,--,--,Central Institute for Subtropical Horticulture,EXACT,False
Baba Saheb Dr Bhim Rao Ambedkar College,Uttar Pradesh,Agriculture,--,--,5.5,6,5,6,6.2,4.2,5.7,Baba Saheb Dr Bhim Rao Ambedkar College,EXACT,False
Sardar Vallabh Bhai Patel University of Agriculture,Uttar Pradesh,Agriculture,"53,000","72,000",5.5,6.3,6,4.5,7.3,4.3,4.7,Sardar Vallabh Bhai Patel University of Agriculture,EXACT,False
"Chandra Bhanu Gupt Krishi Mahavidyala, Lucknow",Uttar Pradesh,Agriculture,--,--,7.7,8.5,7.7,8.3,7.7,6.7,7.5,Chandra Bhanu Gupt Krishi Mahavidyala,EXACT,False
Amity Institute of Organic Agriculture,Uttar Pradesh,Agriculture,"1,10,000","1,00,000",8.5,8.4,8.4,8.8,9.4,7.4,8.8,Amity Institute of Organic Agriculture,EXACT,False
Chandra Shekhar Azad University of Agriculture and,Uttar Pradesh,Agriculture,"46,650","63,650",8.3,8.8,8,8.7,8.1,8,7.9,Chandra Shekhar Azad University of Agriculture and,EXACT,False
"Kisan Post Graduate College, Ghaziabad",Uttar Pradesh,Agriculture,--,--,--,--,--,--,--,--,--,"Kisan Post Graduate College, Ghaziabad",EXACT,False
Banaras Hindu University,Uttar Pradesh,Agriculture,"4,070","6,262",8.3,8.7,8.1,8.4,8.8,7.2,8.6,Banaras Hindu University,EXACT,False
Amity School of Natural Resources and Sustainable,Uttar Pradesh,Agriculture,"94,000",--,--,--,--,--,--,--,--,Amity School of Natural Resources and Sustainable,EXACT,False
Deen Dayal Upadhyaya Gorakhpur University,Uttar Pradesh,Agriculture,"2,613","2,592",6.8,7.7,6.1,7.4,7.5,5,7,Deen Dayal Upadhyaya Gorakhpur University,EXACT,False
Narendra Deva University of Agriculture and Technology,Uttar Pradesh,Agriculture,"47,000","64,000",7.1,7.4,7.1,7.9,7.1,6.2,7,Narendra Deva University of Agriculture and Technology,EXACT,False
"Indian Grassland and Fodder Research Institute-[IGFRI], Jhansi",Uttar Pradesh,Agriculture,--,--,--,--,--,--,--,--,--,Indian Grassland and Fodder Research Institute-[IGFRI],EXACT,False
Indian Institute of Pulses Research,Uttar Pradesh,Agriculture,--,--,8.6,9.3,8.3,8.8,8.7,8.3,8.3,Indian Institute of Pulses Research,EXACT,False
Central Institute of Medicinal and Aromatic Plants,Uttar Pradesh,Agriculture,--,--,8.3,--,--,8.6,--,8.2,8,Central Institute of Medicinal and Aromatic Plants,EXACT,False
Imperial School of Agri Business,Uttar Pradesh,Agriculture,"81,700",--,--,--,--,--,--,--,--,Imperial School of Agri Business,EXACT,False
Aligarh Muslim University,Uttar Pradesh,Agriculture,"1,36,320",--,8.3,8.8,7.9,8.5,8.8,7.2,8.6,Aligarh Muslim University,EXACT,False
"Amity University, Noida",Uttar Pradesh,Agriculture,"95,000","1,02,000",8.2,8,7.9,8.1,8.9,7.6,8.7,"Amity University, Noida",EXACT,False
"Amity University, Lucknow",Uttar Pradesh,Agriculture,"42,000",--,8.1,8,7.6,8.1,8.8,7.1,8.8,"Amity University, Lucknow",EXACT,False
Chaudhary Charan Singh University,Uttar Pradesh,Agriculture,"43,005","4,795",6.4,6.6,6.1,7.3,6.6,4.9,6.6,Chaudhary Charan Singh University,EXACT,False
"National Post Graduate College, Lucknow",Uttar Pradesh,Agriculture,--,--,7.6,8.6,7.4,8.5,7.6,6.8,6.7,"National Post Graduate College, Lucknow",EXACT,False
Teerthanker Mahaveer University,Uttar Pradesh,Agriculture,"80,700",--,8.1,8.3,7.6,8.2,8.7,7.3,8.3,Teerthanker Mahaveer University,EXACT,False
Mangalayatan University,Uttar Pradesh,Agriculture,"32,500","50,000",7.9,7.8,7.8,8.2,8.4,7.1,8.1,Mangalayatan University,EXACT,False
"Udai Pratap College, Varanasi",Uttar Pradesh,Agriculture,"5,586","6,422",7.4,8.1,6.6,8.8,7.3,6.6,7,"Udai Pratap College, Varanasi",EXACT,False
Chhatrapati Shahu Ji Maharaj University,Uttar Pradesh,Agriculture,"24,000",--,7.1,7.2,6.6,7.5,8,5.8,7.7,Chhatrapati Shahu Ji Maharaj University,EXACT,False
J.S. University,Uttar Pradesh,Agriculture,"33,500","10,500",8.5,8.5,7.8,8.7,9,8.2,8.6,J.S. University,EXACT,False
"Monad University, Hapur",Uttar Pradesh,Agriculture,"24,500","29,000",8,7.6,7.4,8.5,8,8.2,8.1,"Monad University, Hapur",EXACT,False
Sharda University,Uttar Pradesh,Agriculture,"1,13,300","1,03,000",7.9,7.7,7.6,7.9,8.6,6.9,8.6,Sharda University,EXACT,False
Indian Agricultural Research Institute,Delhi,Agriculture,"43,150","29,250",8.8,9.2,9.6,8.6,9.4,8.1,8.1,Indian Agricultural Research Institute,EXACT,False
Indian Agricultural Statistics Research Institute,Delhi,Agriculture,"8,500","7,550",7.8,8,7.5,7.5,8,8,7.5,Indian Agricultural Statistics Research Institute,EXACT,False
National Dairy Research Institute,Delhi,Agriculture,"15,200","17,800",9,8.8,8.7,9.1,9.4,9.1,8.9,National Dairy Research Institute,EXACT,False
"Jamia Millia Islamia University-[JMI], New Delhi",Delhi,Agriculture,"9,850","13,870",8,8.4,7.6,8.3,8.4,7.2,8.2,Jamia Millia Islamia University-[JMI],EXACT,False
Sardar Vallabh Bhai Patel University of Agriculture,Delhi,Agriculture,"53,000","72,000",5.5,6.3,6,4.5,7.3,4.3,4.7,Sardar Vallabh Bhai Patel University of Agriculture,EXACT,False
Indira Gandhi National Open University,Delhi,Agriculture,"4,200","12,700",7.1,7.7,5.7,8.1,7.3,6.3,7.3,Indira Gandhi National Open University,EXACT,False
Amity Institute of Organic Agriculture,Delhi,Agriculture,"1,10,000","1,00,000",8.5,8.4,8.4,8.8,9.4,7.4,8.8,Amity Institute of Organic Agriculture,EXACT,False
"Kisan Post Graduate College, Ghaziabad",Delhi,Agriculture,--,--,--,--,--,--,--,--,--,"Kisan Post Graduate College, Ghaziabad",EXACT,False
Amity School of Natural Resources and Sustainable,Delhi,Agriculture,"94,000",--,--,--,--,--,--,--,--,Amity School of Natural Resources and Sustainable,EXACT,False
TERI School of Advanced Studies,Delhi,Agriculture,"2,30,000","66,000",7.4,7.4,6.7,7.5,7.7,7.6,7.3,TERI School of Advanced Studies,EXACT,False
Imperial School of Agri Business,Delhi,Agriculture,"81,700",--,--,--,--,--,--,--,--,Imperial School of Agri Business,EXACT,False
Maharshi Dayanand University,Delhi,Agriculture,"11,315","3,084",7.8,8,7.7,8,8.4,6.6,8,Maharshi Dayanand University,EXACT,False
"Amity University, Noida",Delhi,Agriculture,"95,000","1,02,000",8.2,8,7.9,8.1,8.9,7.6,8.7,"Amity University, Noida",EXACT,False
Chaudhary Charan Singh University,Delhi,Agriculture,"43,005","4,795",6.4,6.6,6.1,7.3,6.6,4.9,6.6,Chaudhary Charan Singh University,EXACT,False
"SRM University Delhi NCR, Sonepat",Delhi,Agriculture,"1,86,000",--,7.8,8,7.5,7.9,8.1,7.6,7.9,"SRM University Delhi NCR, Sonepat",EXACT,False
"Monad University, Hapur",Delhi,Agriculture,"24,500","29,000",8,7.6,7.4,8.5,8,8.2,8.1,"Monad University, Hapur",EXACT,False
Sharda University,Delhi,Agriculture,"1,13,300","1,03,000",7.9,7.7,7.6,7.9,8.6,6.9,8.6,Sharda University,EXACT,False
Galgotias University,Delhi,Agriculture,"60,000","60,000",7.6,7.9,6.9,7.9,7.5,7.7,7.8,Galgotias University,EXACT,False
"Starex University, Gurgaon",Delhi,Agriculture,"70,000","25,000",8.8,9.1,9.1,8.7,8.6,8.5,8.7,"Starex University, Gurgaon",EXACT,False
SunRise University,Delhi,Agriculture,"69,200","32,200",8.1,8.1,7.3,8.7,8.1,7.9,8.4,SunRise University,EXACT,False
"Shobhit University, Meerut",Delhi,Agriculture,"1,22,400","56,200",7.8,8.4,7.3,7.8,8.3,7,7.9,"Shobhit University, Meerut",EXACT,False
Modern Vidya Niketan,Delhi,Agriculture,"95,000","1,05,000",7,7.2,6.4,7.7,7,6.8,6.8,Modern Vidya Niketan,EXACT,False
Noida International University,Delhi,Agriculture,"68,000",--,7,7,6.9,7.5,7.3,6.3,6.7,Noida International University,EXACT,False
"KR Mangalam University, Gurgaon",Delhi,Agriculture,"1,20,000",--,7.7,8.1,7.5,7.3,8.6,7.2,7.4,"KR Mangalam University, Gurgaon",EXACT,False
"Amity University, Greater Noida",Delhi,Agriculture,"1,20,000",--,8.1,8.2,7.7,7.9,8.6,8.2,8.1,"Amity University, Greater Noida",EXACT,False
IIMT University,Delhi,Agriculture,"64,000","52,000",7.4,7.4,7.3,7.6,7.5,7.2,7.1,IIMT University,EXACT,False
G D Goenka University,Delhi,Agriculture,"1,55,000","1,29,000",8.2,7.7,8.3,8.3,8.9,7.6,8.4,G D Goenka University,EXACT,False
"Maharishi University of Information Technology -[MUIT], Noida",Delhi,Agriculture,--,--,6.8,7,6.1,7.3,6.8,6.9,6.8,Maharishi University of Information Technology -[MUIT],EXACT,False
Meerut Institute of Technology,Delhi,Agriculture,"48,000",--,7.9,8.1,6.1,8.8,7.2,8.6,8.5,Meerut Institute of Technology,EXACT,False
Vishveshwarya Group of Institutions,Delhi,Agriculture,"61,200",--,6.3,6.8,6.1,6,7.1,5.8,6.1,Vishveshwarya Group of Institutions,EXACT,False
Acharya NG Ranga Agricultural University,Andhra Pradesh,Agriculture,"26,700","29,830",8.4,8.8,8.1,9.4,8.2,7,8.6,Acharya NG Ranga Agricultural University,EXACT,False
Sri Venkateswara Veterinary University,Andhra Pradesh,Agriculture,"6,210","42,195",8.2,8.7,8,8.5,7.8,7.8,8.4,Sri Venkateswara Veterinary University,EXACT,False
"Dr. Y.S.R Horticultural University, Tadepalligudem",Andhra Pradesh,Agriculture,"56,928","68,988",8.2,9,8.3,8.3,8.5,6.9,8.1,Dr. Y.S.R Horticultural University,EXACT,False
S. V. Agricultural College,Andhra Pradesh,Agriculture,"14,400","10,920",8.6,8.8,8.5,8.8,8.5,8.3,8.4,S. V. Agricultural College,EXACT,False
Andhra Loyola College,Andhra Pradesh,Agriculture,--,--,8,8.5,7.4,8.5,8.6,7,8.2,Andhra Loyola College,EXACT,False
K L University,Andhra Pradesh,Agriculture,"2,05,000",--,8.3,8.5,7.6,8.3,8.8,8.3,8.2,K L University,EXACT,False
Acharya Nagarjuna University,Andhra Pradesh,Agriculture,--,--,7.3,7.7,7,7.2,8,5.7,8.2,Acharya Nagarjuna University,EXACT,False
Centurion University of Technology and Management,Andhra Pradesh,Agriculture,"60,000",--,7.8,8,7.2,8.3,7.6,7.4,8.3,Centurion University of Technology and Management,EXACT,False
"Andhra University, College of Science & Technology,",Andhra Pradesh,Agriculture,--,--,8,8.6,6.4,8.8,8.3,7.1,8.7,Andhra University,EXACT,False
"Acharya N. G. Ranga Agricultural University, College",Andhra Pradesh,Agriculture,"23,550","27,800",6.2,6.7,7,5.5,6.7,5.3,6,Acharya N. G. Ranga Agricultural University,EXACT,False
"Besant Theosophical College, Madanapalle",Andhra Pradesh,Agriculture,--,--,8.3,8.5,8.5,8.5,8,8,8.5,"Besant Theosophical College, Madanapalle",EXACT,False
Dantuluri Narayana Raju college,Andhra Pradesh,Agriculture,--,--,8.5,8.5,8.3,8.7,9.2,6.7,9.3,Dantuluri Narayana Raju college,EXACT,False
"Jawahar Bharati Degree & P.G College, Nellore",Andhra Pradesh,Agriculture,--,--,8.8,9.5,9,--,--,--,--,Jawahar Bharati Degree & P.G College,EXACT,False
"Maharajah's College, Vizianagaram",Andhra Pradesh,Agriculture,"23,400",--,7,8,7,7,6,7,7,"Maharajah's College, Vizianagaram",EXACT,False
"Osmania College, Kurnool",Andhra Pradesh,Agriculture,--,--,9.7,--,--,--,--,--,--,"Osmania College, Kurnool",EXACT,False
"Sri Durga Malleswari Siddhartha Mahila Kalasala- [SDMSM],",Andhra Pradesh,Agriculture,--,--,7.1,7.2,6.8,6.5,7.8,6.6,7.5,Sri Durga Malleswari Siddhartha Mahila Kalasala- [SDMSM],EXACT,False
"Visakha Government Degree College for Women, Visakhapatnam",Andhra Pradesh,Agriculture,"10,850",--,--,--,--,--,--,--,--,Visakha Government Degree College for Women,EXACT,False
"Acharya NG Ranga Agricultural University, Agricultural College",Andhra Pradesh,Agriculture,"26,700","27,640",7.7,8.7,7.7,8.4,7,6.7,7.8,Acharya NG Ranga Agricultural University,EXACT,False
Sri Padmavati Mahila Visvavidyalayam,Andhra Pradesh,Agriculture,"16,650",--,7.6,8.3,7.4,7.8,7.5,6.2,8.1,Sri Padmavati Mahila Visvavidyalayam,EXACT,False
"Hindu College, Guntur",Andhra Pradesh,Agriculture,"5,610",--,7.7,8,7,9,8,7.5,6.7,"Hindu College, Guntur",EXACT,False
Andhra University,Andhra Pradesh,Agriculture,"1,22,000",--,7.9,8.3,7.1,8.3,7.9,7.4,8.1,Andhra University,EXACT,False
Sri Krishnadevaraya University,Andhra Pradesh,Agriculture,--,--,6.9,6.9,6.6,7.4,6.7,6.4,7.2,Sri Krishnadevaraya University,EXACT,False
"College of Veterinary Science, Tirupati",Andhra Pradesh,Agriculture,"22,410","42,195",8.3,8.5,8.3,9,9,8,6.8,"College of Veterinary Science, Tirupati",EXACT,False
"Maris Stella College, Vijayawada",Andhra Pradesh,Agriculture,--,--,8.3,8.6,7.8,8.5,8.4,8.1,8.4,"Maris Stella College, Vijayawada",EXACT,False
Indus Institute of Hotel Management,Andhra Pradesh,Agriculture,--,--,--,--,--,--,--,--,--,Indus Institute of Hotel Management,EXACT,False
"Government College (Autonomous), Rajahmundhry",Andhra Pradesh,Agriculture,--,--,9.4,9.5,9,9,--,--,--,Government College (Autonomous),EXACT,False
Bharatiya Engineering Science & Technology Innovation University,Andhra Pradesh,Agriculture,"1,25,000",--,--,--,--,--,--,--,--,Bharatiya Engineering Science & Technology Innovation University,EXACT,False
Indian Institute of Horticultural Research,Karnataka,Agriculture,"8,850",--,8.5,8.7,8.3,8.8,8.7,8.3,8.2,Indian Institute of Horticultural Research,EXACT,False
"Karnataka Veterinary Animal and Fisheries Sciences University,",Karnataka,Agriculture,"46,320","46,788",7.8,8,6,8.3,8,8.2,8.2,Karnataka Veterinary Animal and Fisheries Sciences University,EXACT,False
Indian Institute of Plantation Management,Karnataka,Agriculture,"35,000","75,000",7.4,7.3,6.9,8.3,6.6,7.3,7.9,Indian Institute of Plantation Management,EXACT,False
University of Agricultural Sciences,Karnataka,Agriculture,"21,700","15,500",8.3,8.3,7.8,8.7,8.7,8.2,8.1,University of Agricultural Sciences,EXACT,False
University of Horticultural Sciences,Karnataka,Agriculture,"52,490","39,385",8.4,8.8,7.7,8.5,9,7.8,8.3,University of Horticultural Sciences,EXACT,False
Rai Technology University,Karnataka,Agriculture,"1,50,000",--,8.1,8.2,7.8,8.7,7.3,7.9,8.6,Rai Technology University,EXACT,False
University of Agricultural and Horticultural Sciences,Karnataka,Agriculture,"22,000","21,475",7.2,7.8,7.1,7.4,7.8,5.9,7.4,University of Agricultural and Horticultural Sciences,EXACT,False
University of Agricultural Sciences,Karnataka,Agriculture,"18,900","27,000",8.1,8.4,7.8,8.6,8.7,7,8.3,University of Agricultural Sciences,EXACT,False
BMS College for Women,Karnataka,Agriculture,--,--,8,8.4,6.6,8.5,7.8,8.4,8.4,BMS College for Women,EXACT,False
"JSS College of Arts, Commerce and Science",Karnataka,Agriculture,"11,420",--,7.7,8.5,7.5,8.1,7.9,6.6,7.7,JSS College of Arts,EXACT,False
Sri Siddartha First Grade College,Karnataka,Agriculture,--,--,8.7,--,--,--,--,--,--,Sri Siddartha First Grade College,EXACT,False
"College of Agriculture, Hassan",Karnataka,Agriculture,--,--,7.5,7.9,7.2,8.1,7.5,5.9,8.3,"College of Agriculture, Hassan",EXACT,False
"College of Agriculture, Raichur",Karnataka,Agriculture,--,--,8.7,8.4,8.6,8.7,9.1,7.9,9.4,"College of Agriculture, Raichur",EXACT,False
"MVJ Medical College and Research Hospital, Hoskote",Karnataka,Agriculture,--,--,6.9,7.2,6.4,7.6,6.6,6.8,6.6,MVJ Medical College and Research Hospital,EXACT,False
"Yuvaraja's College, Mysore",Karnataka,Agriculture,"21,150",--,7.3,8.1,6.3,7.9,7.7,6.3,7.7,"Yuvaraja's College, Mysore",EXACT,False
Bangalore University,Karnataka,Agriculture,--,--,7.3,7.6,7.1,7.8,6.6,7,7.7,Bangalore University,EXACT,False
Karnatak University,Karnataka,Agriculture,"4,640",--,7.2,8.3,6.2,7.8,7.9,5.7,7.3,Karnatak University,EXACT,False
University of Mysore,Karnataka,Agriculture,"20,800",--,7.2,8.5,5.8,7.7,7.9,4.7,8.3,University of Mysore,EXACT,False
University of Agricultural Sciences,Karnataka,Agriculture,"21,475","28,925",7.9,8.8,7.5,7.9,8.7,6.2,8.2,University of Agricultural Sciences,EXACT,False
"Karnataka Janapada Vishwavidyalaya, Haveri",Karnataka,Agriculture,"2,500",--,--,--,--,--,--,--,--,Karnataka Janapada Vishwavidyalaya,EXACT,False
Karnataka State Akkamahadevi Women's University,Karnataka,Agriculture,"1,000",--,7.9,7.9,7.8,8.4,8.1,7.1,8.2,Karnataka State Akkamahadevi Women's University,EXACT,False
"Bharathi College, Mandya",Karnataka,Agriculture,--,--,6.6,5,5.5,8,8,6.5,6.5,"Bharathi College, Mandya",EXACT,False
"Maharani's Science College for Women, Mysore",Karnataka,Agriculture,--,--,7,7.5,6.2,7.7,6.7,6,7.7,Maharani's Science College for Women,EXACT,False
"University of Mysore, Institute of Development Studies",Karnataka,Agriculture,"22,920",--,6.5,8,4,8.3,6,5.7,7,University of Mysore,EXACT,False
"Bengaluru Central University, Bangalore",Karnataka,Agriculture,"5,082",--,8.6,8.6,8,8.8,8.4,8.4,9.3,"Bengaluru Central University, Bangalore",EXACT,False
College of Horticulture,Karnataka,Agriculture,--,--,8.3,9,9,8.3,--,--,--,College of Horticulture,EXACT,False
National Institute of Agricultural Extension Management,Telangana,Agriculture,"5,000",--,8.6,8.8,7.8,8.9,8.4,9,8.7,National Institute of Agricultural Extension Management,EXACT,False
"Indian Institute of Oilseeds Research, Hyderabad",Telangana,Agriculture,--,--,8.2,--,--,8.7,--,7.9,7.9,Indian Institute of Oilseeds Research,EXACT,False
Indian Institute of Rice Research,Telangana,Agriculture,"6,000",--,8.7,9,9,8.7,9,8,8.2,Indian Institute of Rice Research,EXACT,False
"Loyola Academy Degree and PG College, Secunderabad",Telangana,Agriculture,"30,000",--,8.1,8.5,7.2,8.4,8.5,7.7,8.4,Loyola Academy Degree and PG College,EXACT,False
Shri Shakti College of Hotel Management,Telangana,Agriculture,--,--,7.8,8,8,8,7,8,7.7,Shri Shakti College of Hotel Management,EXACT,False
Osmania University College for Women,Telangana,Agriculture,--,--,8.2,8,8.4,8.7,8.5,6.5,9,Osmania University College for Women,EXACT,False
Pioneer Institute of Hotel Management,Telangana,Agriculture,"75,000",--,8.1,8.3,7.3,8.7,7.7,8,8.3,Pioneer Institute of Hotel Management,EXACT,False
Regency College of Hotel Management and Catering,Telangana,Agriculture,"78,000",--,8.1,7.6,8,--,--,--,--,Regency College of Hotel Management and Catering,EXACT,False
"SR University, Warangal",Telangana,Agriculture,"2,01,000",--,7.8,8.1,7.2,8.3,7.9,7.7,7.8,"SR University, Warangal",EXACT,False
Integrated Institute of Education Technology,Telangana,Agriculture,--,--,--,--,--,--,--,--,--,Integrated Institute of Education Technology,EXACT,False
"Gesto Culinary & Hospitality Academy, Secunderabad",Telangana,Agriculture,"40,000",--,9.1,9.3,8.3,--,--,--,--,Gesto Culinary & Hospitality Academy,EXACT,False
"R.K. Degree & PG College, Kamareddy",Telangana,Agriculture,"21,100",--,7.8,8.8,6.2,8.3,8.6,7.7,7.4,"R.K. Degree & PG College, Kamareddy",EXACT,False
Professor Jayashankar Telangana State Agricultural University,Telangana,Agriculture,"46,370","45,170",7.8,8.3,7.1,8.5,7.8,7.3,7.9,Professor Jayashankar Telangana State Agricultural University,EXACT,False
P. V. Narsimha Rao Telangana Veterinary University,Telangana,Agriculture,--,--,9.1,9.3,8.5,9.6,8.8,8.7,9.4,P. V. Narsimha Rao Telangana Veterinary University,EXACT,False
John Bauer College of Hotel Management and,Telangana,Agriculture,"50,000",--,--,--,--,--,--,--,--,John Bauer College of Hotel Management and,EXACT,False
"Trinity College of Hotel Management, Hyderabad",Telangana,Agriculture,--,--,8.8,8,9,8,9,9,--,Trinity College of Hotel Management,EXACT,False
Sri Konda Laxman Telangana State Horticultural University,Telangana,Agriculture,"14,480",--,7.9,8,8.3,8,7.5,7.5,8.3,Sri Konda Laxman Telangana State Horticultural University,EXACT,False
"Sarada College of Hotel Management-[SCHM], Hyderabad",Telangana,Agriculture,--,--,7.8,7.7,8,7.7,7.7,8,7.7,Sarada College of Hotel Management-[SCHM],EXACT,False
"Westin College of Hotel Management, Hyderabad",Telangana,Agriculture,--,--,8.9,9.3,8.9,8.9,8.7,8.8,8.9,Westin College of Hotel Management,EXACT,False
Global Institute of Hotel Management,Telangana,Agriculture,"55,000",--,9.2,9.5,9,9.5,9,9,9,Global Institute of Hotel Management,EXACT,False
Malla Reddy University,Telangana,Agriculture,"1,20,000",--,--,--,--,--,--,--,--,Malla Reddy University,EXACT,False
"Central Institute of Agricultural Engineering- [CIAE], Bhopal",Madhya Pradesh,Agriculture,--,--,--,--,--,--,--,--,--,Central Institute of Agricultural Engineering- [CIAE],EXACT,False
Jawaharlal Nehru Krishi Vishwa Vidyalaya,Madhya Pradesh,Agriculture,"49,411","36,752",7.9,8.2,7.5,8.7,7.7,7,8.4,Jawaharlal Nehru Krishi Vishwa Vidyalaya,EXACT,False
"RKDF University, Bhopal",Madhya Pradesh,Agriculture,"60,000","1,50,000",7.6,8,7,7.8,8,6.5,8.2,"RKDF University, Bhopal",EXACT,False
Rajmata Vijayaraje Scindia Krishi Vishwa Vidyalaya,Madhya Pradesh,Agriculture,"27,620","20,795",8.2,9,7,8.5,8,8,8.6,Rajmata Vijayaraje Scindia Krishi Vishwa Vidyalaya,EXACT,False
Rabindranath Tagore University,Madhya Pradesh,Agriculture,"55,000","55,000",7.7,8,7.4,7.8,8.6,6.4,7.8,Rabindranath Tagore University,EXACT,False
Barkatullah University,Madhya Pradesh,Agriculture,--,--,6.9,7.3,6.1,7.4,6.9,6,7.5,Barkatullah University,EXACT,False
Atal Bihari Vajpayee Hindi Vishwavidyalaya,Madhya Pradesh,Agriculture,"6,600",--,7.7,8.3,6.3,8.7,7.3,7.8,7.9,Atal Bihari Vajpayee Hindi Vishwavidyalaya,EXACT,False
Madhya Pradesh Bhoj (Open) University,Madhya Pradesh,Agriculture,"10,380",--,7.8,8.6,7.4,8.7,7.5,7.6,7.2,Madhya Pradesh Bhoj (Open) University,EXACT,False
LNCT University,Madhya Pradesh,Agriculture,"60,000",--,9,9,8.8,9.3,8.8,8.9,8.9,LNCT University,EXACT,False
"SAGE University, Bhopal",Madhya Pradesh,Agriculture,"95,000",--,8.7,8.8,8.4,8.8,8.7,8.7,8.9,"SAGE University, Bhopal",EXACT,False
"SAGE University, Indore",Madhya Pradesh,Agriculture,"85,000",--,8.7,8.7,7.9,8.8,9.2,8.5,9,"SAGE University, Indore",EXACT,False
Sardar Patel University,Madhya Pradesh,Agriculture,"61,500","68,300",7.9,7.9,7.4,8.4,8,7.7,8,Sardar Patel University,EXACT,False
Oriental University,Madhya Pradesh,Agriculture,"50,000",--,7.2,7.5,6.7,7.2,7.7,7.1,7.1,Oriental University,EXACT,False
Shri Krishna University,Madhya Pradesh,Agriculture,"1,06,000","94,000",8.1,8.1,7.4,8.3,8.5,8,8,Shri Krishna University,EXACT,False
AKS University,Madhya Pradesh,Agriculture,"59,000","54,000",7.3,7.8,5.9,8.2,7.6,6.9,7.4,AKS University,EXACT,False
"ITM University, Gwalior",Madhya Pradesh,Agriculture,"1,30,000","85,000",7.6,7.9,7,7.6,8.1,7.2,8,"ITM University, Gwalior",EXACT,False
"Medi-Caps University, Indore",Madhya Pradesh,Agriculture,"85,000",--,7.4,7.6,6.3,7.5,7.9,7.4,7.6,"Medi-Caps University, Indore",EXACT,False
"Swami Vivekanand University, Sagar",Madhya Pradesh,Agriculture,"54,500","59,500",6.3,6.9,5,7,6.4,5.6,6.6,"Swami Vivekanand University, Sagar",EXACT,False
Pioneer Institute of Professional Studies,Madhya Pradesh,Agriculture,"31,500",--,7,7.5,5.9,8.6,6.8,5.4,7.6,Pioneer Institute of Professional Studies,EXACT,False
Bhabha University,Madhya Pradesh,Agriculture,"43,000","55,000",9,9.4,8.8,9,9.3,8.7,8.9,Bhabha University,EXACT,False
Sarvepalli Radhakrishnan University,Madhya Pradesh,Agriculture,"73,000","17,000",7.4,7.9,6.3,7.8,7.1,7.4,8.1,Sarvepalli Radhakrishnan University,EXACT,False
"Renaissance University, Indore",Madhya Pradesh,Agriculture,"60,000","58,000",8.9,9,8.9,9,9.1,9,8.4,"Renaissance University, Indore",EXACT,False
Madhyanchal Professional University,Madhya Pradesh,Agriculture,"50,000",--,6.5,7,5.6,7.2,6.8,5.4,6.8,Madhyanchal Professional University,EXACT,False
"IES University, Bhopal",Madhya Pradesh,Agriculture,"60,000",--,7.3,8,4,8.1,7,7.9,9,"IES University, Bhopal",EXACT,False
P.K. University,Madhya Pradesh,Agriculture,"45,400","40,000",9.3,--,--,--,--,--,--,P.K. University,EXACT,False
"Mansarovar Group of Institutions, Bhopal",Madhya Pradesh,Agriculture,--,--,--,--,--,--,--,--,--,"Mansarovar Group of Institutions, Bhopal",EXACT,False
Dr. C.V. Raman University,Madhya Pradesh,Agriculture,"70,000",--,--,--,--,--,--,--,--,Dr. C.V. Raman University,EXACT,False
"Medi-Caps Institute Of Science & Technology- [MIST],",Madhya Pradesh,Agriculture,--,--,6.3,8,6,5,8,6,5,Medi-Caps Institute Of Science & Technology- [MIST],EXACT,False
Central India Institute of Management Studies,Madhya Pradesh,Agriculture,"11,500",--,--,--,--,--,--,--,--,Central India Institute of Management Studies,EXACT,False
Cochin University of Science and Technology,Kerala,Agriculture,"16,815","8,525",7.9,8.4,7.5,7.8,7.8,7.7,8.1,Cochin University of Science and Technology,EXACT,False
Kerala Veterinary and Animal Sciences University,Kerala,Agriculture,"1,08,350","67,650",8.1,8.7,7,8.4,8,8.2,8,Kerala Veterinary and Animal Sciences University,EXACT,False
"Kerala Agricultural University, College of Horticulture Vellanikkara,",Kerala,Agriculture,--,--,9.3,9.2,9.5,9.4,9.3,8.7,9.6,Kerala Agricultural University,EXACT,False
Kerala University of Fisheries and Ocean Studies,Kerala,Agriculture,"80,050",--,7.6,7.9,7.7,7.9,7.2,7,7.9,Kerala University of Fisheries and Ocean Studies,EXACT,False
"Kerala Agricultural University, College of Forestry Vellanikkara",Kerala,Agriculture,--,--,6.3,6,8.5,6,5.5,4,7.5,Kerala Agricultural University,EXACT,False
Kerala Agricultural University,Kerala,Agriculture,"19,600","30,700",7.4,7.3,6.4,8.5,7.3,7.2,7.8,Kerala Agricultural University,EXACT,False
"KVASU, College of Veterinary and Animal Sciences",Kerala,Agriculture,"46,200","54,100",8.4,8.9,8.4,8.5,8.1,7.9,8.4,KVASU,EXACT,False
"Kerala Agricultural University, College of Agriculture Padanakkad,",Kerala,Agriculture,--,--,8.7,9,9.3,9.5,7.3,8,9,Kerala Agricultural University,EXACT,False
Mahatma Gandhi University,Kerala,Agriculture,"5,100","8,100",7.7,8,7.5,8,8,6.2,8.2,Mahatma Gandhi University,EXACT,False
Calicut University,Kerala,Agriculture,"2,460",--,7,7.5,6.2,7.5,7.4,5.4,7.9,Calicut University,EXACT,False
"Christ College Irinjalakuda, Thrissur",Kerala,Agriculture,--,--,8,8.3,7.7,8.2,8.4,7.2,8.3,"Christ College Irinjalakuda, Thrissur",EXACT,False
School of Industrial Fisheries,Kerala,Agriculture,"16,815",--,--,--,--,--,--,--,--,School of Industrial Fisheries,EXACT,False
"Christian College, Chengannur",Kerala,Agriculture,--,--,8,8.8,7.5,8.3,9,6.3,8.3,"Christian College, Chengannur",EXACT,False
Deva Matha College,Kerala,Agriculture,--,--,7.8,8.8,7.5,8.3,8,7.1,6.9,Deva Matha College,EXACT,False
"NSS College, Manjeri",Kerala,Agriculture,"3,720",--,7.6,8.9,6,8.5,7.5,6.4,8.1,"NSS College, Manjeri",EXACT,False
Nehru Arts and Science College,Kerala,Agriculture,--,--,5.2,6,5,8,4,1,7,Nehru Arts and Science College,EXACT,False
"Nirmala College, Muvattupuzha",Kerala,Agriculture,--,--,8.1,8.7,7.6,8.6,8.3,6.8,8.4,"Nirmala College, Muvattupuzha",EXACT,False
Pazhassi Raja NSS College,Kerala,Agriculture,"7,385",--,8.8,9,9,--,--,--,--,Pazhassi Raja NSS College,EXACT,False
"St. Xavier's College for Women, Aluva",Kerala,Agriculture,--,--,8.4,8.3,8,9,8.2,8.3,8.8,"St. Xavier's College for Women, Aluva",EXACT,False
Thunchan Memorial Government College,Kerala,Agriculture,--,--,7.7,8.3,7.5,8,8,6.3,8.3,Thunchan Memorial Government College,EXACT,False
"Kerala Agricultural University, College of Agriculture Vellayani,",Kerala,Agriculture,"23,900","33,500",7.4,8.1,6.8,7.8,7.6,6,8.1,Kerala Agricultural University,EXACT,False
"KVASU, College of Veterinary and Animal Sciences",Kerala,Agriculture,"1,52,350","54,100",--,--,--,--,--,--,--,KVASU,EXACT,False
Holy Cross College of Management and Technology,Kerala,Agriculture,"5,500",--,8,9,8,9,7,8,7,Holy Cross College of Management and Technology,EXACT,False
Kannur University,Kerala,Agriculture,"24,645",--,6.1,6.3,5.5,6.9,6.7,5,5.9,Kannur University,EXACT,False
Kerala University,Kerala,Agriculture,--,--,6.3,7.5,4.8,7.2,6.6,5.1,6.3,Kerala University,EXACT,False
"Kerala Veterinary and Animal Sciences University, Distance",Kerala,Agriculture,"46,200","54,100",10,--,--,--,--,--,--,Kerala Veterinary and Animal Sciences University,EXACT,False
"Kerala Agricultural University, College of Co-Operation, Banking",Kerala,Agriculture,--,--,6,8,7,6,6,2,7,Kerala Agricultural University,EXACT,False
"St Mary's College, Thrissur",Kerala,Agriculture,--,--,7.4,8.1,6.6,7.9,7.7,6.7,7.5,"St Mary's College, Thrissur",EXACT,False
"College of Food Technology, Kerala Veterinary And",Kerala,Agriculture,"1,08,350","67,150",--,--,--,--,--,--,--,College of Food Technology,EXACT,False
"Banasthali Vidyapith, Jaipur",Rajasthan,Agriculture,"1,63,500",--,8.5,8.8,8.2,8.9,8.6,7.9,8.8,"Banasthali Vidyapith, Jaipur",EXACT,False
College of Veterinary and Animal Sciences,Rajasthan,Agriculture,"15,740",--,7.8,8.4,7.5,7.7,8.2,7.8,7.3,College of Veterinary and Animal Sciences,EXACT,False
Mahatma Jyoti Rao Phoole University,Rajasthan,Agriculture,"82,500","42,500",6.8,6.9,6.2,7.4,7.7,6.4,6.4,Mahatma Jyoti Rao Phoole University,EXACT,False
College of Veterinary and Animal Sciences,Rajasthan,Agriculture,"15,740","16,000",8.8,9,8,9,8.5,8.5,9.5,College of Veterinary and Animal Sciences,EXACT,False
Mewar University,Rajasthan,Agriculture,"58,000","60,000",8,7.9,7.1,8.1,8.8,7.3,8.6,Mewar University,EXACT,False
"Swami Keshwanand Rajasthan Agricultural University, Bikaner",Rajasthan,Agriculture,"16,000","20,000",8.1,8.4,7.6,8.5,7.6,7.7,8.5,Swami Keshwanand Rajasthan Agricultural University,EXACT,False
"National Research Centre Seed Spices, Ajmer",Rajasthan,Agriculture,--,--,--,--,--,--,--,--,--,National Research Centre Seed Spices,EXACT,False
"National Research Centre on Camel, Bikaner",Rajasthan,Agriculture,--,--,--,--,--,--,--,--,--,National Research Centre on Camel,EXACT,False
"Jagannath University, Jaipur",Rajasthan,Agriculture,"70,000","27,000",7.3,7.1,6.7,7.9,7.7,6.9,7.4,"Jagannath University, Jaipur",EXACT,False
Central Institute for Arid Horticulture,Rajasthan,Agriculture,--,--,--,--,--,--,--,--,--,Central Institute for Arid Horticulture,EXACT,False
"Directorate of Rapeseed Mustard Research, Bharatpur",Rajasthan,Agriculture,--,--,--,--,--,--,--,--,--,Directorate of Rapeseed Mustard Research,EXACT,False
"SKN College of Agriculture, Jaipur",Rajasthan,Agriculture,"53,790","72,010",8.4,9.3,8.3,8.8,8.3,8.3,7.5,"SKN College of Agriculture, Jaipur",EXACT,False
Institute of Hotel Management and Catering,Rajasthan,Agriculture,"60,000",--,8.4,8.5,8.5,8.5,7.5,8.8,8.8,Institute of Hotel Management and Catering,EXACT,False
Madhav University,Rajasthan,Agriculture,"50,000","75,000",7.8,7.9,7.5,8.2,7.9,7.3,7.8,Madhav University,EXACT,False
Janardan Rai Nagar Rajasthan Vidyapeeth University,Rajasthan,Agriculture,"55,000",--,7.8,8.3,7.5,8.3,7.9,7.3,7.5,Janardan Rai Nagar Rajasthan Vidyapeeth University,EXACT,False
Career Point University,Rajasthan,Agriculture,"70,000","76,000",8.3,8.4,7.9,8.4,8.4,7.6,8.9,Career Point University,EXACT,False
Institute of Agri Business Management,Rajasthan,Agriculture,"88,000",--,7.8,8.3,7.8,8.3,8.3,6.8,7.5,Institute of Agri Business Management,EXACT,False
"Singhania University, Jhunjhunu",Rajasthan,Agriculture,"12,000","22,000",7.1,7.1,6.7,7.1,7.1,7,7.3,"Singhania University, Jhunjhunu",EXACT,False
"Kanoria PG Mahila Mahavidyalaya, Jaipur",Rajasthan,Agriculture,"2,000",--,7.7,8,7.9,7.8,8.3,5.8,8.2,"Kanoria PG Mahila Mahavidyalaya, Jaipur",EXACT,False
Jaipur National University,Rajasthan,Agriculture,"79,000",--,7.5,7.9,7,7.7,7.8,6.7,7.6,Jaipur National University,EXACT,False
"Tantia University, Sriganganagar",Rajasthan,Agriculture,"65,000","50,000",8.6,8.8,8.4,9.3,8.8,7.1,9.1,"Tantia University, Sriganganagar",EXACT,False
JECRC University,Rajasthan,Agriculture,"90,000",--,8.1,8.1,7.4,8.2,8.2,8.1,8.7,JECRC University,EXACT,False
SunRise University,Rajasthan,Agriculture,"69,200","32,200",8.1,8.1,7.3,8.7,8.1,7.9,8.4,SunRise University,EXACT,False
"OPJS University, Churu",Rajasthan,Agriculture,"30,000","13,200",7.2,7.1,7.6,7.6,7.7,6.3,6.8,"OPJS University, Churu",EXACT,False
"Mody University, Sikar",Rajasthan,Agriculture,"1,84,000",--,8.3,8.3,8.5,8,9,7.9,8.2,"Mody University, Sikar",EXACT,False
Institute of Advanced Studies in Education,Rajasthan,Agriculture,"55,000",--,8.2,8.9,8,8.3,8.4,7.5,7.9,Institute of Advanced Studies in Education,EXACT,False
Jayoti Vidyapeeth Women's University,Rajasthan,Agriculture,"50,000",--,7.6,7.7,8.4,7.9,7.7,6.4,7.4,Jayoti Vidyapeeth Women's University,EXACT,False
RNB Global University,Rajasthan,Agriculture,"70,000","70,000",7.7,8.1,7.3,7.6,8.1,7.4,7.8,RNB Global University,EXACT,False
"Apex University, Jaipur",Rajasthan,Agriculture,"50,000","60,000",8.7,8.9,8.9,8.6,8.7,8.5,8.7,"Apex University, Jaipur",EXACT,False
Suresh Gyan Vihar University,Rajasthan,Agriculture,"90,000","1,20,000",7.5,7.8,6.7,7.5,8.8,6.3,8,Suresh Gyan Vihar University,EXACT,False
National Dairy Research Institute,Haryana,Agriculture,"15,200","17,800",9,8.8,8.7,9.1,9.4,9.1,8.9,National Dairy Research Institute,EXACT,False
Panjab University,Haryana,Agriculture,"34,923",--,7.7,8.2,7.7,8,7.7,6.5,8.2,Panjab University,EXACT,False
Maharshi Dayanand University,Haryana,Agriculture,"11,315","3,084",7.8,8,7.7,8,8.4,6.6,8,Maharshi Dayanand University,EXACT,False
Chandigarh University,Haryana,Agriculture,"1,70,000",--,8.6,8.6,8.2,8.4,9,8.6,8.8,Chandigarh University,EXACT,False
Kurukshetra University,Haryana,Agriculture,"5,898",--,7.5,8.1,7,8,7.7,6.5,7.7,Kurukshetra University,EXACT,False
"SRM University Delhi NCR, Sonepat",Haryana,Agriculture,"1,86,000",--,7.8,8,7.5,7.9,8.1,7.6,7.9,"SRM University Delhi NCR, Sonepat",EXACT,False
"PDM University, Bahadurgarh, Bahadurgarh",Haryana,Agriculture,"1,04,200","1,35,000",7.4,7.1,7.6,7.4,7.5,7.1,7.7,"PDM University, Bahadurgarh, Bahadurgarh",EXACT,False
"Starex University, Gurgaon",Haryana,Agriculture,"70,000","25,000",8.8,9.1,9.1,8.7,8.6,8.5,8.7,"Starex University, Gurgaon",EXACT,False
Modern Vidya Niketan,Haryana,Agriculture,"95,000","1,05,000",7,7.2,6.4,7.7,7,6.8,6.8,Modern Vidya Niketan,EXACT,False
"KR Mangalam University, Gurgaon",Haryana,Agriculture,"1,20,000",--,7.7,8.1,7.5,7.3,8.6,7.2,7.4,"KR Mangalam University, Gurgaon",EXACT,False
"NIILM University, Kaithal",Haryana,Agriculture,"32,000","70,000",8.1,8.6,7.9,8.5,7.9,7.8,8.1,"NIILM University, Kaithal",EXACT,False
G D Goenka University,Haryana,Agriculture,"1,55,000","1,29,000",8.2,7.7,8.3,8.3,8.9,7.6,8.4,G D Goenka University,EXACT,False
"Jagannath University, Bahadurgarh",Haryana,Agriculture,"75,000",--,8,8.3,8,7.8,8.7,7.4,7.9,"Jagannath University, Bahadurgarh",EXACT,False
"SGT University, Gurgaon",Haryana,Agriculture,"1,62,500","1,62,500",8,8,7.6,8.1,8.4,7.5,8.1,"SGT University, Gurgaon",EXACT,False
Geeta Group of Institutions,Haryana,Agriculture,"30,000",--,9.2,9.4,8.8,9.3,9.4,9.2,9.3,Geeta Group of Institutions,EXACT,False
"Guru Nanak Girls College, Yamuna Nagar",Haryana,Agriculture,--,--,7.3,7,8,7,6,8,8,"Guru Nanak Girls College, Yamuna Nagar",EXACT,False
"College of Veterinary Sciences, Hisar",Haryana,Agriculture,"65,570",--,7.7,8,8,8,8,7,7,"College of Veterinary Sciences, Hisar",EXACT,False
National Research Centre on Equines,Haryana,Agriculture,--,--,--,--,--,--,--,--,--,National Research Centre on Equines,EXACT,False
Chaudhary Charan Singh Haryana Agricultural University,Haryana,Agriculture,"14,205","15,061",8.6,8.9,8.3,8.5,8.9,7.9,8.8,Chaudhary Charan Singh Haryana Agricultural University,EXACT,False
Lala Lajpat Rai University of Veterinary and,Haryana,Agriculture,"65,570",--,8,8.7,7,8.8,8.3,7.8,7.6,Lala Lajpat Rai University of Veterinary and,EXACT,False
Maharishi Markandeshwar sadopur Campus,Haryana,Agriculture,"71,500","71,500",6.6,6,5.2,6.3,7,7,8.2,Maharishi Markandeshwar sadopur Campus,EXACT,False
Maharana Pratap Horticultural University,Haryana,Agriculture,--,--,8.3,--,--,8.6,--,7.8,8.5,Maharana Pratap Horticultural University,EXACT,False
Guru Nanak Khalsa Institute of Technology and,Haryana,Agriculture,--,--,--,--,--,--,--,--,--,Guru Nanak Khalsa Institute of Technology and,EXACT,False
Om Sterling Global University,Haryana,Agriculture,"65,000","70,000",--,--,--,--,--,--,--,Om Sterling Global University,EXACT,False
"Government Industrial Training Institute Gudha, Jhajjar",Haryana,Agriculture,460,--,--,--,--,--,--,--,--,Government Industrial Training Institute Gudha,EXACT,False
Swami Vivekanand Group Of Institutes,Haryana,Agriculture,"70,000",--,8.5,9,7.8,--,9,8.1,--,Swami Vivekanand Group Of Institutes,EXACT,False
"Junagadh Agricultural University, Junagadh",Gujarat,Agriculture,"29,190","39,140",7.9,8,7.9,7.7,8.2,6.9,8.6,Junagadh Agricultural University,EXACT,False
Anand Agricultural University,Gujarat,Agriculture,"27,400","2,020",8.3,9,7.8,8.4,9.1,7.7,7.9,Anand Agricultural University,EXACT,False
Sardarkrushinagar Dantiwada Agricultural University,Gujarat,Agriculture,"26,370","50,880",8.3,8.3,8.3,8.6,8.1,8.1,8.5,Sardarkrushinagar Dantiwada Agricultural University,EXACT,False
Rai University,Gujarat,Agriculture,"1,10,600",--,7.1,7.2,7.1,7,6.9,6.8,7.7,Rai University,EXACT,False
"BA College of Agriculture, Anand",Gujarat,Agriculture,"1,10,000",--,8.1,8.5,8,8.2,8.4,7.5,8.2,"BA College of Agriculture, Anand",EXACT,False
"Navsari Agricultural University, Navsari",Gujarat,Agriculture,"45,100","42,900",8,8.3,7.4,8.4,7.8,7.8,8.2,"Navsari Agricultural University, Navsari",EXACT,False
Gujarat Vidyapith,Gujarat,Agriculture,--,--,8.4,9,7.9,9.1,8.4,7.6,8.1,Gujarat Vidyapith,EXACT,False
Asia Pacific Institute of Management,Gujarat,Agriculture,"90,000",--,6.8,7.7,6,7.3,6.3,6.3,7.3,Asia Pacific Institute of Management,EXACT,False
Marwadi University,Gujarat,Agriculture,"75,000",--,8.3,8.2,8.3,8.2,9.1,7.7,8.2,Marwadi University,EXACT,False
RK University,Gujarat,Agriculture,"61,000","1,00,000",8.5,9,7.9,8.6,9,7.8,8.5,RK University,EXACT,False
Gokul Global University,Gujarat,Agriculture,"20,000","16,000",8.5,9,7,9.3,8.7,8,8.7,Gokul Global University,EXACT,False
Parul Institute of Engineering and Technology,Gujarat,Agriculture,"45,150",--,7.9,7.8,7.3,7.9,8.5,7.3,8.6,Parul Institute of Engineering and Technology,EXACT,False
Noble Group of Institution,Gujarat,Agriculture,"35,250",--,8.4,8.8,8,8.8,9.2,6.8,8.5,Noble Group of Institution,EXACT,False
"Lords Institute of Management, Surat",Gujarat,Agriculture,"71,980","80,358",7.3,--,--,8,--,7,7,"Lords Institute of Management, Surat",EXACT,False
Cambay Institute of Hospitality Management,Gujarat,Agriculture,"1,10,000",--,--,--,--,--,--,--,--,Cambay Institute of Hospitality Management,EXACT,False
"Swarrnim Startup & Innovation University, Gandhi Nagar",Gujarat,Agriculture,"70,000",--,6.5,7,6,6.6,6.5,5.6,7.4,Swarrnim Startup & Innovation University,EXACT,False
Parul Institute of Technology,Gujarat,Agriculture,"50,000",--,7.9,7.9,6.9,8,8.6,7.7,8.2,Parul Institute of Technology,EXACT,False
"Shri Saraswati Gramvidyapith, Patan",Gujarat,Agriculture,--,--,--,--,--,--,--,--,--,"Shri Saraswati Gramvidyapith, Patan",EXACT,False
"College of Veterinary Science and Animal Husbandry,",Gujarat,Agriculture,--,--,8.3,8.5,8,8.5,8,8,8.5,College of Veterinary Science and Animal Husbandry,EXACT,False
"AIMS College of Management and Technology, Anand",Gujarat,Agriculture,--,--,--,--,--,--,--,--,--,AIMS College of Management and Technology,EXACT,False
"Gujarat Institute of Hotel Management, Vadodara",Gujarat,Agriculture,--,--,7.2,6.8,6.3,8.5,6.8,7.8,7,Gujarat Institute of Hotel Management,EXACT,False
"Maharaja Krishnakumarsinhji Bhavnagar University, Bhavnagar",Gujarat,Agriculture,"21,450","16,450",8.6,8.6,7.9,9.3,9.1,7.6,9,Maharaja Krishnakumarsinhji Bhavnagar University,EXACT,False
Hemchandracharya North Gujarat University,Gujarat,Agriculture,--,--,7.9,8.8,5.5,8.2,8.5,7.6,8.5,Hemchandracharya North Gujarat University,EXACT,False
"Saurashtra University, Rajkot",Gujarat,Agriculture,--,--,7.2,7.8,5.3,8,7.5,6.7,7.7,"Saurashtra University, Rajkot",EXACT,False
Veer Narmad South Gujarat University,Gujarat,Agriculture,"8,830","6,220",7.3,7.8,6.3,7.7,7.5,6.6,7.7,Veer Narmad South Gujarat University,EXACT,False
College of Veterinary Science & Animal Husbandry,Gujarat,Agriculture,"39,140",--,8.6,8.5,8.5,8.5,9.5,9,7.5,College of Veterinary Science & Animal Husbandry,EXACT,False
"School of Agriculture, Rai University",Gujarat,Agriculture,"1,10,600",--,--,--,--,--,--,--,--,"School of Agriculture, Rai University",EXACT,False
"Faculty of Animal Husbandry, Noble Group of",Gujarat,Agriculture,"35,250",--,--,--,--,--,--,--,--,Faculty of Animal Husbandry,EXACT,False
"Kamdhenu University, Gandhi Nagar",Gujarat,Agriculture,--,--,8.1,8.3,7.7,8.3,8.3,7.9,8,"Kamdhenu University, Gandhi Nagar",EXACT,False
Punjab Agricultural University,Punjab,Agriculture,"70,770","77,470",7.8,8.5,7.5,8.1,8.5,6,8.1,Punjab Agricultural University,EXACT,False
"Khalsa College, Amritsar",Punjab,Agriculture,"72,740","89,740",7.9,8.3,7.7,7.9,8.3,6.5,8.4,"Khalsa College, Amritsar",EXACT,False
"RIMT University, Gobindgarh",Punjab,Agriculture,"1,14,800","1,14,800",7.6,7.9,7.3,7.8,8,6.7,7.8,"RIMT University, Gobindgarh",EXACT,False
Guru Angad Dev Veterinary and Animal Sciences,Punjab,Agriculture,"1,37,855","1,45,655",8.6,8.6,8.3,9,8.6,8.3,8.6,Guru Angad Dev Veterinary and Animal Sciences,EXACT,False
Panjab University,Punjab,Agriculture,"34,923",--,7.7,8.2,7.7,8,7.7,6.5,8.2,Panjab University,EXACT,False
Chandigarh University,Punjab,Agriculture,"1,70,000",--,8.6,8.6,8.2,8.4,9,8.6,8.8,Chandigarh University,EXACT,False
"CT Institute of Hotel Management, Jalandhar",Punjab,Agriculture,"60,000",--,5.3,6,5,5,6,3,7,CT Institute of Hotel Management,EXACT,False
Desh Bhagat Institute of Hotel Management &,Punjab,Agriculture,--,--,7.8,8,8,7,9,7,8,Desh Bhagat Institute of Hotel Management &,EXACT,False
Punjab Institute of Management and Technology,Punjab,Agriculture,"50,850",--,8.9,9.4,8.4,9.4,8.8,8.6,8.6,Punjab Institute of Management and Technology,EXACT,False
Kanya Mahavidyalaya,Punjab,Agriculture,--,--,9.8,9.8,9.7,9.8,9.7,9.6,9.9,Kanya Mahavidyalaya,EXACT,False
"RIMT College of Architecture, Fatehgarh Sahib",Punjab,Agriculture,--,--,5.6,6,7,6,6.5,3,5,RIMT College of Architecture,EXACT,False
"Guru Kashi University, Bathinda",Punjab,Agriculture,"38,400",--,7.5,7.4,7.2,8,7.2,7.2,7.8,"Guru Kashi University, Bathinda",EXACT,False
"DAV University, Jalandhar",Punjab,Agriculture,"75,000","95,000",7.9,8.4,7,8.4,7,8,8.5,"DAV University, Jalandhar",EXACT,False
Sant Baba Bhag Singh University,Punjab,Agriculture,"49,250","82,500",8.5,9,8.2,8.6,8,8.5,8.6,Sant Baba Bhag Singh University,EXACT,False
"Rayat Bahra University, Mohali",Punjab,Agriculture,"70,000","40,000",7.7,7.8,7.4,8,7.7,7.4,7.6,"Rayat Bahra University, Mohali",EXACT,False
Sri Guru Granth Sahib World University,Punjab,Agriculture,"52,000","80,000",8.8,8.6,9,9,9.1,8.4,8.7,Sri Guru Granth Sahib World University,EXACT,False
Global Institute of Management,Punjab,Agriculture,"50,850",--,--,--,--,--,--,--,--,Global Institute of Management,EXACT,False
"Global Institute, Amritsar",Punjab,Agriculture,"2,05,000",--,8.3,8,8.2,8.7,8.8,7.9,8.3,"Global Institute, Amritsar",EXACT,False
CT University,Punjab,Agriculture,"1,18,700","1,04,700",8.8,8.9,8.5,8.7,9.3,8.8,8.5,CT University,EXACT,False
"Maharaja Ranjit Singh Punjab Technical University, Bathinda",Punjab,Agriculture,--,--,8.2,8.6,7.8,8.4,8.2,8.1,8.2,Maharaja Ranjit Singh Punjab Technical University,EXACT,False
"PCTE Group of Institutes, Ludhiana",Punjab,Agriculture,"57,250",--,7.7,8,7.2,8,8,6.8,8.3,"PCTE Group of Institutes, Ludhiana",EXACT,False
Amritsar Group of Colleges,Punjab,Agriculture,"3,16,089",--,8.8,8.7,8.9,9,8.8,8.6,9,Amritsar Group of Colleges,EXACT,False
"CT Group of Institutions, Jalandhar",Punjab,Agriculture,"47,700",--,7.6,7.5,7,8.2,7.5,7.9,7.4,"CT Group of Institutions, Jalandhar",EXACT,False
"Aryans Group of Colleges, Rajpura",Punjab,Agriculture,"1,10,000","51,000",7.5,7.6,7,7.9,7.6,7.3,7.6,"Aryans Group of Colleges, Rajpura",EXACT,False
Doaba Group of Colleges,Punjab,Agriculture,--,--,5.8,5.8,5.5,6.5,6,5.8,5.3,Doaba Group of Colleges,EXACT,False
"Rayat Bahra Hoshiarpur Campus, Hoshiarpur",Punjab,Agriculture,"50,000","40,000",8.9,9.2,8.5,9.2,8.3,8.8,9.1,Rayat Bahra Hoshiarpur Campus,EXACT,False
Akal University,Punjab,Agriculture,"88,000",--,7.7,8.3,7,8,7.8,7.3,7.5,Akal University,EXACT,False
"Modern Group Of Colleges- [MGC], Hoshiarpur",Punjab,Agriculture,"1,41,989",--,8.2,9,8,8,9,7,8,Modern Group Of Colleges- [MGC],EXACT,False
"University of Calcutta, Kolkata",West Bengal,Agriculture,"13,114",--,7.7,8.6,6.9,8.5,7.7,6.5,7.7,"University of Calcutta, Kolkata",EXACT,False
Uttar Banga Krishi Vishwavidyalaya,West Bengal,Agriculture,"4,000","6,000",7.3,7.9,6.6,8,7.3,5.5,8.2,Uttar Banga Krishi Vishwavidyalaya,EXACT,False
Bidhan Chandra Krishi Viswavidyalaya,West Bengal,Agriculture,"10,580","12,220",8.3,8.8,8.6,8.7,8,6.7,8.7,Bidhan Chandra Krishi Viswavidyalaya,EXACT,False
Sister Nivedita University,West Bengal,Agriculture,"1,16,000",--,8.2,8.2,7.6,8.9,7.9,7.8,8.7,Sister Nivedita University,EXACT,False
"Brainware University, Kolkata",West Bengal,Agriculture,"3,79,600",--,7.9,8.3,7.6,7.9,8.2,7.8,7.3,"Brainware University, Kolkata",EXACT,False
Seacom Skills University,West Bengal,Agriculture,"60,000","70,000",7.5,8.4,6.4,8.9,7.4,6.7,7.3,Seacom Skills University,EXACT,False
The Neotia University,West Bengal,Agriculture,"1,32,000","80,000",8.2,8.7,7.5,8.5,8.2,7.8,8.6,The Neotia University,EXACT,False
Ghani Khan Choudhury Institute Of Engineering and,West Bengal,Agriculture,--,--,8.2,8.6,8.5,7.9,8.6,7.1,8.2,Ghani Khan Choudhury Institute Of Engineering and,EXACT,False
"JIS University, Kolkata",West Bengal,Agriculture,"3,91,600",--,8,8.3,7.7,8,8.2,7.8,7.8,"JIS University, Kolkata",EXACT,False
Nightingale Institute of Management Studies,West Bengal,Agriculture,--,--,8.6,8.3,9.3,8.3,8.7,8,8.7,Nightingale Institute of Management Studies,EXACT,False
Darjeeling Tea Research and Management Association,West Bengal,Agriculture,--,--,--,--,--,--,--,--,--,Darjeeling Tea Research and Management Association,EXACT,False
"Mahishadal Girl's College, Medinipur",West Bengal,Agriculture,--,--,9.3,9.5,9,9.5,--,--,--,"Mahishadal Girl's College, Medinipur",EXACT,False
"Elitte Hotel School (The Hospitality Institute), Kolkata",West Bengal,Agriculture,"25,000",--,--,--,--,--,--,--,--,Elitte Hotel School (The Hospitality Institute),EXACT,False
National Institute of Hotel Management,West Bengal,Agriculture,"60,000",--,7.7,8,7.5,8,7.5,8,7,National Institute of Hotel Management,EXACT,False
Netaji Subhas Open University,West Bengal,Agriculture,"8,000","6,000",5.8,5.9,4,6.9,6.1,5,6.6,Netaji Subhas Open University,EXACT,False
Ramakrishna Mission Vivekananda University,West Bengal,Agriculture,--,--,9,9,8.6,9,9.6,8.5,9.3,Ramakrishna Mission Vivekananda University,EXACT,False
"University of Kalyani, Kalyani",West Bengal,Agriculture,"14,810",--,7.4,7.6,7.3,8.1,7.1,6.1,7.9,"University of Kalyani, Kalyani",EXACT,False
"University of North Bengal, Darjeeling",West Bengal,Agriculture,"9,315","44,040",7.9,8.7,7.8,8.1,8.1,6.9,7.9,"University of North Bengal, Darjeeling",EXACT,False
"Vidyasagar University, Midnapore",West Bengal,Agriculture,"43,185",--,7,7.9,6.8,6.9,8,5.5,7,"Vidyasagar University, Midnapore",EXACT,False
Visva Bharati University,West Bengal,Agriculture,"10,190","12,130",7.6,8.4,7,8.4,7.7,5.8,8.4,Visva Bharati University,EXACT,False
West Bengal State University,West Bengal,Agriculture,"19,000",--,7.9,8,7.5,8.6,7.9,7.6,8,West Bengal State University,EXACT,False
Falakata Polytechnic,West Bengal,Agriculture,885,--,--,--,--,--,--,--,--,Falakata Polytechnic,EXACT,False
Krishnath College,West Bengal,Agriculture,"4,100",--,6.7,7.2,6.6,7.5,6.6,5.1,7.3,Krishnath College,EXACT,False
Ramakrishna Mission Vivekananda Centenary College Rahara,West Bengal,Agriculture,"3,800",--,8,9.3,6.9,8.9,8.5,6.4,7.7,Ramakrishna Mission Vivekananda Centenary College Rahara,EXACT,False
"Raiganj University, Raiganj",West Bengal,Agriculture,"36,200",--,7.8,8.3,7.4,8.2,8,6.9,7.8,"Raiganj University, Raiganj",EXACT,False
Swami Vivekananda University,West Bengal,Agriculture,"1,16,000",--,--,--,--,--,--,--,--,Swami Vivekananda University,EXACT,False
Diamond Harbour Government Polytechnic,West Bengal,Agriculture,885,--,--,--,--,--,--,--,--,Diamond Harbour Government Polytechnic,EXACT,False
"A.P.C. Ray Polytechnic- [APCRP], Kolkata",West Bengal,Agriculture,835,--,9.2,9.4,8,9.7,9.6,9.2,9,"A.P.C. Ray Polytechnic- [APCRP], Kolkata",EXACT,False
"Malda Polytechnic, Malda",West Bengal,Agriculture,885,--,--,--,--,--,--,--,--,"Malda Polytechnic, Malda",EXACT,False
"Jiaganj College of Engineering & Technology, Murshidabad",West Bengal,Agriculture,"33,000",--,--,--,--,--,--,--,--,Jiaganj College of Engineering & Technology,EXACT,False
Central Institute of Freshwater Aquaculture,Odisha,Agriculture,--,--,--,--,--,--,--,--,--,Central Institute of Freshwater Aquaculture,EXACT,False
Orissa University of Agriculture and Technology,Odisha,Agriculture,"53,064","35,071",7.5,8.1,7.6,8.1,7.1,6,8.3,Orissa University of Agriculture and Technology,EXACT,False
"Central Rice Research Institute, Cuttack",Odisha,Agriculture,--,--,8.3,--,--,8.6,--,8.3,8,"Central Rice Research Institute, Cuttack",EXACT,False
Siksha 'O' Anusandhan University,Odisha,Agriculture,"1,25,000","40,000",8.3,8.6,7.6,8.3,8.7,8,8.5,Siksha 'O' Anusandhan University,EXACT,False
Institute of Hotel Management Catering Technology &,Odisha,Agriculture,"19,450",--,8.6,8.5,9,8.5,8.6,8.4,8.5,Institute of Hotel Management Catering Technology &,EXACT,False
BJB Autonomous College,Odisha,Agriculture,--,--,7.4,8.3,6.8,7.9,7.4,5.9,7.9,BJB Autonomous College,EXACT,False
Sri Sri University,Odisha,Agriculture,"1,44,890",--,7.1,7.3,6.7,7,7.3,6.3,8.2,Sri Sri University,EXACT,False
Centurion University of Technology and Management,Odisha,Agriculture,"1,50,000","2,00,000",8.1,8.3,7.6,8.5,8.4,7.4,8.5,Centurion University of Technology and Management,EXACT,False
College of Agricultural Engineering and Technology,Odisha,Agriculture,"35,195",--,8,9.8,8.5,8.2,7.5,6,8,College of Agricultural Engineering and Technology,EXACT,False
"Salipur Autonomous College, Cuttack",Odisha,Agriculture,"7,000",--,6.8,7.4,6.6,7.4,6.4,6,6.8,"Salipur Autonomous College, Cuttack",EXACT,False
"Utkal University, Bhubaneswar",Odisha,Agriculture,"9,500","30,000",7.5,7.9,7.1,7.8,7.4,6.6,7.9,"Utkal University, Bhubaneswar",EXACT,False
"College of Veterinary Science and Animal Husbandry,",Odisha,Agriculture,"32,389",--,7.7,8.8,6.3,8.2,6.3,8.3,8.3,College of Veterinary Science and Animal Husbandry,EXACT,False
Trytoon Academy,Odisha,Agriculture,--,--,8.8,--,--,--,--,--,--,Trytoon Academy,EXACT,False
"IMB School of Hospitality, Bhubaneswar",Odisha,Agriculture,--,--,--,--,--,--,--,--,--,"IMB School of Hospitality, Bhubaneswar",EXACT,False
Govind Ballabh Pant University of Agriculture and,Uttarakhand,Agriculture,"41,736","49,108",7.3,8,7.6,7.4,7.7,6,6.8,Govind Ballabh Pant University of Agriculture and,EXACT,False
"Directorate of Coldwater Fisheries Research, Nainital",Uttarakhand,Agriculture,--,--,--,--,--,--,--,--,--,Directorate of Coldwater Fisheries Research,EXACT,False
Dolphin PG Institute of BioMedical & Natural,Uttarakhand,Agriculture,"75,000","75,000",7.7,8.4,6.5,7.9,7.8,6.7,8.6,Dolphin PG Institute of BioMedical & Natural,EXACT,False
Forest Research Institute,Uttarakhand,Agriculture,"65,100",--,7.7,8,8,8,7.7,6.8,7.7,Forest Research Institute,EXACT,False
Wildlife Institute of India,Uttarakhand,Agriculture,"2,60,000","3,52,000",9.1,9.5,9.3,9.1,9,8.6,9.2,Wildlife Institute of India,EXACT,False
Doon Post Graduate College of Agriculture Science,Uttarakhand,Agriculture,"70,000","80,000",6.7,7.5,6.4,7.6,7,4.9,6.8,Doon Post Graduate College of Agriculture Science,EXACT,False
Doon Business School,Uttarakhand,Agriculture,"1,12,000","1,05,000",7.6,8,7,8.1,7.4,7.4,7.7,Doon Business School,EXACT,False
"College of Technology, GB Pant University of",Uttarakhand,Agriculture,"46,056","55,756",7,7.1,6.7,6.9,7.3,6,7.7,College of Technology,EXACT,False
University of Petroleum and Energy Studies,Uttarakhand,Agriculture,"6,73,000","4,66,000",8.1,8.1,7.8,7.9,8.6,7.7,8.2,University of Petroleum and Energy Studies,EXACT,False
"Institute of Media Management , Technology &",Uttarakhand,Agriculture,"70,000",--,--,--,--,--,--,--,--,Institute of Media Management,EXACT,False
"MotherHood University, Roorkee",Uttarakhand,Agriculture,"77,130",--,8,8.3,7.9,7.6,8,8,8.3,"MotherHood University, Roorkee",EXACT,False
"Uttaranchal University, Dehradun",Uttarakhand,Agriculture,"1,20,200","1,55,000",7.5,7.8,6.8,7.7,8.6,6.5,7.5,"Uttaranchal University, Dehradun",EXACT,False
Graphic Era University,Uttarakhand,Agriculture,"52,950",--,8.3,8.2,7.9,8.4,8.6,8.1,8.4,Graphic Era University,EXACT,False
"Quantum University, Roorkee",Uttarakhand,Agriculture,"69,000","73,500",8.3,8.4,7.8,8.6,8.3,8.4,8.4,"Quantum University, Roorkee",EXACT,False
Graphic Era Hill University,Uttarakhand,Agriculture,"1,20,200","1,12,100",8.1,7.9,7.8,8.1,8.4,7.7,8.4,Graphic Era Hill University,EXACT,False
Shri Guru Ram Rai University,Uttarakhand,Agriculture,"71,500","68,500",7.6,7.8,7.1,7.9,7.9,7.3,7.7,Shri Guru Ram Rai University,EXACT,False
Himgiri Zee University,Uttarakhand,Agriculture,"80,000","1,40,000",7.9,8.5,5.5,9,8,7.7,8.8,Himgiri Zee University,EXACT,False
Dev Bhoomi Group of Institutions,Uttarakhand,Agriculture,"75,500","72,500",7.8,8.1,7.1,7.8,8,8,7.8,Dev Bhoomi Group of Institutions,EXACT,False
"Tula's Institute, Dehradun",Uttarakhand,Agriculture,"68,000",--,7.8,8,7.2,7.7,8.5,7.4,8.2,"Tula's Institute, Dehradun",EXACT,False
JB Institute of Technology,Uttarakhand,Agriculture,"56,000",--,7.5,8,6.7,7.7,7.3,7.8,7.4,JB Institute of Technology,EXACT,False
College of Engineering,Uttarakhand,Agriculture,"67,850",--,8.3,8.4,8.1,8.1,8.7,7.5,8.8,College of Engineering,EXACT,False
Roorkee Institute of Technology,Uttarakhand,Agriculture,"65,000",--,8.5,8.5,8.5,8.6,8.7,8.4,8.5,Roorkee Institute of Technology,EXACT,False
Roorkee College of Engineering,Uttarakhand,Agriculture,"69,200",--,9.4,9.3,9.2,9.4,9.4,9.3,9.5,Roorkee College of Engineering,EXACT,False
BFIT Group of Institutions,Uttarakhand,Agriculture,"59,500","59,500",7.5,7.7,7.1,7.7,7.6,7.1,8,BFIT Group of Institutions,EXACT,False
Graphic Era Hill University Bhimtal Campus,Uttarakhand,Agriculture,"1,15,200",--,8.1,8.2,7.6,7.9,8.8,7.8,8,Graphic Era Hill University Bhimtal Campus,EXACT,False
Phonics Group of Institutions,Uttarakhand,Agriculture,"49,800","54,800",7.6,7.8,6.8,7.7,7.9,7.4,7.7,Phonics Group of Institutions,EXACT,False
Sardar Bhagwan Singh University,Uttarakhand,Agriculture,"78,500",--,8.7,8.7,8.3,9.3,9,8.3,8.7,Sardar Bhagwan Singh University,EXACT,False
Uttaranchal College of Science & Technology,Uttarakhand,Agriculture,"40,000",--,7.6,8.1,7.9,8,7.9,6.1,7.8,Uttaranchal College of Science & Technology,EXACT,False
Himalayan Institute of Technology,Uttarakhand,Agriculture,"85,000","70,000",8.6,9.2,8.6,8.7,8.8,8.6,7.8,Himalayan Institute of Technology,EXACT,False
"Maya Group of Colleges, Dehradun",Uttarakhand,Agriculture,"85,800","1,21,400",7.3,6.8,7.2,8.3,7.2,6.7,7.3,"Maya Group of Colleges, Dehradun",EXACT,False
Christian Medical College,Tamil Nadu,Medical,"38,405","23,280",9,9.3,8.4,9.3,9.3,9.2,8.7,Christian Medical College,EXACT,False
Sri Ramachandra Institute of Higher Education and,Tamil Nadu,Medical,"1,25,000","1,25,000",8.5,8.5,7.8,8.7,9.1,7.9,8.7,Sri Ramachandra Institute of Higher Education and,EXACT,False
SRM Institute of Technology,Tamil Nadu,Medical,"1,10,000","2,60,000",8,8,7.1,7.6,8.7,8.2,8.6,SRM Institute of Technology,EXACT,False
"Saveetha Medical College, Chennai",Tamil Nadu,Medical,"1,00,000","1,45,000",8.8,9,8.4,8.8,9,8.6,8.7,"Saveetha Medical College, Chennai",EXACT,False
Annamalai University,Tamil Nadu,Medical,"1,24,460","64,410",7.4,8.1,6.7,8,7.9,6.5,7.2,Annamalai University,EXACT,False
Madras Medical College,Tamil Nadu,Medical,"2,78,000","6,00,000",7,7.2,6,7.7,7.2,6.8,7,Madras Medical College,EXACT,False
PSG Institute of Medical Sciences and Research,Tamil Nadu,Medical,"4,00,000",--,8.2,8.9,7.9,8.7,8.4,7.9,7.1,PSG Institute of Medical Sciences and Research,EXACT,False
"Sri Ramachandra Medical College, Chennai",Tamil Nadu,Medical,"1,00,000","1,25,000",8.5,8.5,8.5,8.6,8.8,8.2,8.2,"Sri Ramachandra Medical College, Chennai",EXACT,False
"College of Engineering, Anna University",Tamil Nadu,Medical,--,--,8.4,8.7,7.7,8.1,8.7,8.3,8.7,"College of Engineering, Anna University",EXACT,False
Madras Christian College,Tamil Nadu,Medical,"19,000","21,000",8.6,8.5,7.9,8.6,8.7,8.4,9.2,Madras Christian College,EXACT,False
Women's Christian College,Tamil Nadu,Medical,"5,000",--,8.7,9,7.9,8.8,9.1,8.5,8.9,Women's Christian College,EXACT,False
"Saveetha Dental College & Hospital, Chennai",Tamil Nadu,Medical,"7,00,000","6,00,000",7.9,7.7,7,8.8,7.3,8.5,8,Saveetha Dental College & Hospital,EXACT,False
Bishop Heber College,Tamil Nadu,Medical,--,--,8.3,8.5,7.8,8.2,8.9,8.1,8.4,Bishop Heber College,EXACT,False
Dr. N.G.P. Arts and Science College,Tamil Nadu,Medical,--,--,7.6,7.8,7.1,7.5,8.4,7.7,7,Dr. N.G.P. Arts and Science College,EXACT,False
Anna University,Tamil Nadu,Medical,--,--,7.7,8,7.2,7.6,8.1,7.7,7.8,Anna University,EXACT,False
"Lady Doak College, Madurai",Tamil Nadu,Medical,"15,000",--,8.4,9.1,7.2,8.7,8.6,8.4,8.2,"Lady Doak College, Madurai",EXACT,False
Sree Balaji Medical College and Hospital,Tamil Nadu,Medical,"1,25,000","1,25,000",8.6,8.9,8.3,9.1,8.1,8.9,8.5,Sree Balaji Medical College and Hospital,EXACT,False
"Holy Cross College (Autonomous), Tiruchirappalli",Tamil Nadu,Medical,"50,530",--,8.7,9.3,8.4,9,9.1,7.9,8.7,Holy Cross College (Autonomous),EXACT,False
"Vels Institute of Science, Technology & Advanced",Tamil Nadu,Medical,"57,800","54,550",8.1,8.4,7.5,8.4,8.1,7.8,8.3,Vels Institute of Science,EXACT,False
Sri Chandrasekharendra Saraswathi Viswa Mahavidyalaya,Tamil Nadu,Medical,"3,77,500",--,7.2,7.7,6.4,7.6,7.6,6.6,7.3,Sri Chandrasekharendra Saraswathi Viswa Mahavidyalaya,EXACT,False
Hindustan Institute of Technology and Science,Tamil Nadu,Medical,--,--,7.6,7.8,6.9,7.8,7.9,6.9,8,Hindustan Institute of Technology and Science,EXACT,False
"Mohamed Sathak College of Arts and Science,",Tamil Nadu,Medical,--,--,7.9,8,7.9,8.3,7.7,7.3,8,Mohamed Sathak College of Arts and Science,EXACT,False
"Dr. M.G.R. Educational and Research Institute, Chennai",Tamil Nadu,Medical,"95,000","35,000",7.4,7.6,7.4,7.1,7.8,6.8,7.5,Dr. M.G.R. Educational and Research Institute,EXACT,False
"Hindusthan College of Arts and Science- [HICAS],",Tamil Nadu,Medical,--,--,7.5,7.7,6.5,7.4,8.4,7.5,7.3,Hindusthan College of Arts and Science- [HICAS],EXACT,False
"Alagappa University, Karaikudi",Tamil Nadu,Medical,"5,500",--,8.5,8.9,7.9,8.9,8.4,8.2,8.4,"Alagappa University, Karaikudi",EXACT,False
Avinashilingam Institute For Home Science and Higher,Tamil Nadu,Medical,"52,275",--,7.9,8.3,6.9,8.3,8.3,7.7,8,Avinashilingam Institute For Home Science and Higher,EXACT,False
Bharathiar University,Tamil Nadu,Medical,--,--,7.8,8,7.6,8.1,7.7,7.5,7.9,Bharathiar University,EXACT,False
Bharath University,Tamil Nadu,Medical,--,--,7.6,7.9,7.1,8.1,7.6,7.8,7,Bharath University,EXACT,False
Vinayaka Missions University,Tamil Nadu,Medical,"75,700","35,400",8,8.2,7.2,8.7,7.6,7.8,8.4,Vinayaka Missions University,EXACT,False
All India Institute of Management Studies,Tamil Nadu,Medical,"25,000",--,9.3,9.3,9.7,9,9.3,9.3,9,All India Institute of Management Studies,EXACT,False
Dr DY Patil Vidyapeeth,Maharashtra,Medical,"3,95,000","1,90,000",8.4,8.9,8.4,8.4,8.6,7.3,9,Dr DY Patil Vidyapeeth,EXACT,False
Armed Forces Medical College,Maharashtra,Medical,"34,000","31,870",9.7,9.4,9.7,9.7,9.6,9.9,9.9,Armed Forces Medical College,EXACT,False
Grant Medical College and Sir J. J.,Maharashtra,Medical,--,--,8.8,8.5,8.2,8.4,9.1,9.1,9.7,Grant Medical College and Sir J. J.,EXACT,False
Seth GS Medical College,Maharashtra,Medical,"67,230","67,230",8,8.8,6.7,7.6,8,8.2,8.4,Seth GS Medical College,EXACT,False
Mahatma Gandhi Institute of Medical Sciences,Maharashtra,Medical,"75,200","92,900",8.1,8.7,7.9,7.9,7.7,8.6,7.5,Mahatma Gandhi Institute of Medical Sciences,EXACT,False
"Lokmanya Tilak Municipal Medical College-[LTMMC], Mumbai",Maharashtra,Medical,"44,335","44,335",7.2,8.2,5,7.7,6.3,8.3,7.7,Lokmanya Tilak Municipal Medical College-[LTMMC],EXACT,False
Byramjee Jeejeebhoy Government Medical College,Maharashtra,Medical,"47,500","1,04,400",8.2,8.2,7.4,8.5,7.8,8.4,8.8,Byramjee Jeejeebhoy Government Medical College,EXACT,False
K.J. Somaiya Medical College & Research Centre,Maharashtra,Medical,"10,25,000","8,00,000",7.6,8.3,6.5,8.6,6,8.8,7.6,K.J. Somaiya Medical College & Research Centre,EXACT,False
Dr DY Patil Medical College Hospital and,Maharashtra,Medical,"19,00,000","25,00,000",7.6,7.9,6.6,7.6,7.9,7.5,8,Dr DY Patil Medical College Hospital and,EXACT,False
"Government Medical College and Hospital, Aurangabad",Maharashtra,Medical,"1,07,710",--,8.1,8.8,7.4,8.4,7.6,8.6,7.7,Government Medical College and Hospital,EXACT,False
"Government Medical College, Latur",Maharashtra,Medical,"98,830","71,230",7.9,7.5,7.5,8.2,7.5,8.7,7.8,"Government Medical College, Latur",EXACT,False
"MGM Medical College, Navi Mumbai",Maharashtra,Medical,"95,000","25,00,000",7.2,7.8,6,7.7,7,7.5,7,"MGM Medical College, Navi Mumbai",EXACT,False
"D Y Patil Medical College, Kolhapur",Maharashtra,Medical,"22,00,000","32,20,000",6.7,7,5.6,7.4,6.4,6.6,7,"D Y Patil Medical College, Kolhapur",EXACT,False
"St. Xavier's College, Mumbai",Maharashtra,Medical,"65,000",--,8.2,8.7,7.3,8.3,8.8,7.6,8.7,"St. Xavier's College, Mumbai",EXACT,False
"Shailesh J. Mehta School of Management, IIT",Maharashtra,Medical,"23,600",--,8,8.3,7.9,8.5,8.5,8.4,6.6,Shailesh J. Mehta School of Management,EXACT,False
Savitribai Phule Pune University,Maharashtra,Medical,--,--,7.6,8.1,7.1,7.9,7.9,6.8,7.5,Savitribai Phule Pune University,EXACT,False
"DY Patil University, Navi Mumbai",Maharashtra,Medical,"6,00,000","6,15,000",7.5,7.3,7.1,7.7,7.5,7.4,7.8,"DY Patil University, Navi Mumbai",EXACT,False
Narsee Monjee Institute of Management Studies,Maharashtra,Medical,"3,27,000",--,8.1,8.4,7.6,8.5,8.1,7.9,8.2,Narsee Monjee Institute of Management Studies,EXACT,False
Mumbai University,Maharashtra,Medical,"44,000","3,450",7.2,7.6,6.5,7.9,7.4,6.6,7,Mumbai University,EXACT,False
Maharashtra Institute of Medical Education and Research,Maharashtra,Medical,"9,56,025","8,00,000",8.1,8.8,8.3,8,8.5,7.6,7.5,Maharashtra Institute of Medical Education and Research,EXACT,False
Smt Kashibai Navale Medical College and General,Maharashtra,Medical,"13,40,000","10,55,000",7.2,7.4,6.4,8,7.6,7,7,Smt Kashibai Navale Medical College and General,EXACT,False
Rashtrasant Tukadoji Maharaj Nagpur University,Maharashtra,Medical,"27,030","27,030",7.5,8,7.2,7.7,7.9,6.9,7.4,Rashtrasant Tukadoji Maharaj Nagpur University,EXACT,False
Dr. Vithalrao Vikhe Patil Foundation's Medical College,Maharashtra,Medical,"8,15,000","8,00,000",8.3,8.5,7.4,8.6,9.4,8.3,7.4,Dr. Vithalrao Vikhe Patil Foundation's Medical College,EXACT,False
Bharati Vidyapeeth Deemed University,Maharashtra,Medical,"1,00,000","25,000",7.8,8.1,6.8,7.9,8.1,7.7,8.2,Bharati Vidyapeeth Deemed University,EXACT,False
"Yashwantrao Chavan Maharashtra Open University- [YCMOU], Nashik",Maharashtra,Medical,"14,500","25,000",7.4,8.5,6.3,7.6,7.9,7.5,6.4,Yashwantrao Chavan Maharashtra Open University- [YCMOU],EXACT,False
Krishna Institute of Medical Sciences University,Maharashtra,Medical,"1,05,000","21,00,000",8.1,8.4,7,7.8,9.1,8.2,8.3,Krishna Institute of Medical Sciences University,EXACT,False
Indira Gandhi Government Medical College & Hospital,Maharashtra,Medical,"84,150","84,150",8,8.9,8.1,8,7.5,8.3,7.4,Indira Gandhi Government Medical College & Hospital,EXACT,False
Shivaji University,Maharashtra,Medical,--,--,7.6,7.9,7.2,8.1,8.1,6.3,8,Shivaji University,EXACT,False
MIT World Peace University,Maharashtra,Medical,"1,50,000",--,8,8.1,7,8,8.5,7.7,8.4,MIT World Peace University,EXACT,False
Tata Institute of Social Sciences,Maharashtra,Medical,"64,500","1,20,000",8.6,9,8.1,8.9,8.6,8.4,8.6,Tata Institute of Social Sciences,EXACT,False
Sanjay Gandhi Postgraduate Institute of Medical Sciences,Uttar Pradesh,Medical,"72,800","75,900",7.5,7,6.2,8.2,8.2,7.8,7.8,Sanjay Gandhi Postgraduate Institute of Medical Sciences,EXACT,False
Banaras Hindu University,Uttar Pradesh,Medical,"8,368","30,000",8.3,8.7,8.1,8.4,8.8,7.2,8.6,Banaras Hindu University,EXACT,False
King George's Medical University,Uttar Pradesh,Medical,"73,000","73,000",8.9,9.3,8.2,9.1,9.4,9.1,8.4,King George's Medical University,EXACT,False
Aligarh Muslim University,Uttar Pradesh,Medical,"47,570","47,570",8.3,8.8,7.9,8.5,8.8,7.2,8.6,Aligarh Muslim University,EXACT,False
"Era's Lucknow Medical College and Hospital, Lucknow",Uttar Pradesh,Medical,"16,60,000","1,45,000",7,7.7,6.2,7.5,7.7,7,5.8,Era's Lucknow Medical College and Hospital,EXACT,False
Institute of Medical Sciences,Uttar Pradesh,Medical,"50,000","29,748",8.6,9.2,7.5,8.9,8.2,9.2,8.4,Institute of Medical Sciences,EXACT,False
Shri Ram Murti Smarak Institute of Medical,Uttar Pradesh,Medical,"13,52,000","1,26,000",5.7,6,3,7,6,6,6,Shri Ram Murti Smarak Institute of Medical,EXACT,False
Jawahar Lal Nehru Medical College,Uttar Pradesh,Medical,"32,445","32,445",8.4,9.1,8,8.8,8.5,9,7,Jawahar Lal Nehru Medical College,EXACT,False
"Amity University, Noida",Uttar Pradesh,Medical,"84,000","1,20,000",8.2,8,7.9,8.1,8.9,7.6,8.7,"Amity University, Noida",EXACT,False
"Amity University, Lucknow",Uttar Pradesh,Medical,"1,82,000",--,8.1,8,7.6,8.1,8.8,7.1,8.8,"Amity University, Lucknow",EXACT,False
Baba Raghav Das Medical College,Uttar Pradesh,Medical,"42,000","42,000",8.4,8.6,7.7,8.3,8.5,8.7,8.3,Baba Raghav Das Medical College,EXACT,False
Sam Higginbottom University of Agriculture Technology and,Uttar Pradesh,Medical,"1,04,000","10,000",7.2,7.6,6.6,7.5,7.5,6,7.9,Sam Higginbottom University of Agriculture Technology and,EXACT,False
Ewing Christian College,Uttar Pradesh,Medical,"35,000",--,7,8.2,5.7,7.9,7.5,5.1,7.8,Ewing Christian College,EXACT,False
Teerthanker Mahaveer University,Uttar Pradesh,Medical,"60,500","1,03,000",8.1,8.3,7.6,8.2,8.7,7.3,8.3,Teerthanker Mahaveer University,EXACT,False
Mangalayatan University,Uttar Pradesh,Medical,"50,000","80,000",7.9,7.8,7.8,8.2,8.4,7.1,8.1,Mangalayatan University,EXACT,False
Institute of Technology and Science,Uttar Pradesh,Medical,"86,000","95,000",8.2,8.6,7.5,8.3,8.6,7.9,8.1,Institute of Technology and Science,EXACT,False
DAV College,Uttar Pradesh,Medical,"8,350",--,6.7,7.5,5.6,7.3,7,5.8,7.1,DAV College,EXACT,False
"Teerthanker Mahaveer University, College of Architecture",Uttar Pradesh,Medical,--,--,--,--,--,--,--,--,--,Teerthanker Mahaveer University,EXACT,False
Chhatrapati Shahu Ji Maharaj University,Uttar Pradesh,Medical,"30,500","89,143",7.1,7.2,6.6,7.5,8,5.8,7.7,Chhatrapati Shahu Ji Maharaj University,EXACT,False
University of Lucknow,Uttar Pradesh,Medical,"56,160","15,080",7.4,7.9,7,7.8,7.7,6.1,7.6,University of Lucknow,EXACT,False
Narendra Deva University of Agriculture and Technology,Uttar Pradesh,Medical,"88,000",--,7.1,7.4,7.1,7.9,7.1,6.2,7,Narendra Deva University of Agriculture and Technology,EXACT,False
J.S. University,Uttar Pradesh,Medical,"10,500","10,500",8.5,8.5,7.8,8.7,9,8.2,8.6,J.S. University,EXACT,False
Institute of Applied Medicines and Research,Uttar Pradesh,Medical,"70,000","85,000",9.6,--,--,--,--,--,--,Institute of Applied Medicines and Research,EXACT,False
Sharda University,Uttar Pradesh,Medical,"1,23,600","1,50,380",7.9,7.7,7.6,7.9,8.6,6.9,8.6,Sharda University,EXACT,False
Galgotias University,Uttar Pradesh,Medical,"60,000","60,000",7.6,7.9,6.9,7.9,7.5,7.7,7.8,Galgotias University,EXACT,False
Annie Besant College of Engineering And Management,Uttar Pradesh,Medical,--,--,7,8,6,7,9,7,5,Annie Besant College of Engineering And Management,EXACT,False
"Rama University, Kanpur",Uttar Pradesh,Medical,"70,000","54,000",6.7,6.6,6.1,7.3,6.5,6.6,7.1,"Rama University, Kanpur",EXACT,False
"Integral University, Lucknow",Uttar Pradesh,Medical,"70,000","50,000",7.4,7.6,7.3,7.4,8,6.5,7.4,"Integral University, Lucknow",EXACT,False
"GLA University, Mathura",Uttar Pradesh,Medical,"1,35,000","57,000",8.2,8.2,7.9,8.3,8.3,8.2,8.1,"GLA University, Mathura",EXACT,False
Sanskriti University,Uttar Pradesh,Medical,"50,000","50,000",7,7.2,6.7,7,7.5,6.9,6.8,Sanskriti University,EXACT,False
All India Institute of Medical Sciences,Delhi,Medical,"1,145","1,465",8.7,9,8,9.1,9,8.2,8.8,All India Institute of Medical Sciences,EXACT,False
Institute of Liver and Biliary Sciences,Delhi,Medical,"70,000","80,000",8.8,9.4,9,8.8,9.1,8.2,8.5,Institute of Liver and Biliary Sciences,EXACT,False
Maulana Azad Medical College,Delhi,Medical,"15,450",--,8.8,9.4,8,9.1,8.6,9.1,8.8,Maulana Azad Medical College,EXACT,False
"Jamia Hamdard University, New Delhi",Delhi,Medical,"1,35,000","1,45,000",7.5,8.1,7.3,7.8,8.1,6.5,7.4,"Jamia Hamdard University, New Delhi",EXACT,False
Vardhman Mahavir Medical College,Delhi,Medical,"41,000","33,500",8.9,8.6,8.8,9.4,8.6,9.7,8,Vardhman Mahavir Medical College,EXACT,False
University College of Medical Sciences,Delhi,Medical,"6,445","7,045",8.7,8.8,8.2,9,8.5,9.2,8.5,University College of Medical Sciences,EXACT,False
Lady Hardinge Medical College,Delhi,Medical,"1,400","18,600",8.4,8.7,7.8,8.8,8.2,8.6,8,Lady Hardinge Medical College,EXACT,False
Army College of Medical Science,Delhi,Medical,"4,57,000",--,8.5,8.5,7.9,8.8,8.6,8.7,8.4,Army College of Medical Science,EXACT,False
Pt Bhagwat Dayal Sharma Post Graduate Institute,Delhi,Medical,"12,395","21,153",7.5,8.4,7.5,8.1,7.5,7.6,6.1,Pt Bhagwat Dayal Sharma Post Graduate Institute,EXACT,False
Jawaharlal Nehru University,Delhi,Medical,"1,381",--,8.5,9,8.2,9,8.7,7.2,9.1,Jawaharlal Nehru University,EXACT,False
"Jamia Millia Islamia University-[JMI], New Delhi",Delhi,Medical,"49,150","21,800",8,8.4,7.6,8.3,8.4,7.2,8.2,Jamia Millia Islamia University-[JMI],EXACT,False
Guru Gobind Singh Indraprastha University,Delhi,Medical,"93,100",--,7.8,8.1,7.5,8,8.1,6.9,8.1,Guru Gobind Singh Indraprastha University,EXACT,False
Delhi University,Delhi,Medical,--,--,7.9,8.4,7.4,8.4,7.9,7.2,8.3,Delhi University,EXACT,False
Maharshi Dayanand University,Delhi,Medical,"28,424",--,7.8,8,7.7,8,8.4,6.6,8,Maharshi Dayanand University,EXACT,False
"Amity University, Noida",Delhi,Medical,"84,000","1,20,000",8.2,8,7.9,8.1,8.9,7.6,8.7,"Amity University, Noida",EXACT,False
Hamdard Institute of Medical Sciences and Research,Delhi,Medical,"1,34,500","2,04,500",8.6,8.6,8.1,8.8,8.7,8.6,8.8,Hamdard Institute of Medical Sciences and Research,EXACT,False
Apeejay Stya University,Delhi,Medical,"1,30,200",--,7.9,8.2,7.5,7.9,7.5,7.7,8.3,Apeejay Stya University,EXACT,False
Indira Gandhi National Open University,Delhi,Medical,"60,000","6,500",7.1,7.7,5.7,8.1,7.3,6.3,7.3,Indira Gandhi National Open University,EXACT,False
Institute of Technology and Science,Delhi,Medical,"86,000","95,000",8.2,8.6,7.5,8.3,8.6,7.9,8.1,Institute of Technology and Science,EXACT,False
"Ashoka University, Sonepat",Delhi,Medical,"45,000",--,8.6,8.6,8.6,8.9,8.7,8.3,8.5,"Ashoka University, Sonepat",EXACT,False
"Gurugram University, Gurgaon",Delhi,Medical,"40,000","50,000",8.2,8.6,7.4,8.4,8.6,8,8.1,"Gurugram University, Gurgaon",EXACT,False
Institute of Applied Medicines and Research,Delhi,Medical,"70,000","85,000",9.6,--,--,--,--,--,--,Institute of Applied Medicines and Research,EXACT,False
Sharda University,Delhi,Medical,"1,23,600","1,50,380",7.9,7.7,7.6,7.9,8.6,6.9,8.6,Sharda University,EXACT,False
Galgotias University,Delhi,Medical,"60,000","60,000",7.6,7.9,6.9,7.9,7.5,7.7,7.8,Galgotias University,EXACT,False
"Amity University, Gurgaon",Delhi,Medical,"1,06,000","84,000",7.7,7.8,7.1,7.6,8.6,7.1,8.1,"Amity University, Gurgaon",EXACT,False
Delhi Pharmaceutical Sciences and Research University,Delhi,Medical,"44,050","57,050",9,9.6,8.8,8.8,9.4,8.6,8.8,Delhi Pharmaceutical Sciences and Research University,EXACT,False
Manav Rachna International Institute of Research and,Delhi,Medical,"1,36,000","1,71,000",7.5,7.4,7.3,7.5,8.3,6.6,7.6,Manav Rachna International Institute of Research and,EXACT,False
"Starex University, Gurgaon",Delhi,Medical,"75,000","60,000",8.8,9.1,9.1,8.7,8.6,8.5,8.7,"Starex University, Gurgaon",EXACT,False
SunRise University,Delhi,Medical,"19,200","20,200",8.1,8.1,7.3,8.7,8.1,7.9,8.4,SunRise University,EXACT,False
"Nehru Homeopathic Medical College & Hospital, New",Delhi,Medical,"3,120",--,7.1,8.5,5.8,8.5,7.6,5.1,7.3,Nehru Homeopathic Medical College & Hospital,EXACT,False
Sri Venkateswara Institute of Medical Sciences,Andhra Pradesh,Medical,"52,900","27,700",7.8,8.2,7.9,8.1,7.5,7.5,7.5,Sri Venkateswara Institute of Medical Sciences,EXACT,False
Maharajah's Institute of Medical Sciences,Andhra Pradesh,Medical,"15,000","26,68,050",8,8.6,7.2,8.7,8.3,7.4,8,Maharajah's Institute of Medical Sciences,EXACT,False
Konaseema Institute of Medical Sciences & Research,Andhra Pradesh,Medical,--,--,7.9,8,7.2,8,8.2,7.8,8.4,Konaseema Institute of Medical Sciences & Research,EXACT,False
PES Institute of Medical Sciences and Research,Andhra Pradesh,Medical,"46,550","4,32,000",7.9,8.3,6.5,8.4,8.4,7.6,8.3,PES Institute of Medical Sciences and Research,EXACT,False
Dr. Pinnamaneni Siddhartha Institute of Medical Sciences,Andhra Pradesh,Medical,"1,40,000","17,90,500",6.3,7,6,6,7,6,6,Dr. Pinnamaneni Siddhartha Institute of Medical Sciences,EXACT,False
"Guntur Medical College, Guntur",Andhra Pradesh,Medical,--,--,8,8.3,7.4,8.3,7.3,8.5,8,"Guntur Medical College, Guntur",EXACT,False
Alluri Sitarama Raju Academy of Medical Sciences,Andhra Pradesh,Medical,"7,60,725","26,68,050",9.1,9.3,8.7,9.3,9.3,9,9,Alluri Sitarama Raju Academy of Medical Sciences,EXACT,False
"Great Eastern Medical School and Hospital, Srikakulam",Andhra Pradesh,Medical,"71,576","4,71,363",7,8.3,6.7,6,8.7,5.7,6.3,Great Eastern Medical School and Hospital,EXACT,False
"GITAM, Visakhapatnam",Andhra Pradesh,Medical,"2,00,000","20,75,700",8.3,8.3,8,8.1,8.8,8.1,8.5,"GITAM, Visakhapatnam",EXACT,False
Acharya Nagarjuna University,Andhra Pradesh,Medical,"5,200",--,7.3,7.7,7,7.2,8,5.7,8.2,Acharya Nagarjuna University,EXACT,False
Centurion University of Technology and Management,Andhra Pradesh,Medical,"60,000",--,7.8,8,7.2,8.3,7.6,7.4,8.3,Centurion University of Technology and Management,EXACT,False
"Risali Institute of Management, Visakhapatnam",Andhra Pradesh,Medical,"1,30,000",--,8.4,8.2,8.3,8.3,8.8,8.4,8.4,Risali Institute of Management,EXACT,False
Alwar School of Business,Andhra Pradesh,Medical,"1,45,000",--,8,8,8,8,8,6.8,9,Alwar School of Business,EXACT,False
Dantuluri Narayana Raju college,Andhra Pradesh,Medical,--,--,8.5,8.5,8.3,8.7,9.2,6.7,9.3,Dantuluri Narayana Raju college,EXACT,False
Government Degree College (Men),Andhra Pradesh,Medical,--,--,7.8,8.5,5.5,--,--,--,--,Government Degree College (Men),EXACT,False
"Govt Degree College Women, Srikakulam",Andhra Pradesh,Medical,--,--,8.5,9,8,--,--,--,--,"Govt Degree College Women, Srikakulam",EXACT,False
Sri Padmavati Mahila Visvavidyalayam,Andhra Pradesh,Medical,"6,000",--,7.6,8.3,7.4,7.8,7.5,6.2,8.1,Sri Padmavati Mahila Visvavidyalayam,EXACT,False
GITAM Institute of Pharmacy,Andhra Pradesh,Medical,--,--,6.2,7,4,7,7,4,8,GITAM Institute of Pharmacy,EXACT,False
"GSL Medical College and General Hospital, Rajahmundhry",Andhra Pradesh,Medical,"24,20,000","24,20,000",7.9,8.1,6.8,8,8.2,8.2,8.3,GSL Medical College and General Hospital,EXACT,False
"Fathima Institute of Medical Sciences, Kadapa",Andhra Pradesh,Medical,--,--,8.2,8,8,7.5,8.3,9,8.5,Fathima Institute of Medical Sciences,EXACT,False
"Katuri Medical College and Hospital, Guntur",Andhra Pradesh,Medical,"1,50,000","7,60,625",8.4,8.6,7.9,8.5,8.7,8.3,8.6,Katuri Medical College and Hospital,EXACT,False
Kurnool Medical College,Andhra Pradesh,Medical,"23,155",--,7.9,8.1,8.4,7.9,7.2,8.4,7.6,Kurnool Medical College,EXACT,False
NRI Medical College,Andhra Pradesh,Medical,"3,19,725","3,19,725",8.4,8.7,7.3,8.8,8.4,8.8,8.3,NRI Medical College,EXACT,False
"Narayana Medical College and Hospital, Nellore",Andhra Pradesh,Medical,"7,50,000","1,70,000",8.2,8.6,7.9,7.8,9.3,7.4,7.9,Narayana Medical College and Hospital,EXACT,False
"Siddhartha Medical College, Vijayawada",Andhra Pradesh,Medical,"25,100","11,000",7.4,7.7,6.8,7.7,7,7.8,7.2,"Siddhartha Medical College, Vijayawada",EXACT,False
"Swatantra Institute of Physiotherapy and Rehabilitation, Rajahmundhry",Andhra Pradesh,Medical,--,--,9.3,--,--,--,--,--,--,Swatantra Institute of Physiotherapy and Rehabilitation,EXACT,False
Thammineni Institute of Medical Science,Andhra Pradesh,Medical,"24,000",--,--,--,--,--,--,--,--,Thammineni Institute of Medical Science,EXACT,False
Narayana Nursing Institution,Andhra Pradesh,Medical,--,--,--,--,--,--,--,--,--,Narayana Nursing Institution,EXACT,False
Bhagavantham Gupta Bangaru Seshavatharam Women's College,Andhra Pradesh,Medical,--,--,--,--,--,--,--,--,--,Bhagavantham Gupta Bangaru Seshavatharam Women's College,EXACT,False
Andhra University,Andhra Pradesh,Medical,"36,000",--,7.9,8.3,7.1,8.3,7.9,7.4,8.1,Andhra University,EXACT,False
Kasturba Medical College,Karnataka,Medical,"1,24,000","16,60,000",9,9,8.1,9,9.5,8.9,9.3,Kasturba Medical College,EXACT,False
"St John's Medical College, Bangalore",Karnataka,Medical,"9,10,450","5,00,000",8.6,8.2,8.8,8.3,9.2,8.5,8.6,"St John's Medical College, Bangalore",EXACT,False
Kasturba Medical College,Karnataka,Medical,"2,30,000","2,30,000",8.5,9.2,8.2,9.1,8.1,8.2,8.3,Kasturba Medical College,EXACT,False
JSS Medical College and Hospital,Karnataka,Medical,"94,300","14,75,000",7.9,8.4,7.1,8.3,8.4,8,7,JSS Medical College and Hospital,EXACT,False
"Ramaiah Medical College, Bangalore",Karnataka,Medical,"4,26,350","67,000",8.8,9.3,7.9,9.4,9.3,8.6,8.1,"Ramaiah Medical College, Bangalore",EXACT,False
Bangalore Medical College and Research Institute,Karnataka,Medical,"17,970","34,720",8.4,8.6,7.7,8.2,7.9,9.3,8.5,Bangalore Medical College and Research Institute,EXACT,False
KS Hegde Medical Academy,Karnataka,Medical,"1,18,000","1,17,500",8.6,9,8.4,9.6,8.4,8.2,8.2,KS Hegde Medical Academy,EXACT,False
Belagavi Institute of Medical Sciences,Karnataka,Medical,"65,780","1,18,500",8.6,9.1,8,9,7.4,9.8,8,Belagavi Institute of Medical Sciences,EXACT,False
"Jawaharlal Nehru Medical College, Belagavi",Karnataka,Medical,"14,30,000","33,10,000",8,8.6,7.3,8.3,8.5,7.6,7.9,Jawaharlal Nehru Medical College,EXACT,False
Manipal College of Dental Sciences,Karnataka,Medical,"30,000",--,8.7,9,7.2,9.1,9.4,8.2,9.3,Manipal College of Dental Sciences,EXACT,False
Manipal Academy of Higher Education,Karnataka,Medical,"2,30,000","2,62,000",8.4,8.5,8.2,8.6,8.8,7.8,8.4,Manipal Academy of Higher Education,EXACT,False
"JSS Academy of Higher Education & Research,",Karnataka,Medical,"75,590","1,14,300",8.2,8.3,7.5,8.6,8.5,8,8,JSS Academy of Higher Education & Research,EXACT,False
Yenepoya Dental College,Karnataka,Medical,"6,00,000","2,90,000",7.4,8,6.2,7.8,7.8,7.2,7.6,Yenepoya Dental College,EXACT,False
"The Oxford College of Business Management, Bangalore",Karnataka,Medical,"26,400",--,6.6,7,6.2,7.8,7,5.8,5.9,The Oxford College of Business Management,EXACT,False
Dayananda Sagar University,Karnataka,Medical,"39,600","1,57,750",7.3,7.7,6.3,8,7.7,7.6,6.7,Dayananda Sagar University,EXACT,False
Garden City University,Karnataka,Medical,"1,19,000","90,100",7.8,7.7,7.5,7.8,8.2,7.3,8.5,Garden City University,EXACT,False
Indian Institute of Science,Karnataka,Medical,"35,200",--,9,9.6,8.5,9.4,9.5,8.4,8.4,Indian Institute of Science,EXACT,False
Jain University,Karnataka,Medical,--,--,7.8,7.9,7.2,7.9,7.6,7.9,8,Jain University,EXACT,False
"REVA University, Bangalore",Karnataka,Medical,--,--,8.4,8.3,8.1,8.3,9.3,7.8,8.4,"REVA University, Bangalore",EXACT,False
"KLE University, Belgaum",Karnataka,Medical,"71,000","71,000",7.2,7.4,7,7.6,7.9,6.1,7.4,"KLE University, Belgaum",EXACT,False
"Yenepoya University, Mangalore",Karnataka,Medical,"60,000","75,000",7.8,8.3,6.9,8.2,8.6,7.6,6.9,"Yenepoya University, Mangalore",EXACT,False
Nitte University,Karnataka,Medical,"1,27,500","1,06,000",7.6,7.1,7.1,7.8,7.8,7.8,7.8,Nitte University,EXACT,False
"Srinivas University, Mangalore",Karnataka,Medical,"1,78,000","90,000",8.2,8.7,7.1,8.6,8.2,8.1,8.7,"Srinivas University, Mangalore",EXACT,False
Adichunchanagiri University,Karnataka,Medical,"1,12,850","5,21,000",7.5,7.3,6.7,8.2,7.7,7.6,7.7,Adichunchanagiri University,EXACT,False
"BLDE University, Bijapur",Karnataka,Medical,"62,000","1,01,000",8.1,8.3,7.8,8.4,8.1,7.7,8.1,"BLDE University, Bijapur",EXACT,False
M.S. Ramaiah University of Applied Sciences,Karnataka,Medical,"98,250",--,7.6,8.2,6.3,8.2,7.9,7.2,7.8,M.S. Ramaiah University of Applied Sciences,EXACT,False
"Krupanidhi Group of Institutions, Bangalore",Karnataka,Medical,"1,30,000","4,02,000",8.7,8.8,8.2,8.8,8.9,8.8,8.9,Krupanidhi Group of Institutions,EXACT,False
Dayananda Sagar Institutions,Karnataka,Medical,--,--,7.8,7.8,7.3,7.6,8.8,7.3,7.7,Dayananda Sagar Institutions,EXACT,False
Institute of Clinical Research,Karnataka,Medical,--,--,8.6,9,8.3,9,8.7,8.7,8,Institute of Clinical Research,EXACT,False
"Oxford Medical College Hospital and Research Centre,",Karnataka,Medical,--,--,7.6,8.3,5.3,8.7,7,7.3,8.7,Oxford Medical College Hospital and Research Centre,EXACT,False
Osmania Medical College,Telangana,Medical,"26,600","28,100",8.4,8.6,7.6,8.6,7.8,9.1,8.5,Osmania Medical College,EXACT,False
"Gandhi Medical College, Secunderabad",Telangana,Medical,--,--,7.3,7.9,7.6,7.7,7,6.9,6.7,"Gandhi Medical College, Secunderabad",EXACT,False
University of Hyderabad,Telangana,Medical,"1,03,365",--,8.4,8.7,7.6,8.5,9,7.5,8.8,University of Hyderabad,EXACT,False
"SVS Medical College, Mahabub Nagar",Telangana,Medical,"3,19,725","3,19,725",8.1,8.2,8,8.7,7.6,8.1,7.8,"SVS Medical College, Mahabub Nagar",EXACT,False
"Dr VRK Women's Medical College, Hyderabad",Telangana,Medical,"60,000",--,7.7,8,7,8,8,7,8,Dr VRK Women's Medical College,EXACT,False
Bhaskar Medical College,Telangana,Medical,"11,55,000",--,7.9,8.1,7.1,8.3,7.9,7.8,7.9,Bhaskar Medical College,EXACT,False
Osmania University College for Women,Telangana,Medical,--,--,8.2,8,8.4,8.7,8.5,6.5,9,Osmania University College for Women,EXACT,False
Osmania University,Telangana,Medical,--,--,7.9,8.3,7.5,8,8,7.7,7.9,Osmania University,EXACT,False
Kohinoor Technical Institute,Telangana,Medical,--,--,6.7,7,--,--,6,7,--,Kohinoor Technical Institute,EXACT,False
Indian Institute of Public Health,Telangana,Medical,"2,25,000","2,00,000",6.7,5.8,5.6,7.4,6.7,7.7,7,Indian Institute of Public Health,EXACT,False
Dr CC Mattei Electro Homoeopathic Alternative Medical,Telangana,Medical,--,--,--,--,--,--,--,--,--,Dr CC Mattei Electro Homoeopathic Alternative Medical,EXACT,False
"Sri Sai College of Dental Surgery, Hyderabad",Telangana,Medical,--,--,8,8.3,7.8,8,8,7.8,8,Sri Sai College of Dental Surgery,EXACT,False
"Apollo Physiotherapy College, Hyderabad",Telangana,Medical,--,--,8.6,--,--,--,--,--,--,"Apollo Physiotherapy College, Hyderabad",EXACT,False
Chalmeda Anand Rao Institute of Medical Sciences,Telangana,Medical,"50,00,000","72,00,000",6.8,7.8,6.5,7,7,6.6,5.8,Chalmeda Anand Rao Institute of Medical Sciences,EXACT,False
"Deccan College of Medical Sciences, Hyderabad",Telangana,Medical,--,--,7.7,7.5,7,8.1,7.8,7.9,7.7,Deccan College of Medical Sciences,EXACT,False
"Kamineni Institute of Medical Sciences, Nalgonda",Telangana,Medical,"1,33,200","3,45,000",7.7,8.5,7.3,8.2,8,6.8,7.1,Kamineni Institute of Medical Sciences,EXACT,False
LV Prasad Eye Institute,Telangana,Medical,--,--,8.3,8.2,7.8,8.7,8.4,8.8,7.9,LV Prasad Eye Institute,EXACT,False
"Mamata Medical College, Khammam",Telangana,Medical,"95,000",--,7.8,7.8,7.1,8.2,8.1,7.8,7.8,"Mamata Medical College, Khammam",EXACT,False
Mediciti Institute of Medical Sciences,Telangana,Medical,--,--,7.1,7.8,6,7.3,7,7.5,7.2,Mediciti Institute of Medical Sciences,EXACT,False
"Mamata Nursing College, Khammam",Telangana,Medical,"95,000",--,6.3,7.5,6.5,7,6,5,5.5,"Mamata Nursing College, Khammam",EXACT,False
Nizam's Institute of Medical Sciences,Telangana,Medical,"19,000","1,66,000",8.5,9.2,8.2,8.6,8.4,8.1,8.3,Nizam's Institute of Medical Sciences,EXACT,False
Kakatiya Medical College,Telangana,Medical,"10,250",--,7.7,7.6,7,7.9,7.1,7.9,8.7,Kakatiya Medical College,EXACT,False
Shadan Institute of Medical Sciences,Telangana,Medical,"60,000",--,7.9,8.1,7.4,8.4,7.8,7.6,7.8,Shadan Institute of Medical Sciences,EXACT,False
Apollo Institute of Medical Science & Research,Telangana,Medical,"60,000",--,6.7,7.2,6.3,8.4,8,5.5,5,Apollo Institute of Medical Science & Research,EXACT,False
"ESIC Medical College, Hyderabad",Telangana,Medical,"4,50,000",--,8.2,8.7,8.2,8.3,8.4,8.3,7.5,"ESIC Medical College, Hyderabad",EXACT,False
"Malla Reddy Institute of Medical Sciences-[MRIMS], Hyderabad",Telangana,Medical,--,--,8.7,9,8.1,9.1,8.7,8.6,8.7,Malla Reddy Institute of Medical Sciences-[MRIMS],EXACT,False
Sri Raja Rajeshwara Government Arts & Science,Telangana,Medical,--,--,--,--,--,--,--,--,--,Sri Raja Rajeshwara Government Arts & Science,EXACT,False
"Kaloji Narayana Rao University of Health Sciences,",Telangana,Medical,"24,20,000","2,25,000",8.3,8.8,8,8.4,8.7,8,8.1,Kaloji Narayana Rao University of Health Sciences,EXACT,False
"Government Medical College, Mahabub Nagar",Telangana,Medical,"36,560",--,--,--,--,--,--,--,--,Government Medical College,EXACT,False
Malla Reddy University,Telangana,Medical,"1,00,000",--,--,--,--,--,--,--,--,Malla Reddy University,EXACT,False
Sri Aurobindo Institute of Medical Sciences,Madhya Pradesh,Medical,"8,67,000","16,50,000",7.8,8.7,6.9,8.2,8.7,8.1,6.2,Sri Aurobindo Institute of Medical Sciences,EXACT,False
Rabindranath Tagore University,Madhya Pradesh,Medical,"15,000","60,000",7.7,8,7.4,7.8,8.6,6.4,7.8,Rabindranath Tagore University,EXACT,False
"Rajeev Gandhi College, Bhopal",Madhya Pradesh,Medical,--,--,6.7,7,5.9,7.3,7.1,5.6,7.2,"Rajeev Gandhi College, Bhopal",EXACT,False
Institute for Excellence in Higher Education,Madhya Pradesh,Medical,"8,000",--,7.2,7.9,6.5,7.9,7,6.7,7.4,Institute for Excellence in Higher Education,EXACT,False
Government M L B Girls PG College,Madhya Pradesh,Medical,--,--,6.9,7.1,6.5,7.4,6.5,5.8,7.8,Government M L B Girls PG College,EXACT,False
"Devi Ahilya Vishwavidyalaya, Indore",Madhya Pradesh,Medical,"34,500",--,7.5,8,6.5,7.8,7.5,7,7.9,"Devi Ahilya Vishwavidyalaya, Indore",EXACT,False
Barkatullah University,Madhya Pradesh,Medical,"14,450","7,450",6.9,7.3,6.1,7.4,6.9,6,7.5,Barkatullah University,EXACT,False
Atal Bihari Vajpayee Hindi Vishwavidyalaya,Madhya Pradesh,Medical,"6,600","9,500",7.7,8.3,6.3,8.7,7.3,7.8,7.9,Atal Bihari Vajpayee Hindi Vishwavidyalaya,EXACT,False
"Career College, Bhopal",Madhya Pradesh,Medical,"56,000","75,000",8.3,8.4,7.6,8.7,8.3,8.4,8.3,"Career College, Bhopal",EXACT,False
"RKDF University, Bhopal",Madhya Pradesh,Medical,"40,000","1,50,000",7.6,8,7,7.8,8,6.5,8.2,"RKDF University, Bhopal",EXACT,False
LNCT University,Madhya Pradesh,Medical,"1,10,000","26,000",9,9,8.8,9.3,8.8,8.9,8.9,LNCT University,EXACT,False
Sardar Patel University,Madhya Pradesh,Medical,"16,000",--,7.9,7.9,7.4,8.4,8,7.7,8,Sardar Patel University,EXACT,False
Shri Krishna University,Madhya Pradesh,Medical,"17,500",--,8.1,8.1,7.4,8.3,8.5,8,8,Shri Krishna University,EXACT,False
AKS University,Madhya Pradesh,Medical,"40,000",--,7.3,7.8,5.9,8.2,7.6,6.9,7.4,AKS University,EXACT,False
"ITM University, Gwalior",Madhya Pradesh,Medical,"25,000","35,000",7.6,7.9,7,7.6,8.1,7.2,8,"ITM University, Gwalior",EXACT,False
"People's University, Bhopal",Madhya Pradesh,Medical,"40,000","80,000",7,6.7,6.6,7.5,7.2,6.6,7.4,"People's University, Bhopal",EXACT,False
"Swami Vivekanand University, Sagar",Madhya Pradesh,Medical,"23,100","22,600",6.3,6.9,5,7,6.4,5.6,6.6,"Swami Vivekanand University, Sagar",EXACT,False
Sarvepalli Radhakrishnan University,Madhya Pradesh,Medical,"34,000","1,29,400",7.4,7.9,6.3,7.8,7.1,7.4,8.1,Sarvepalli Radhakrishnan University,EXACT,False
"Malwanchal University, Indore",Madhya Pradesh,Medical,"60,650","12,50,700",7.4,7.7,7.3,7.3,7.3,7.7,7,"Malwanchal University, Indore",EXACT,False
"IES University, Bhopal",Madhya Pradesh,Medical,"45,000",--,7.3,8,4,8.1,7,7.9,9,"IES University, Bhopal",EXACT,False
Vikrant Group of Institutions,Madhya Pradesh,Medical,"30,000",--,9,9.4,8.5,9.1,9.6,8.7,8.9,Vikrant Group of Institutions,EXACT,False
"VISM Group of Studies, Gwalior",Madhya Pradesh,Medical,"1,50,000",--,--,--,--,--,--,--,--,"VISM Group of Studies, Gwalior",EXACT,False
P.K. University,Madhya Pradesh,Medical,"40,000","30,000",9.3,--,--,--,--,--,--,P.K. University,EXACT,False
"Mansarovar Group of Institutions, Bhopal",Madhya Pradesh,Medical,"2,14,000",--,--,--,--,--,--,--,--,"Mansarovar Group of Institutions, Bhopal",EXACT,False
Dr. C.V. Raman University,Madhya Pradesh,Medical,"50,000","22,000",--,--,--,--,--,--,--,Dr. C.V. Raman University,EXACT,False
"LNCT Group of Colleges -[LNCT], Bhopal",Madhya Pradesh,Medical,--,--,7.7,7.8,7,7.8,7.8,8,7.6,"LNCT Group of Colleges -[LNCT], Bhopal",EXACT,False
Shri Ramnath Singh Group of Colleges,Madhya Pradesh,Medical,--,--,5.4,7,4.5,7.5,6.5,3,4,Shri Ramnath Singh Group of Colleges,EXACT,False
"NRI Vidyadayini Institute of Science, Management, and",Madhya Pradesh,Medical,"65,000","65,000",7.2,7.8,6.5,7.3,7.8,6.5,7.3,NRI Vidyadayini Institute of Science,EXACT,False
Mansarovar Global University,Madhya Pradesh,Medical,"56,000","56,000",7.6,7.8,6.3,7.3,8.5,8,7.7,Mansarovar Global University,EXACT,False
"Hawabagh Women's College, Jabalpur",Madhya Pradesh,Medical,--,--,--,--,--,--,--,--,--,"Hawabagh Women's College, Jabalpur",EXACT,False
"Amrita School of Medicine, Kochi",Kerala,Medical,"18,68,000","28,98,400",8.3,8.8,7.3,8.5,9,8.5,7.5,"Amrita School of Medicine, Kochi",EXACT,False
Mahatma Gandhi University,Kerala,Medical,"8,100",--,7.7,8,7.5,8,8,6.2,8.2,Mahatma Gandhi University,EXACT,False
Calicut University,Kerala,Medical,"1,01,000","7,130",7,7.5,6.2,7.5,7.4,5.4,7.9,Calicut University,EXACT,False
St. Berchmans College,Kerala,Medical,"1,20,000",--,8.4,8.6,8.2,8.6,8.6,7.7,8.5,St. Berchmans College,EXACT,False
"St Teresa's College (Autonomous), Ernakulam",Kerala,Medical,--,--,8.4,8.9,7.4,9,8.2,7.7,9.3,St Teresa's College (Autonomous),EXACT,False
Kerala Veterinary and Animal Sciences University,Kerala,Medical,"68,350","68,350",8.1,8.7,7,8.4,8,8.2,8,Kerala Veterinary and Animal Sciences University,EXACT,False
"Amrita Vishwa Vidyapeetham Amritapuri Campus, Kollam",Kerala,Medical,"2,87,850","3,00,000",7.4,8,5.3,7.8,8.3,7.8,7.2,Amrita Vishwa Vidyapeetham Amritapuri Campus,EXACT,False
"A.J. College of Science and Technology Thonnakkal,",Kerala,Medical,"17,500",--,7.4,8.2,6.5,8.8,7.8,5.6,7.5,"A.J. College of Science and Technology Thonnakkal,",EXACT,False
"Catholicate College, Pathanamthitta",Kerala,Medical,--,--,7.9,8.2,7.7,8.3,8.3,6.3,8.7,"Catholicate College, Pathanamthitta",EXACT,False
"Government College for Women, Thiruvananthapuram",Kerala,Medical,--,--,8.2,9,6.8,8.8,9,7.1,8.6,Government College for Women,EXACT,False
"National Institute of Speech and Hearing, Thiruvananthapuram",Kerala,Medical,"15,000",--,--,--,--,--,--,--,--,National Institute of Speech and Hearing,EXACT,False
"Sree Narayana College for Women, Kollam",Kerala,Medical,--,--,8.5,8.5,7,--,--,--,--,"Sree Narayana College for Women, Kollam",EXACT,False
The Zamorins Guruvayurappan College,Kerala,Medical,"12,050",--,7.7,8,7,8.3,9,5.4,8.4,The Zamorins Guruvayurappan College,EXACT,False
VNS College of Arts and Science,Kerala,Medical,"33,000",--,8.2,9,6,8,8,--,--,VNS College of Arts and Science,EXACT,False
"ANSS Homeo Medical College, Kottayam",Kerala,Medical,"2,087",--,--,--,--,--,--,--,--,"ANSS Homeo Medical College, Kottayam",EXACT,False
Dr. Padiyar Memorial Homoeopathic Medical College Chottanikkara,Kerala,Medical,"2,087",--,9.3,--,--,--,--,--,--,Dr. Padiyar Memorial Homoeopathic Medical College Chottanikkara,EXACT,False
"Government Homoeopathic Medical College, Calicut",Kerala,Medical,"4,850","15,250",8.5,7.8,7.8,9.3,9.5,8.3,8,Government Homoeopathic Medical College,EXACT,False
Ahalia Ayurveda Medical College,Kerala,Medical,"2,78,465",--,8.3,9,8,8.5,8.5,8,7.5,Ahalia Ayurveda Medical College,EXACT,False
"Amala Ayurvedic Hospital and Research Centre, Thrissur",Kerala,Medical,"3,500",--,--,--,--,--,--,--,--,Amala Ayurvedic Hospital and Research Centre,EXACT,False
"Anugraha School of Ayurveda Nursing, Pathanamthitta",Kerala,Medical,--,--,--,--,--,--,--,--,--,Anugraha School of Ayurveda Nursing,EXACT,False
"KMCT Ayurveda Medical College Manassery, Kozhikode",Kerala,Medical,"1,99,415",--,--,--,--,--,--,--,--,KMCT Ayurveda Medical College Manassery,EXACT,False
"Nangelil Ayurveda Medical College, Ernakulam",Kerala,Medical,"75,000",--,7.8,7,8,8,9,8,7,Nangelil Ayurveda Medical College,EXACT,False
"PN Panicker Souhruda Ayurveda Medical College, Kasaragod",Kerala,Medical,"2,82,821",--,7.4,7,6,8.5,--,--,--,PN Panicker Souhruda Ayurveda Medical College,EXACT,False
Poomulli Neelakandan Namboodiripad Memorial Ayurveda Medical College,Kerala,Medical,"1,99,415","20,700",8.8,9,8,9,8,--,--,Poomulli Neelakandan Namboodiripad Memorial Ayurveda Medical College,EXACT,False
Pankajakasthuri Ayurveda Medical College,Kerala,Medical,"1,99,415","20,700",7.9,9,8,8.7,8,6,7.7,Pankajakasthuri Ayurveda Medical College,EXACT,False
"Santhigiri Ayurveda & Siddha Vaidyasala, Palakkad",Kerala,Medical,"1,99,415",--,--,--,--,--,--,--,--,Santhigiri Ayurveda & Siddha Vaidyasala,EXACT,False
Santhigiri Ayurveda Medical College,Kerala,Medical,"1,99,415",--,7.8,8.5,7.3,7.8,8.3,7.3,7.3,Santhigiri Ayurveda Medical College,EXACT,False
"Al Shifa College of Paramedical Sciences, Perinthalmanna",Kerala,Medical,"1,44,500",--,8.1,9,9,8.5,7.5,7,7.5,Al Shifa College of Paramedical Sciences,EXACT,False
"Ananthapuri Hospitals and Research Institute, Thiruvananthapuram",Kerala,Medical,"2,50,000",--,--,--,--,--,--,--,--,Ananthapuri Hospitals and Research Institute,EXACT,False
Azeezia Medical College,Kerala,Medical,"7,02,979",--,7.9,8.3,7,8.8,8,8,7.5,Azeezia Medical College,EXACT,False
All India Institute of Medical Sciences,Rajasthan,Medical,"2,147","2,147",8,8.3,7.9,8.4,8.8,7.7,7.1,All India Institute of Medical Sciences,EXACT,False
College of Veterinary and Animal Sciences,Rajasthan,Medical,"15,740",--,7.8,8.4,7.5,7.7,8.2,7.8,7.3,College of Veterinary and Animal Sciences,EXACT,False
Madhav University,Rajasthan,Medical,"40,000","25,000",7.8,7.9,7.5,8.2,7.9,7.3,7.8,Madhav University,EXACT,False
"Dr SN Medical College & Hospital, Jodhpur",Rajasthan,Medical,"36,850",--,7.9,8.1,6.8,8.5,8,7.8,7.9,Dr SN Medical College & Hospital,EXACT,False
Janardan Rai Nagar Rajasthan Vidyapeeth University,Rajasthan,Medical,"55,000","95,000",7.8,8.3,7.5,8.3,7.9,7.3,7.5,Janardan Rai Nagar Rajasthan Vidyapeeth University,EXACT,False
"Amity University, Jaipur",Rajasthan,Medical,"84,000",--,8,7.8,7.6,7.8,8.9,7.4,8.7,"Amity University, Jaipur",EXACT,False
"Poddar Group of Institutions, Jaipur",Rajasthan,Medical,"65,000","15,000",7.7,8.3,7.1,8.6,7.4,6.9,8,"Poddar Group of Institutions, Jaipur",EXACT,False
Jai Narain Vyas University,Rajasthan,Medical,"12,000",--,6.2,6.9,5.2,7.1,6.4,4.9,6.4,Jai Narain Vyas University,EXACT,False
Mahatma Jyoti Rao Phoole University,Rajasthan,Medical,"37,000","51,000",6.8,6.9,6.2,7.4,7.7,6.4,6.4,Mahatma Jyoti Rao Phoole University,EXACT,False
"NIMS University, Jaipur",Rajasthan,Medical,"1,15,000","80,000",7.8,7.9,7.2,7.9,8.5,7,8,"NIMS University, Jaipur",EXACT,False
Career Point University,Rajasthan,Medical,"84,000","94,000",8.3,8.4,7.9,8.4,8.4,7.6,8.9,Career Point University,EXACT,False
"IIHMR University, Jaipur",Rajasthan,Medical,"16,27,505",--,8.5,8.6,8.1,8.5,8.8,8.5,8.2,"IIHMR University, Jaipur",EXACT,False
"SPC Education Center, Jaipur",Rajasthan,Medical,"25,000",--,10,--,--,--,--,--,--,"SPC Education Center, Jaipur",EXACT,False
Mewar University,Rajasthan,Medical,"60,000","53,000",8,7.9,7.1,8.1,8.8,7.3,8.6,Mewar University,EXACT,False
University of Rajasthan,Rajasthan,Medical,--,--,7.6,8.1,7.1,8.1,7.9,6.5,7.8,University of Rajasthan,EXACT,False
"Singhania University, Jhunjhunu",Rajasthan,Medical,"42,000","92,000",7.1,7.1,6.7,7.1,7.1,7,7.3,"Singhania University, Jhunjhunu",EXACT,False
Jaipur National University,Rajasthan,Medical,"37,000","52,000",7.5,7.9,7,7.7,7.8,6.7,7.6,Jaipur National University,EXACT,False
Manipal University,Rajasthan,Medical,--,--,8.4,8.2,8.3,8.2,9.2,7.7,9,Manipal University,EXACT,False
"Tantia University, Sriganganagar",Rajasthan,Medical,"1,25,000","70,000",8.6,8.8,8.4,9.3,8.8,7.1,9.1,"Tantia University, Sriganganagar",EXACT,False
JECRC University,Rajasthan,Medical,"70,000","70,000",8.1,8.1,7.4,8.2,8.2,8.1,8.7,JECRC University,EXACT,False
SunRise University,Rajasthan,Medical,"19,200","20,200",8.1,8.1,7.3,8.7,8.1,7.9,8.4,SunRise University,EXACT,False
"OPJS University, Churu",Rajasthan,Medical,"25,200","82,000",7.2,7.1,7.6,7.6,7.7,6.3,6.8,"OPJS University, Churu",EXACT,False
Geetanjali University,Rajasthan,Medical,"30,000","7,10,200",7.3,7.2,6.9,7.3,8.1,7,7.1,Geetanjali University,EXACT,False
Poornima University,Rajasthan,Medical,"1,72,000","1,72,000",7.9,8.2,7.4,8,7.9,7.9,7.7,Poornima University,EXACT,False
"Mody University, Sikar",Rajasthan,Medical,"1,84,000",--,8.3,8.3,8.5,8,9,7.9,8.2,"Mody University, Sikar",EXACT,False
Jayoti Vidyapeeth Women's University,Rajasthan,Medical,"50,000","65,000",7.6,7.7,8.4,7.9,7.7,6.4,7.4,Jayoti Vidyapeeth Women's University,EXACT,False
"Apex University, Jaipur",Rajasthan,Medical,"48,000","30,000",8.7,8.9,8.9,8.6,8.7,8.5,8.7,"Apex University, Jaipur",EXACT,False
Suresh Gyan Vihar University,Rajasthan,Medical,"1,20,000",--,7.5,7.8,6.7,7.5,8.8,6.3,8,Suresh Gyan Vihar University,EXACT,False
"Jagannath University, Jaipur",Rajasthan,Medical,"75,000","75,000",7.3,7.1,6.7,7.9,7.7,6.9,7.4,"Jagannath University, Jaipur",EXACT,False
"Pacific University, Udaipur",Rajasthan,Medical,"25,000",--,7.7,7.8,7.3,8.1,7.8,7.2,8,"Pacific University, Udaipur",EXACT,False
Post Graduate Institute of Medical Education &,Haryana,Medical,"3,470","3,470",8,8.3,6.8,8.8,8.2,8,8,Post Graduate Institute of Medical Education &,EXACT,False
Government Medical College and Hospital,Haryana,Medical,"25,000","22,000",7.9,8.7,7,8.5,8.2,6.9,8.3,Government Medical College and Hospital,EXACT,False
Pt Bhagwat Dayal Sharma Post Graduate Institute,Haryana,Medical,"12,395","21,153",7.5,8.4,7.5,8.1,7.5,7.6,6.1,Pt Bhagwat Dayal Sharma Post Graduate Institute,EXACT,False
Panjab University,Haryana,Medical,"53,800","95,800",7.7,8.2,7.7,8,7.7,6.5,8.2,Panjab University,EXACT,False
Maharshi Dayanand University,Haryana,Medical,"28,424",--,7.8,8,7.7,8,8.4,6.6,8,Maharshi Dayanand University,EXACT,False
Chandigarh University,Haryana,Medical,"85,000","1,10,000",8.6,8.6,8.2,8.4,9,8.6,8.8,Chandigarh University,EXACT,False
"Lord Shiva College of Pharmacy, Sirsa",Haryana,Medical,"45,000",--,7.9,8.3,8,8,8.3,8,7,"Lord Shiva College of Pharmacy, Sirsa",EXACT,False
Apeejay Stya University,Haryana,Medical,"1,30,200",--,7.9,8.2,7.5,7.9,7.5,7.7,8.3,Apeejay Stya University,EXACT,False
"Sri Guru Gobind Singh College of Pharmacy,",Haryana,Medical,"2,575",--,8.8,9.3,8.3,9.7,8.3,7.7,9.3,Sri Guru Gobind Singh College of Pharmacy,EXACT,False
Kurukshetra University,Haryana,Medical,"23,600",--,7.5,8.1,7,8,7.7,6.5,7.7,Kurukshetra University,EXACT,False
Guru Jambheshwar University of Science and Technology,Haryana,Medical,"30,000","22,600",7.7,7.7,7.3,7.5,8.9,6.5,8,Guru Jambheshwar University of Science and Technology,EXACT,False
Maharishi Markandeshwar,Haryana,Medical,"87,000","72,000",7.5,7.6,7.2,7.7,8.3,6.8,7.6,Maharishi Markandeshwar,EXACT,False
DAV College,Haryana,Medical,"23,510",--,8,8.4,7.4,8.3,8,6.8,8.8,DAV College,EXACT,False
Goswami Ganesh Dutt Sanatan Dharama College,Haryana,Medical,--,--,8.1,8.6,7.6,8.5,8.1,7.1,8.8,Goswami Ganesh Dutt Sanatan Dharama College,EXACT,False
"Ashoka University, Sonepat",Haryana,Medical,"45,000",--,8.6,8.6,8.6,8.9,8.7,8.3,8.5,"Ashoka University, Sonepat",EXACT,False
"Gurugram University, Gurgaon",Haryana,Medical,"40,000","50,000",8.2,8.6,7.4,8.4,8.6,8,8.1,"Gurugram University, Gurgaon",EXACT,False
"PDM University, Bahadurgarh, Bahadurgarh",Haryana,Medical,"84,200",--,7.4,7.1,7.6,7.4,7.5,7.1,7.7,"PDM University, Bahadurgarh, Bahadurgarh",EXACT,False
"Amity University, Gurgaon",Haryana,Medical,"1,06,000","84,000",7.7,7.8,7.1,7.6,8.6,7.1,8.1,"Amity University, Gurgaon",EXACT,False
Manav Rachna International Institute of Research and,Haryana,Medical,"1,36,000","1,71,000",7.5,7.4,7.3,7.5,8.3,6.6,7.6,Manav Rachna International Institute of Research and,EXACT,False
"Starex University, Gurgaon",Haryana,Medical,"75,000","60,000",8.8,9.1,9.1,8.7,8.6,8.5,8.7,"Starex University, Gurgaon",EXACT,False
Modern Vidya Niketan,Haryana,Medical,"70,000","1,05,000",7,7.2,6.4,7.7,7,6.8,6.8,Modern Vidya Niketan,EXACT,False
"Lingaya's Vidyapeeth, Faridabad",Haryana,Medical,"74,500","1,03,500",7.8,8,7.5,8.1,7.7,7.3,8.1,"Lingaya's Vidyapeeth, Faridabad",EXACT,False
Manav Rachna University,Haryana,Medical,"1,71,000","1,36,000",7.8,7.6,7.5,7.7,8.8,7.3,7.9,Manav Rachna University,EXACT,False
"Sushant University / Ansal University, Gurgaon",Haryana,Medical,"1,39,870","1,42,000",7.8,8,8,7.9,8.4,7,7.5,Sushant University / Ansal University,EXACT,False
G D Goenka University,Haryana,Medical,"1,29,000","1,29,000",8.2,7.7,8.3,8.3,8.9,7.6,8.4,G D Goenka University,EXACT,False
"Jagannath University, Bahadurgarh",Haryana,Medical,"95,000","95,000",8,8.3,8,7.8,8.7,7.4,7.9,"Jagannath University, Bahadurgarh",EXACT,False
Al-Falah university,Haryana,Medical,"50,000","50,000",5.6,5.9,6,6.4,6.2,4,5.1,Al-Falah university,EXACT,False
"SGT University, Gurgaon",Haryana,Medical,"1,32,500","1,62,500",8,8,7.6,8.1,8.4,7.5,8.1,"SGT University, Gurgaon",EXACT,False
RP Inderaprastha Institute of Technology,Haryana,Medical,"1,00,000","78,000",7.1,7.7,6.5,7.5,7.6,6.1,6.9,RP Inderaprastha Institute of Technology,EXACT,False
B. J. Medical College,Gujarat,Medical,"6,000","90,000",8.6,9,8.3,8.5,8.1,9.3,8.3,B. J. Medical College,EXACT,False
Indian Institute of Technology,Gujarat,Medical,"4,55,000",--,8.4,8.3,8.4,8.8,9.1,7.2,8.8,IIT,EXACT,False
National Institute of Pharmaceutical Education And Research,Gujarat,Medical,"92,000",--,7.5,7.7,6.7,7.7,8,7.3,7.8,National Institute of Pharmaceutical Education And Research,EXACT,False
"Karnavati School of Dentistry, Karnavati University",Gujarat,Medical,"1,39,000",--,9.1,9.7,8,8.7,--,--,--,Karnavati School of Dentistry,EXACT,False
Maharaja Sayajirao University of Baroda,Gujarat,Medical,"27,500",--,7.9,8.3,7,8.4,8,7.2,8.4,Maharaja Sayajirao University of Baroda,EXACT,False
"Government Medical College, Surat",Gujarat,Medical,"9,57,000","18,08,333",7.8,8.1,7.2,7.7,7.1,8.4,8.1,"Government Medical College, Surat",EXACT,False
"Smt. NHL Municipal Medical College, Ahmedabad",Gujarat,Medical,"5,93,000","6,34,000",7.7,8.4,7.4,8.2,6.3,8.4,7.4,Smt. NHL Municipal Medical College,EXACT,False
Pandit Deendayal Upadhyay Medical College,Gujarat,Medical,"25,000","90,000",8.3,9,8,8.4,8,8.7,7.6,Pandit Deendayal Upadhyay Medical College,EXACT,False
C. U. Shah Medical College,Gujarat,Medical,"9,00,000","9,00,000",6.7,7.1,6.1,8,6.6,5.6,6.6,C. U. Shah Medical College,EXACT,False
Pramukhswami Medical College,Gujarat,Medical,"8,22,000","25,000",8,8.7,6.2,8.8,8.3,8,8,Pramukhswami Medical College,EXACT,False
"GCS Medical College, Hospital & Research Centre,",Gujarat,Medical,"6,48,000","10,50,000",8.1,8.5,7.3,8.5,8.5,7.8,7.9,GCS Medical College,EXACT,False
Smt. B.K. Shah Medical Institute and Research,Gujarat,Medical,"15,95,000","12,50,000",7.1,7.7,6,7.8,5.7,7.8,7.7,Smt. B.K. Shah Medical Institute and Research,EXACT,False
Dr Babasaheb Ambedkar Open University,Gujarat,Medical,"4,200","4,200",7.7,8.5,5.5,8.5,8,7.5,8.1,Dr Babasaheb Ambedkar Open University,EXACT,False
Sardar Patel University,Gujarat,Medical,--,--,7.8,8.6,7,8.5,7.7,7.3,7.8,Sardar Patel University,EXACT,False
"Navsari Agricultural University, Navsari",Gujarat,Medical,"45,100",--,8,8.3,7.4,8.4,7.8,7.8,8.2,"Navsari Agricultural University, Navsari",EXACT,False
Gujarat Vidyapith,Gujarat,Medical,--,--,8.4,9,7.9,9.1,8.4,7.6,8.1,Gujarat Vidyapith,EXACT,False
Karnavati University,Gujarat,Medical,"1,44,000",--,8.9,8.6,8.2,9.3,9.4,8.6,9.3,Karnavati University,EXACT,False
"Sumandeep Vidyapeeth, Vadodara",Gujarat,Medical,"55,000","17,500",7.8,8,7,8.2,8,7.5,8,"Sumandeep Vidyapeeth, Vadodara",EXACT,False
"Atmiya University, Rajkot",Gujarat,Medical,"46,000",--,8.1,8.8,7.5,8.6,8.4,7.4,7.9,"Atmiya University, Rajkot",EXACT,False
Ganpat University,Gujarat,Medical,"35,000","1,00,000",8.1,8.2,7.2,8.1,8.5,7.8,8.6,Ganpat University,EXACT,False
"C. U. Shah University, Wadhwan",Gujarat,Medical,"34,100",--,7.7,7.6,7,8.2,7.8,7.4,7.9,"C. U. Shah University, Wadhwan",EXACT,False
"P.P. Savani University, Surat",Gujarat,Medical,"78,500","1,43,500",9.3,9.4,8.9,9.5,9.6,8.7,9.4,"P.P. Savani University, Surat",EXACT,False
"Indus University, Ahmedabad",Gujarat,Medical,"55,500",--,7.5,7.9,7,7.7,7.8,6.8,7.9,"Indus University, Ahmedabad",EXACT,False
Marwadi University,Gujarat,Medical,"75,000","70,000",8.3,8.2,8.3,8.2,9.1,7.7,8.2,Marwadi University,EXACT,False
"Uka Tarsadia University, Bardoli",Gujarat,Medical,"1,12,000","2,48,000",8.1,7.8,7.9,8.2,9.4,6.9,8.3,"Uka Tarsadia University, Bardoli",EXACT,False
RK University,Gujarat,Medical,"61,000","2,70,000",8.5,9,7.9,8.6,9,7.8,8.5,RK University,EXACT,False
Dharmsinh Desai University,Gujarat,Medical,"7,85,000",--,7.7,8.5,7,8.3,7.1,8.1,6.9,Dharmsinh Desai University,EXACT,False
ITM Vocational University,Gujarat,Medical,--,--,7.8,8.7,7.4,8,7.5,7.1,7.9,ITM Vocational University,EXACT,False
Charotar University of Science and Technology,Gujarat,Medical,"1,65,000","2,00,000",8.5,8.5,8,8.4,9.3,8.1,8.6,Charotar University of Science and Technology,EXACT,False
Post Graduate Institute of Medical Education &,Punjab,Medical,"3,470","3,470",8,8.3,6.8,8.8,8.2,8,8,Post Graduate Institute of Medical Education &,EXACT,False
Christian Medical College,Punjab,Medical,"3,90,000","3,90,000",8.5,9,7.8,8.8,8.5,8.5,8.3,Christian Medical College,EXACT,False
Dayanand Medical College and Hospital,Punjab,Medical,"16,11,800","16,11,800",8.3,8.4,8.2,8.5,8.4,8,8.2,Dayanand Medical College and Hospital,EXACT,False
Government Medical College and Hospital,Punjab,Medical,"25,000","22,000",7.9,8.7,7,8.5,8.2,6.9,8.3,Government Medical College and Hospital,EXACT,False
Panjab University,Punjab,Medical,"53,800","95,800",7.7,8.2,7.7,8,7.7,6.5,8.2,Panjab University,EXACT,False
Sri Guru Ram Das Institute of Dental,Punjab,Medical,--,--,5.7,7,5,7,9,1,5,Sri Guru Ram Das Institute of Dental,EXACT,False
"Government Medical College / Rajindra Hospital-[GMCP], Patiala",Punjab,Medical,"1,00,000","1,10,000",7.5,7.3,7.3,8.3,6.5,7.8,7.5,Government Medical College / Rajindra Hospital-[GMCP],EXACT,False
Chandigarh University,Punjab,Medical,"85,000","1,10,000",8.6,8.6,8.2,8.4,9,8.6,8.8,Chandigarh University,EXACT,False
"Sri Guru Gobind Singh College of Pharmacy,",Punjab,Medical,"2,575",--,8.8,9.3,8.3,9.7,8.3,7.7,9.3,Sri Guru Gobind Singh College of Pharmacy,EXACT,False
"Khalsa College, Amritsar",Punjab,Medical,"1,15,175","64,115",7.9,8.3,7.7,7.9,8.3,6.5,8.4,"Khalsa College, Amritsar",EXACT,False
"BBK DAV College for Women, Amritsar",Punjab,Medical,"21,760",--,8.8,9,8.5,9.5,8.2,7.8,9.5,"BBK DAV College for Women, Amritsar",EXACT,False
DAV College,Punjab,Medical,"23,510",--,8,8.4,7.4,8.3,8,6.8,8.8,DAV College,EXACT,False
Goswami Ganesh Dutt Sanatan Dharama College,Punjab,Medical,--,--,8.1,8.6,7.6,8.5,8.1,7.1,8.8,Goswami Ganesh Dutt Sanatan Dharama College,EXACT,False
"RIMT University, Gobindgarh",Punjab,Medical,"1,04,000","60,000",7.6,7.9,7.3,7.8,8,6.7,7.8,"RIMT University, Gobindgarh",EXACT,False
Chitkara University,Punjab,Medical,"3,20,000","1,76,000",8.5,8.4,7.7,8.5,8.9,8.7,8.7,Chitkara University,EXACT,False
"Guru Kashi University, Bathinda",Punjab,Medical,--,--,7.5,7.4,7.2,8,7.2,7.2,7.8,"Guru Kashi University, Bathinda",EXACT,False
"DAV University, Jalandhar",Punjab,Medical,"37,500",--,7.9,8.4,7,8.4,7,8,8.5,"DAV University, Jalandhar",EXACT,False
"Adesh University, Bathinda",Punjab,Medical,"1,29,000","73,000",8.6,8.8,8.8,8.5,9,8.3,8.3,"Adesh University, Bathinda",EXACT,False
Sant Baba Bhag Singh University,Punjab,Medical,"77,980",--,8.5,9,8.2,8.6,8,8.5,8.6,Sant Baba Bhag Singh University,EXACT,False
"Rayat Bahra University, Mohali",Punjab,Medical,"40,000","1,25,000",7.7,7.8,7.4,8,7.7,7.4,7.6,"Rayat Bahra University, Mohali",EXACT,False
"GNA University, Phagwara",Punjab,Medical,"70,200",--,7.7,8,7.6,7.9,7.8,7.2,7.7,"GNA University, Phagwara",EXACT,False
Sri Guru Granth Sahib World University,Punjab,Medical,"66,000","88,000",8.8,8.6,9,9,9.1,8.4,8.7,Sri Guru Granth Sahib World University,EXACT,False
Sri Guru Ram Das University of Health,Punjab,Medical,"25,000","40,000",8.8,8.7,8.7,9,9,8.4,8.8,Sri Guru Ram Das University of Health,EXACT,False
CT University,Punjab,Medical,"1,14,700","72,700",8.8,8.9,8.5,8.7,9.3,8.8,8.5,CT University,EXACT,False
"CT Group of Institutions, Jalandhar",Punjab,Medical,"60,500","31,750",7.6,7.5,7,8.2,7.5,7.9,7.4,"CT Group of Institutions, Jalandhar",EXACT,False
"Rayat Bahra Hoshiarpur Campus, Hoshiarpur",Punjab,Medical,"78,000",--,8.9,9.2,8.5,9.2,8.3,8.8,9.1,Rayat Bahra Hoshiarpur Campus,EXACT,False
"Rayat Bahra Patiala Campus, Patiala",Punjab,Medical,"78,000","70,000",6,6.3,7.8,6,6,4,6,"Rayat Bahra Patiala Campus, Patiala",EXACT,False
"KMS College of IT and Management, Dasuya",Punjab,Medical,"45,700",--,8.2,8,8,8,9,8,8,"KMS College of IT and Management, Dasuya",EXACT,False
"SBET Institute of Management and Technology, Mohali",Punjab,Medical,"30,000","32,000",--,--,--,--,--,--,--,SBET Institute of Management and Technology,EXACT,False
"Kolkata Medical College, Kolkata",West Bengal,Medical,"15,520","24,000",8.1,8.7,7.3,8,7.6,9,7.7,"Kolkata Medical College, Kolkata",EXACT,False
Institute of Post Graduate Medical Education And,West Bengal,Medical,"15,000","20,050",8,8.7,7.4,7.9,8.3,8.5,7.2,Institute of Post Graduate Medical Education And,EXACT,False
R. G. Kar Medical College and Hospital,West Bengal,Medical,"12,000","15,250",8.6,8.8,7.4,9,8.5,9.4,8.7,R. G. Kar Medical College and Hospital,EXACT,False
Indian Institute of Technology,West Bengal,Medical,"27,500",--,8.5,8.8,7.2,8.2,8.9,8.8,9,IIT,EXACT,False
The West Bengal National University of Juridical,West Bengal,Medical,--,--,8.5,8.6,8.2,8.7,6.8,9.2,9.4,The West Bengal National University of Juridical,EXACT,False
"University of Calcutta, Kolkata",West Bengal,Medical,--,--,7.7,8.6,6.9,8.5,7.7,6.5,7.7,"University of Calcutta, Kolkata",EXACT,False
"NSHM Knowledge Campus, Kolkata",West Bengal,Medical,"1,56,000",--,7.8,8,6.8,8.1,8.2,7.7,8,"NSHM Knowledge Campus, Kolkata",EXACT,False
Nilratan Sircar Medical College & Hospital,West Bengal,Medical,"47,100",--,8.1,8.1,7.3,7.8,7.9,9.1,8.1,Nilratan Sircar Medical College & Hospital,EXACT,False
"Annex College, Kolkata",West Bengal,Medical,--,--,7.9,7.7,8.3,8.3,7.8,7.5,8,"Annex College, Kolkata",EXACT,False
Institute of Management Study,West Bengal,Medical,"95,000",--,7.3,7.8,6.4,7.7,7.6,7.3,6.8,Institute of Management Study,EXACT,False
"George Group of Colleges, Kolkata",West Bengal,Medical,--,--,7.8,8.7,6.4,8.6,8,7.5,7.5,"George Group of Colleges, Kolkata",EXACT,False
"Techno India University, Kolkata",West Bengal,Medical,--,--,8,8.2,7.4,8.2,8.1,7.8,8.4,"Techno India University, Kolkata",EXACT,False
"Brainware University, Kolkata",West Bengal,Medical,"3,39,600","1,84,800",7.9,8.3,7.6,7.9,8.2,7.8,7.3,"Brainware University, Kolkata",EXACT,False
Vidyasagar College,West Bengal,Medical,"6,090",--,6.9,8.1,6.2,8.1,7.3,3.9,7.8,Vidyasagar College,EXACT,False
"Rammohan College, Kolkata",West Bengal,Medical,"4,815",--,7.4,8,7.3,8.4,7,6.1,7.7,"Rammohan College, Kolkata",EXACT,False
Haldia Institute of Management,West Bengal,Medical,"1,16,000",--,8,8.1,7.7,8.5,7.6,7.6,8.2,Haldia Institute of Management,EXACT,False
IAS Academy,West Bengal,Medical,"40,000",--,7.9,8.2,8,8,7.8,7.6,7.8,IAS Academy,EXACT,False
Syamaprasad Institute of Technology and Management,West Bengal,Medical,--,--,--,--,--,--,--,--,--,Syamaprasad Institute of Technology and Management,EXACT,False
"Acharya Brojendra Nath Seal College, Cooch Behar",West Bengal,Medical,"2,745",--,7.5,8.8,6.9,8.2,7.7,5,8.1,Acharya Brojendra Nath Seal College,EXACT,False
"Ananda Chandra College, Jalpaiguri",West Bengal,Medical,"3,800",--,8,8.9,7.3,8,8,7.6,8.4,"Ananda Chandra College, Jalpaiguri",EXACT,False
Ananda Mohan College,West Bengal,Medical,"6,660",--,6.5,7,6.2,8.1,5.8,4.2,7.8,Ananda Mohan College,EXACT,False
"Bajkul Milani Mahavidyalaya, Medinipur",West Bengal,Medical,"6,870",--,7.5,7.1,7,8.3,7.3,6.9,8.1,"Bajkul Milani Mahavidyalaya, Medinipur",EXACT,False
Bankura Christian College,West Bengal,Medical,"4,145",--,7.8,8.5,7.4,8.4,8.3,6.3,8,Bankura Christian College,EXACT,False
"Basirhat College, North 24 Parganas",West Bengal,Medical,"2,320",--,6.9,7,6.5,7.7,7.5,5.2,7.6,"Basirhat College, North 24 Parganas",EXACT,False
"Berhampore Girls College, Murshidabad",West Bengal,Medical,"6,090",--,7.9,8.3,7.4,8.3,7.6,7.7,8.2,"Berhampore Girls College, Murshidabad",EXACT,False
"Bhairab Ganguly College, Kolkata",West Bengal,Medical,"8,660",--,7.4,7.8,6.4,8.7,8.5,5.6,7.6,"Bhairab Ganguly College, Kolkata",EXACT,False
"Deshbandhu College for Girls, Kolkata",West Bengal,Medical,--,--,8.2,8.6,8.3,8.4,7.9,7.9,8,"Deshbandhu College for Girls, Kolkata",EXACT,False
"Dr. Kanailal Bhattacharyya College, Howrah",West Bengal,Medical,"12,922",--,7,6.5,6.8,8.1,6.2,6.8,7.6,Dr. Kanailal Bhattacharyya College,EXACT,False
"Garhbeta College, Medinipur",West Bengal,Medical,--,--,7,7.7,6.7,7.8,7.5,4.9,7.5,"Garhbeta College, Medinipur",EXACT,False
"Hiralal Mazumdar Memorial College for Women, Kolkata",West Bengal,Medical,"7,495",--,--,--,--,--,--,--,--,Hiralal Mazumdar Memorial College for Women,EXACT,False
Siksha 'O' Anusandhan University,Odisha,Medical,"85,000","17,90,000",8.3,8.6,7.6,8.3,8.7,8,8.5,Siksha 'O' Anusandhan University,EXACT,False
Kalinga Institute of Industrial Technology,Odisha,Medical,"10,000","2,25,000",8.6,8.4,8.1,8.2,9.2,8.6,9,Kalinga Institute of Industrial Technology,EXACT,False
Veer Surendra Sai Institute of Medical Sciences,Odisha,Medical,"32,180","40,000",8.3,8.6,8,8.3,7.9,8.8,8.3,Veer Surendra Sai Institute of Medical Sciences,EXACT,False
Maharaja Krishna Chandra Gajapati Medical College and,Odisha,Medical,"30,000","40,000",7.9,8.1,7.3,7.7,7.9,8.3,7.9,Maharaja Krishna Chandra Gajapati Medical College and,EXACT,False
Bhava Institute of Medical Science and Research,Odisha,Medical,--,--,--,--,--,--,--,--,--,Bhava Institute of Medical Science and Research,EXACT,False
Sri Sri University,Odisha,Medical,"1,800",--,7.1,7.3,6.7,7,7.3,6.3,8.2,Sri Sri University,EXACT,False
Centurion University of Technology and Management,Odisha,Medical,"80,000","40,000",7.4,7.7,6.8,7.8,7.8,6.6,7.8,Centurion University of Technology and Management,EXACT,False
Centurion University of Technology and Management,Odisha,Medical,"1,00,000",--,8.1,8.3,7.6,8.5,8.4,7.4,8.5,Centurion University of Technology and Management,EXACT,False
AIPH University,Odisha,Medical,"1,10,000","1,60,000",8.3,8.5,7.5,8.5,8.5,8.5,8.5,AIPH University,EXACT,False
"DRIEMS Group of Institutions, Cuttack",Odisha,Medical,"1,03,000","1,03,000",7.6,8,7.2,7.2,9.2,6.9,6.8,"DRIEMS Group of Institutions, Cuttack",EXACT,False
"Hi-tech Group of Institutions, Bhubaneswar",Odisha,Medical,"5,58,500","5,00,000",8.1,9.5,7.5,8.3,8.5,6.7,8,Hi-tech Group of Institutions,EXACT,False
"Dr. Abhin Chandra Homoeopathic Medical College, Bhubaneswar",Odisha,Medical,--,--,7.7,8,8.1,7.1,8,7.1,7.6,Dr. Abhin Chandra Homoeopathic Medical College,EXACT,False
Kalinga Institute of Medical Sciences,Odisha,Medical,"16,75,000","18,75,000",8.2,8.4,7.4,8.9,8,8.4,8.3,Kalinga Institute of Medical Sciences,EXACT,False
Swami Vivekanand National Institute of Rehabilitation Training,Odisha,Medical,"26,370","26,370",8.3,8.6,7.2,8.6,8.6,8.5,8.1,Swami Vivekanand National Institute of Rehabilitation Training,EXACT,False
Sri Ram Chandra Bhanja Medical College and,Odisha,Medical,"40,200","42,200",8.4,8.6,8.1,8.3,8.1,8.8,8.3,Sri Ram Chandra Bhanja Medical College and,EXACT,False
Lord Jagannath Mission's College and School of,Odisha,Medical,--,--,--,--,--,--,--,--,--,Lord Jagannath Mission's College and School of,EXACT,False
National Institute of Medical and Management Studies,Odisha,Medical,--,--,--,--,--,--,--,--,--,National Institute of Medical and Management Studies,EXACT,False
All India Institute of Medical Sciences,Odisha,Medical,"5,856",--,8.4,8.9,7.3,8.6,8.1,8.8,8.4,All India Institute of Medical Sciences,EXACT,False
Ravenshaw University,Odisha,Medical,"50,000",--,7.8,8.1,7,8,8.5,6.9,8,Ravenshaw University,EXACT,False
"Utkal University, Bhubaneswar",Odisha,Medical,"9,500","25,000",7.5,7.9,7.1,7.8,7.4,6.6,7.9,"Utkal University, Bhubaneswar",EXACT,False
Institute of Medical Sciences and SUM Hospital,Odisha,Medical,"17,90,000","4,00,000",8.2,9,6,9.4,8.2,9.1,7.5,Institute of Medical Sciences and SUM Hospital,EXACT,False
Asian Institute of Public health,Odisha,Medical,"1,10,000","1,60,000",6.9,7.5,6.5,7,7,6.5,7,Asian Institute of Public health,EXACT,False
"Berhampur University, HariHar Mardaraj Distance Education Centre",Odisha,Medical,--,--,8.8,--,--,--,--,--,--,Berhampur University,EXACT,False
Hi-Tech Medical College and Hospital,Odisha,Medical,"11,00,000","7,15,000",7.9,8.5,6.9,8.6,7.3,7.9,8.4,Hi-Tech Medical College and Hospital,EXACT,False
"Gopabandhu Ayurveda Mahavidyalaya, Puri",Odisha,Medical,"19,650","19,650",--,--,--,--,--,--,--,"Gopabandhu Ayurveda Mahavidyalaya, Puri",EXACT,False
"SLN Medical College and Hospital, Koraput",Odisha,Medical,"30,000",--,7.2,7.7,6.7,7,7.3,7.7,6.7,SLN Medical College and Hospital,EXACT,False
Odisha State Open University,Odisha,Medical,"2,500",--,7.5,8.1,7.2,8.1,8,6.7,7.1,Odisha State Open University,EXACT,False
"Pandit Raghunath Murmu Medical College, Mayurbhanj",Odisha,Medical,"20,000",--,6.7,6.7,6.7,7,6,7,7,Pandit Raghunath Murmu Medical College,EXACT,False
"Government Medical college and Hospital, Balasore",Odisha,Medical,"30,000",--,8.6,8.6,8,8.3,9,9.3,8.3,Government Medical college and Hospital,EXACT,False
Shri Guru Ram Rai Institute of Medical,Uttarakhand,Medical,"18,81,000","10,28,825",7.9,8,7.5,8.3,7.3,7.9,8.1,Shri Guru Ram Rai Institute of Medical,EXACT,False
Greenway Institute of Management Studies,Uttarakhand,Medical,--,--,6.1,7,5.5,6.5,6.5,4,7,Greenway Institute of Management Studies,EXACT,False
University of Petroleum and Energy Studies,Uttarakhand,Medical,"4,86,000",--,8.1,8.1,7.8,7.9,8.6,7.7,8.2,University of Petroleum and Energy Studies,EXACT,False
Dolphin PG Institute of BioMedical & Natural,Uttarakhand,Medical,"60,000","70,000",7.7,8.4,6.5,7.9,7.8,6.7,8.6,Dolphin PG Institute of BioMedical & Natural,EXACT,False
"Patanjali University, Haridwar",Uttarakhand,Medical,"50,000","20,000",8.2,8.4,8.3,8.4,8.4,7.8,8.1,"Patanjali University, Haridwar",EXACT,False
"MotherHood University, Roorkee",Uttarakhand,Medical,"1,05,000",--,8,8.3,7.9,7.6,8,8,8.3,"MotherHood University, Roorkee",EXACT,False
Swami Rama Himalayan University,Uttarakhand,Medical,"1,26,500","67,500",7,7.1,6.6,6.9,7.4,7.1,6.7,Swami Rama Himalayan University,EXACT,False
Shri Guru Ram Rai University,Uttarakhand,Medical,"1,15,589","83,649",7.6,7.8,7.1,7.9,7.9,7.3,7.7,Shri Guru Ram Rai University,EXACT,False
Himgiri Zee University,Uttarakhand,Medical,"1,00,000",--,7.9,8.5,5.5,9,8,7.7,8.8,Himgiri Zee University,EXACT,False
Dev Bhoomi Group of Institutions,Uttarakhand,Medical,"2,97,000",--,7.8,8.1,7.1,7.8,8,8,7.8,Dev Bhoomi Group of Institutions,EXACT,False
Roorkee Institute of Technology,Uttarakhand,Medical,--,--,8.5,8.5,8.5,8.6,8.7,8.4,8.5,Roorkee Institute of Technology,EXACT,False
Sardar Bhagwan Singh University,Uttarakhand,Medical,"1,17,500","1,26,500",8.7,8.7,8.3,9.3,9,8.3,8.7,Sardar Bhagwan Singh University,EXACT,False
Institute of Clinical Research,Uttarakhand,Medical,--,--,--,--,--,--,--,--,--,Institute of Clinical Research,EXACT,False
"Sai group of institutions, Dehradun",Uttarakhand,Medical,"87,600","97,600",8.8,9,8,9.3,9,9,8.7,"Sai group of institutions, Dehradun",EXACT,False
"PAL College of Technology and Management, Haldwani",Uttarakhand,Medical,--,--,8.2,8.3,8.3,8.2,8.3,7.7,8.3,PAL College of Technology and Management,EXACT,False
"Beehive College of Advanced Studies, Dehradun",Uttarakhand,Medical,"46,000",--,--,--,--,--,--,--,--,Beehive College of Advanced Studies,EXACT,False
"Sai Business and Media School, Dehradun",Uttarakhand,Medical,"1,22,600",--,--,--,--,--,--,--,--,"Sai Business and Media School, Dehradun",EXACT,False
Swami Vivekanand Institute of Management,Uttarakhand,Medical,--,--,9.2,8,--,--,--,--,--,Swami Vivekanand Institute of Management,EXACT,False
"DBS PG College, Dehradun",Uttarakhand,Medical,--,--,6.9,7.8,6,8.8,5.8,4.4,8.4,"DBS PG College, Dehradun",EXACT,False
"Government Degree College, Dehradun",Uttarakhand,Medical,--,--,8.6,--,--,--,--,--,--,"Government Degree College, Dehradun",EXACT,False
"Government Girl's Degree College, Nainital",Uttarakhand,Medical,--,--,--,--,--,--,--,--,--,Government Girl's Degree College,EXACT,False
"PNG Government PG College, Nainital",Uttarakhand,Medical,--,--,7.8,8.8,7,9,8,5.4,8.6,"PNG Government PG College, Nainital",EXACT,False
"Chandola Homoeopathic Medical College and Hospital, Udham",Uttarakhand,Medical,"1,10,000","1,10,000",8.5,8.7,8,8.7,8.3,7.7,9.7,Chandola Homoeopathic Medical College and Hospital,EXACT,False
Sardar Bhagwan Singh Post Graduate Institute of,Uttarakhand,Medical,"1,17,500","1,26,500",8.2,8.3,7.6,8.8,7.9,8,8.6,Sardar Bhagwan Singh Post Graduate Institute of,EXACT,False
Himalayan College of Nursing,Uttarakhand,Medical,"84,750",--,8,8,--,--,8,8,--,Himalayan College of Nursing,EXACT,False
Uttaranchal College of Technology and BioMedical Sciences,Uttarakhand,Medical,"75,000","75,000",6.2,6.8,4.8,7.8,6,5.4,6.6,Uttaranchal College of Technology and BioMedical Sciences,EXACT,False
Jaspal Rana Institute of Education and Technology,Uttarakhand,Medical,"24,000",--,--,--,--,--,--,--,--,Jaspal Rana Institute of Education and Technology,EXACT,False
All India Institute of Medical Sciences,Uttarakhand,Medical,"32,400","22,300",9.1,9.2,8.6,9.3,9.2,9.2,8.8,All India Institute of Medical Sciences,EXACT,False
Dev Sanskriti Vishwavidyalaya,Uttarakhand,Medical,"30,000","60,000",9.2,9.6,9,9.3,9.1,9.1,9.3,Dev Sanskriti Vishwavidyalaya,EXACT,False
JSS College of Pharmacy,Tamil Nadu,Pharmacy,"2,53,250","1,44,500",8.5,8.9,7.6,9,8.7,8.1,8.8,JSS College of Pharmacy,EXACT,False
Annamalai University,Tamil Nadu,Pharmacy,"16,380","1,03,260",7.4,8.1,6.7,8,7.9,6.5,7.2,Annamalai University,EXACT,False
"SRM College of Pharmacy, Kanchipuram",Tamil Nadu,Pharmacy,"1,75,000","1,50,000",7.8,8,7.3,7.5,8,8,8,"SRM College of Pharmacy, Kanchipuram",EXACT,False
Sri Ramachandra Institute of Higher Education and,Tamil Nadu,Pharmacy,"1,50,000","1,00,000",8.5,8.5,7.8,8.7,9.1,7.9,8.7,Sri Ramachandra Institute of Higher Education and,EXACT,False
PSG College of Pharmacy,Tamil Nadu,Pharmacy,"1,35,000","1,97,000",8.8,8.4,9.3,8.8,9,8.1,9.1,PSG College of Pharmacy,EXACT,False
Madras Medical College,Tamil Nadu,Pharmacy,"6,46,400","4,70,000",7,7.2,6,7.7,7.2,6.8,7,Madras Medical College,EXACT,False
"Vels Institute of Science, Technology & Advanced",Tamil Nadu,Pharmacy,"78,800","3,53,800",8.1,8.4,7.5,8.4,8.1,7.8,8.3,Vels Institute of Science,EXACT,False
"Sri Ramakrishna Institute of Paramedical Science, College",Tamil Nadu,Pharmacy,"43,000","75,000",8.1,9,9,8,8,7.5,7,Sri Ramakrishna Institute of Paramedical Science,EXACT,False
Christian Medical College,Tamil Nadu,Pharmacy,"1,66,900",--,9,9.3,8.4,9.3,9.3,9.2,8.7,Christian Medical College,EXACT,False
SRM Institute of Technology,Tamil Nadu,Pharmacy,"1,10,000","1,85,000",8,8,7.1,7.6,8.7,8.2,8.6,SRM Institute of Technology,EXACT,False
"Mohamed Sathak A.J. College of Pharmacy, Chennai",Tamil Nadu,Pharmacy,--,--,--,--,--,--,--,--,--,Mohamed Sathak A.J. College of Pharmacy,EXACT,False
"Sathyabama Institute of Science and Technology, Chennai",Tamil Nadu,Pharmacy,"1,50,000","75,000",7.8,7.9,8.4,7.6,7.7,8,7.2,Sathyabama Institute of Science and Technology,EXACT,False
"Sri Ramachandra Medical College, Chennai",Tamil Nadu,Pharmacy,"1,50,000","1,25,000",8.5,8.5,8.5,8.6,8.8,8.2,8.2,"Sri Ramachandra Medical College, Chennai",EXACT,False
"Kalasalingam Academy of Research and Education, Krishnankovil",Tamil Nadu,Pharmacy,"30,000",--,7.7,8,7.4,7.9,8.3,7,7.6,Kalasalingam Academy of Research and Education,EXACT,False
The Erode College of Pharmacy & Research,Tamil Nadu,Pharmacy,"43,000","55,000",8.1,8.7,7.7,8.5,8.3,7.8,7.7,The Erode College of Pharmacy & Research,EXACT,False
Karpagam Academy of Higher Education,Tamil Nadu,Pharmacy,"1,45,500","2,05,500",7.4,7.8,6.8,7.5,7.5,7.1,7.5,Karpagam Academy of Higher Education,EXACT,False
Ponnaiyah Ramajayam Institute of Science and Technology,Tamil Nadu,Pharmacy,--,--,6.5,6.8,6.4,6.9,7,5.4,6.3,Ponnaiyah Ramajayam Institute of Science and Technology,EXACT,False
B.S. Abdur Rahman Crescent Institute of Science,Tamil Nadu,Pharmacy,"2,10,000",--,8.2,8.4,7.8,8.3,8.7,7.7,8.2,B.S. Abdur Rahman Crescent Institute of Science,EXACT,False
"CL Baid Metha College of Pharmacy, Chennai",Tamil Nadu,Pharmacy,--,--,7.7,8.4,6.3,8.6,7.9,7.4,7.4,CL Baid Metha College of Pharmacy,EXACT,False
"RVS College of Pharmaceutical Science, Coimbatore",Tamil Nadu,Pharmacy,"49,500","68,000",9,9,--,--,--,--,--,RVS College of Pharmaceutical Science,EXACT,False
"Dr. M.G.R. Educational and Research Institute, Chennai",Tamil Nadu,Pharmacy,"90,000","2,00,000",7.4,7.6,7.4,7.1,7.8,6.8,7.5,Dr. M.G.R. Educational and Research Institute,EXACT,False
"Jaya College of Paramedical Sciences, College of",Tamil Nadu,Pharmacy,--,--,5,6.5,1,6,5.5,5,6,Jaya College of Paramedical Sciences,EXACT,False
"Alagappa University, Karaikudi",Tamil Nadu,Pharmacy,"10,500",--,8.5,8.9,7.9,8.9,8.4,8.2,8.4,"Alagappa University, Karaikudi",EXACT,False
"Annai Veilankanni Pharmacy College, Saidapet",Tamil Nadu,Pharmacy,"28,000",--,8.2,--,--,--,--,--,--,Annai Veilankanni Pharmacy College,EXACT,False
Bharath University,Tamil Nadu,Pharmacy,"40,000","1,20,000",7.6,7.9,7.1,8.1,7.6,7.8,7,Bharath University,EXACT,False
Vinayaka Missions University,Tamil Nadu,Pharmacy,"50,500","51,000",8,8.2,7.2,8.7,7.6,7.8,8.4,Vinayaka Missions University,EXACT,False
"University VOC College of Engineering, Anna University",Tamil Nadu,Pharmacy,--,--,4,4,2,7,4,3,4,University VOC College of Engineering,EXACT,False
"Jaya Group of Institutions, Chennai",Tamil Nadu,Pharmacy,--,--,--,--,--,--,--,--,--,"Jaya Group of Institutions, Chennai",EXACT,False
"Excel Group of Institutions, Namakkal",Tamil Nadu,Pharmacy,--,--,6.5,6.5,6.3,6.5,7.3,5.3,7.3,"Excel Group of Institutions, Namakkal",EXACT,False
"Aadhi Bhagawan College of Pharmacy, Tiruvannamalai",Tamil Nadu,Pharmacy,--,--,8.4,--,--,--,--,--,--,Aadhi Bhagawan College of Pharmacy,EXACT,False
Institute of Chemical Technology,Maharashtra,Pharmacy,"70,750","64,500",8.7,9.1,8.1,8.9,8.7,8.4,9.1,Institute of Chemical Technology,EXACT,False
"Poona College of Pharmacy, Pune",Maharashtra,Pharmacy,"1,25,000","50,000",8.1,9,7.5,8.1,8.5,7.5,8.2,"Poona College of Pharmacy, Pune",EXACT,False
Bombay College of Pharmacy,Maharashtra,Pharmacy,"2,16,568","41,633",8.7,9,8.4,8.9,9.2,8.2,8.5,Bombay College of Pharmacy,EXACT,False
Rashtrasant Tukadoji Maharaj Nagpur University,Maharashtra,Pharmacy,"17,696","16,335",7.5,8,7.2,7.7,7.9,6.9,7.4,Rashtrasant Tukadoji Maharaj Nagpur University,EXACT,False
"Dr. Bhanuben Nanavati College of Pharmacy, Mumbai",Maharashtra,Pharmacy,"1,98,000","1,50,000",8.3,8.4,7.8,8.3,9.4,7.1,8.7,Dr. Bhanuben Nanavati College of Pharmacy,EXACT,False
"Y. B. Chavan College of Pharmacy, Aurangabad",Maharashtra,Pharmacy,"1,30,000","1,60,000",7.9,8.8,7.2,8.3,8,7,7.8,Y. B. Chavan College of Pharmacy,EXACT,False
RC Patel Institute of Pharmacutical Education and,Maharashtra,Pharmacy,"1,00,000","1,52,500",8.5,8.5,8.3,9.2,8.9,7.5,8.3,RC Patel Institute of Pharmacutical Education and,EXACT,False
Dr. D.Y. Patil Institute of Pharmaceutical Sciences,Maharashtra,Pharmacy,"1,30,000","1,30,000",8.4,9,7.2,8.7,9.2,8.1,8.4,Dr. D.Y. Patil Institute of Pharmaceutical Sciences,EXACT,False
Bharati Vidyapeeth’s College of Pharmacy,Maharashtra,Pharmacy,"1,55,000","2,00,000",7.7,9,7.7,8.5,7.8,6,7,Bharati Vidyapeeth’s College of Pharmacy,EXACT,False
Bharati Vidyapeeth College of Pharmacy,Maharashtra,Pharmacy,"1,48,292","1,63,292",8.3,8,7.7,9,9.3,7.8,7.7,Bharati Vidyapeeth College of Pharmacy,EXACT,False
"Smt Kishoritai Bhoyar College of Pharmacy, Nagpur",Maharashtra,Pharmacy,"1,24,000","1,55,000",8.3,--,--,9,--,8,8,Smt Kishoritai Bhoyar College of Pharmacy,EXACT,False
Principal K.M. Kundnani College of Pharmacy,Maharashtra,Pharmacy,"18,210","36,000",7.6,8.5,6,9,6.8,8,7.4,Principal K.M. Kundnani College of Pharmacy,EXACT,False
Maeer's Maharashtra Institute of Pharmacy,Maharashtra,Pharmacy,"2,61,758","1,95,000",8.8,8,8,8.5,9.5,9,9.5,Maeer's Maharashtra Institute of Pharmacy,EXACT,False
VES College of Pharmacy,Maharashtra,Pharmacy,"1,81,208","1,82,731",9.1,9.4,8.6,9.4,9,8.8,9.5,VES College of Pharmacy,EXACT,False
"Dr DY Patil College of Pharmacy Akurdi,",Maharashtra,Pharmacy,"1,43,053","1,33,983",7.1,7,5,6.5,9,7,8,"Dr DY Patil College of Pharmacy Akurdi,",EXACT,False
"MVP Samaj's College of Pharmacy, Nashik",Maharashtra,Pharmacy,"90,000","80,500",7.7,8.7,6.7,9,7,7.7,7.3,"MVP Samaj's College of Pharmacy, Nashik",EXACT,False
"Modern College of Pharmacy Nigdi, Pune",Maharashtra,Pharmacy,"1,15,000","1,15,000",7.7,8.4,7.2,8.3,8.2,6.8,7.5,"Modern College of Pharmacy Nigdi, Pune",EXACT,False
"Ramnarain Ruia Autonomous College, Mumbai",Maharashtra,Pharmacy,--,--,7.9,8.4,7,8,8.4,6.6,8.9,Ramnarain Ruia Autonomous College,EXACT,False
Savitribai Phule Pune University,Maharashtra,Pharmacy,"43,500",--,7.6,8.1,7.1,7.9,7.9,6.8,7.5,Savitribai Phule Pune University,EXACT,False
"DY Patil University, Navi Mumbai",Maharashtra,Pharmacy,"3,00,000","2,50,000",7.5,7.3,7.1,7.7,7.5,7.4,7.8,"DY Patil University, Navi Mumbai",EXACT,False
Narsee Monjee Institute of Management Studies,Maharashtra,Pharmacy,"1,21,500","3,52,000",8.1,8.4,7.6,8.5,8.1,7.9,8.2,Narsee Monjee Institute of Management Studies,EXACT,False
Seth GS Medical College,Maharashtra,Pharmacy,"12,550",--,8,8.8,6.7,7.6,8,8.2,8.4,Seth GS Medical College,EXACT,False
Mumbai University,Maharashtra,Pharmacy,--,--,7.2,7.6,6.5,7.9,7.4,6.6,7,Mumbai University,EXACT,False
Mahatma Gandhi Institute of Medical Sciences,Maharashtra,Pharmacy,"92,900",--,8.1,8.7,7.9,7.9,7.7,8.6,7.5,Mahatma Gandhi Institute of Medical Sciences,EXACT,False
"Pravara Rural College of Pharmacy (Diploma), Ahmed",Maharashtra,Pharmacy,"1,20,000","1,18,000",8.5,8.7,8.3,8.7,8.3,8,8.7,Pravara Rural College of Pharmacy (Diploma),EXACT,False
Rajgad Dnyanpeeth's College of Pharmacy,Maharashtra,Pharmacy,"74,000","67,000",7.8,8,9.5,6.7,8,6.7,7.7,Rajgad Dnyanpeeth's College of Pharmacy,EXACT,False
Dr. Vithalrao Vikhe Patil Foundation's Medical College,Maharashtra,Pharmacy,--,--,8.3,8.5,7.4,8.6,9.4,8.3,7.4,Dr. Vithalrao Vikhe Patil Foundation's Medical College,EXACT,False
Bharati Vidyapeeth Deemed University,Maharashtra,Pharmacy,"1,25,000","1,42,000",7.8,8.1,6.8,7.9,8.1,7.7,8.2,Bharati Vidyapeeth Deemed University,EXACT,False
"P Wadhwani College of Pharmacy, Yavatmal",Maharashtra,Pharmacy,"95,000","1,20,000",8.4,--,--,--,--,--,--,"P Wadhwani College of Pharmacy, Yavatmal",EXACT,False
"Amity University, Noida",Uttar Pradesh,Pharmacy,"1,20,000","1,20,000",8.2,8,7.9,8.1,8.9,7.6,8.7,"Amity University, Noida",EXACT,False
"Integral University, Lucknow",Uttar Pradesh,Pharmacy,"1,40,000","1,30,000",7.4,7.6,7.3,7.4,8,6.5,7.4,"Integral University, Lucknow",EXACT,False
Sam Higginbottom University of Agriculture Technology and,Uttar Pradesh,Pharmacy,"80,000","1,42,000",7.2,7.6,6.6,7.5,7.5,6,7.9,Sam Higginbottom University of Agriculture Technology and,EXACT,False
Banaras Hindu University,Uttar Pradesh,Pharmacy,"8,368","13,410",8.3,8.7,8.1,8.4,8.8,7.2,8.6,Banaras Hindu University,EXACT,False
Indian Institute of Technology,Uttar Pradesh,Pharmacy,"36,815","37,315",8.5,8.5,8.2,8.1,7.6,9.1,9.2,IIT,EXACT,False
Aligarh Muslim University,Uttar Pradesh,Pharmacy,--,--,8.3,8.8,7.9,8.5,8.8,7.2,8.6,Aligarh Muslim University,EXACT,False
"Amity University, Lucknow",Uttar Pradesh,Pharmacy,"1,50,000","1,82,000",8.1,8,7.6,8.1,8.8,7.1,8.8,"Amity University, Lucknow",EXACT,False
"INMANTEC Institutions, Ghaziabad",Uttar Pradesh,Pharmacy,"90,000",--,8.6,9.1,7.9,9.2,8.6,8.2,8.7,"INMANTEC Institutions, Ghaziabad",EXACT,False
Teerthanker Mahaveer University,Uttar Pradesh,Pharmacy,"1,73,700","2,11,500",8.1,8.3,7.6,8.2,8.7,7.3,8.3,Teerthanker Mahaveer University,EXACT,False
Nirmala Group of Institutions,Uttar Pradesh,Pharmacy,"1,05,000",--,--,--,--,--,--,--,--,Nirmala Group of Institutions,EXACT,False
Sunder Deep Pharmacy College,Uttar Pradesh,Pharmacy,"1,15,000","1,05,950",9.2,9.1,8.8,9.9,9.2,8.7,9.3,Sunder Deep Pharmacy College,EXACT,False
"SR College of Pharmacy, Jhansi",Uttar Pradesh,Pharmacy,"66,000","54,000",--,--,--,--,--,--,--,"SR College of Pharmacy, Jhansi",EXACT,False
Institute of Technology and Science,Uttar Pradesh,Pharmacy,--,--,8.2,8.6,7.5,8.3,8.6,7.9,8.1,Institute of Technology and Science,EXACT,False
Spectrum Institute of Pharmaceutical Sciences & Research,Uttar Pradesh,Pharmacy,"80,000","1,17,200",--,--,--,--,--,--,--,Spectrum Institute of Pharmaceutical Sciences & Research,EXACT,False
"SD College of Pharmacy and Vocational studies,",Uttar Pradesh,Pharmacy,--,--,--,--,--,--,--,--,--,SD College of Pharmacy and Vocational studies,EXACT,False
"Teerthanker Mahaveer University, College of Architecture",Uttar Pradesh,Pharmacy,--,--,--,--,--,--,--,--,--,Teerthanker Mahaveer University,EXACT,False
Dr MC Saxena College of Pharmacy,Uttar Pradesh,Pharmacy,"1,02,250","93,250",--,--,--,--,--,--,--,Dr MC Saxena College of Pharmacy,EXACT,False
BBS Institute of Pharmaceutical and Allied Sciences,Uttar Pradesh,Pharmacy,--,--,4.7,7,4,7,6,2,2,BBS Institute of Pharmaceutical and Allied Sciences,EXACT,False
Dayanand Dinanath College,Uttar Pradesh,Pharmacy,"93,803","92,603",6.9,6,5.5,8.5,7.5,6.5,7.5,Dayanand Dinanath College,EXACT,False
Chhatrapati Shahu Ji Maharaj University,Uttar Pradesh,Pharmacy,"86,163","71,163",7.1,7.2,6.6,7.5,8,5.8,7.7,Chhatrapati Shahu Ji Maharaj University,EXACT,False
J.S. University,Uttar Pradesh,Pharmacy,"80,000",--,8.5,8.5,7.8,8.7,9,8.2,8.6,J.S. University,EXACT,False
"Advance Institute of Biotech and Paramedical Sciences,",Uttar Pradesh,Pharmacy,"63,300","68,750",7,7.7,4.3,8.5,6.7,7.5,7,Advance Institute of Biotech and Paramedical Sciences,EXACT,False
"Monad University, Hapur",Uttar Pradesh,Pharmacy,"71,000",--,8,7.6,7.4,8.5,8,8.2,8.1,"Monad University, Hapur",EXACT,False
Sharda University,Uttar Pradesh,Pharmacy,"1,10,000","75,000",7.9,7.7,7.6,7.9,8.6,6.9,8.6,Sharda University,EXACT,False
Galgotias University,Uttar Pradesh,Pharmacy,"1,10,000","85,000",7.6,7.9,6.9,7.9,7.5,7.7,7.8,Galgotias University,EXACT,False
"Rama University, Kanpur",Uttar Pradesh,Pharmacy,"1,10,000","1,00,000",6.7,6.6,6.1,7.3,6.5,6.6,7.1,"Rama University, Kanpur",EXACT,False
"GLA University, Mathura",Uttar Pradesh,Pharmacy,"77,000","1,78,000",8.2,8.2,7.9,8.3,8.3,8.2,8.1,"GLA University, Mathura",EXACT,False
Sanskriti University,Uttar Pradesh,Pharmacy,"1,25,000","1,10,000",7,7.2,6.7,7,7.5,6.9,6.8,Sanskriti University,EXACT,False
"IFTM University, Moradabad",Uttar Pradesh,Pharmacy,"1,40,000","75,000",7.8,7.9,7.5,8.1,8,6.8,8.3,"IFTM University, Moradabad",EXACT,False
"Jamia Hamdard University, New Delhi",Delhi,Pharmacy,"80,000","2,10,000",7.5,8.1,7.3,7.8,8.1,6.5,7.4,"Jamia Hamdard University, New Delhi",EXACT,False
"Amity University, Noida",Delhi,Pharmacy,"1,20,000","1,20,000",8.2,8,7.9,8.1,8.9,7.6,8.7,"Amity University, Noida",EXACT,False
Delhi Institute of Pharmaceutical Sciences and Research,Delhi,Pharmacy,"50,885","37,885",8,8.5,7.2,8.2,8,7.7,8.1,Delhi Institute of Pharmaceutical Sciences and Research,EXACT,False
Maharshi Dayanand University,Delhi,Pharmacy,"33,100","25,600",7.8,8,7.7,8,8.4,6.6,8,Maharshi Dayanand University,EXACT,False
All India Institute of Medical Sciences,Delhi,Pharmacy,"2,045",--,8.7,9,8,9.1,9,8.2,8.8,All India Institute of Medical Sciences,EXACT,False
"Jamia Millia Islamia University-[JMI], New Delhi",Delhi,Pharmacy,"50,100",--,8,8.4,7.6,8.3,8.4,7.2,8.2,Jamia Millia Islamia University-[JMI],EXACT,False
Guru Gobind Singh Indraprastha University,Delhi,Pharmacy,--,--,7.8,8.1,7.5,8,8.1,6.9,8.1,Guru Gobind Singh Indraprastha University,EXACT,False
Delhi University,Delhi,Pharmacy,--,--,7.9,8.4,7.4,8.4,7.9,7.2,8.3,Delhi University,EXACT,False
Pt Bhagwat Dayal Sharma Post Graduate Institute,Delhi,Pharmacy,"30,730","10,730",7.5,8.4,7.5,8.1,7.5,7.6,6.1,Pt Bhagwat Dayal Sharma Post Graduate Institute,EXACT,False
Hamdard Institute of Medical Sciences and Research,Delhi,Pharmacy,"1,72,000",--,8.6,8.6,8.1,8.8,8.7,8.6,8.8,Hamdard Institute of Medical Sciences and Research,EXACT,False
Apeejay Stya University,Delhi,Pharmacy,"1,57,200","2,90,200",7.9,8.2,7.5,7.9,7.5,7.7,8.3,Apeejay Stya University,EXACT,False
"INMANTEC Institutions, Ghaziabad",Delhi,Pharmacy,"90,000",--,8.6,9.1,7.9,9.2,8.6,8.2,8.7,"INMANTEC Institutions, Ghaziabad",EXACT,False
Shri Baba Mastnath Institute of Pharmaceutical Sciences,Delhi,Pharmacy,"79,000","80,000",8.4,8.5,8,8,9,8.5,8.5,Shri Baba Mastnath Institute of Pharmaceutical Sciences,EXACT,False
Sunder Deep Pharmacy College,Delhi,Pharmacy,"1,15,000","1,05,950",9.2,9.1,8.8,9.9,9.2,8.7,9.3,Sunder Deep Pharmacy College,EXACT,False
Institute of Technology and Science,Delhi,Pharmacy,--,--,8.2,8.6,7.5,8.3,8.6,7.9,8.1,Institute of Technology and Science,EXACT,False
Spectrum Institute of Pharmaceutical Sciences & Research,Delhi,Pharmacy,"80,000","1,17,200",--,--,--,--,--,--,--,Spectrum Institute of Pharmaceutical Sciences & Research,EXACT,False
"Aditya College of Pharmacy and Science, New",Delhi,Pharmacy,--,--,7.5,7.5,7,8.2,8.1,6.6,7.5,Aditya College of Pharmacy and Science,EXACT,False
"SD College of Pharmacy and Vocational studies,",Delhi,Pharmacy,--,--,--,--,--,--,--,--,--,SD College of Pharmacy and Vocational studies,EXACT,False
Ram Gopal College of Pharmacy,Delhi,Pharmacy,"65,000","1,10,000",7.6,8.3,7.3,8.7,7.5,6.7,7.3,Ram Gopal College of Pharmacy,EXACT,False
BBS Institute of Pharmaceutical and Allied Sciences,Delhi,Pharmacy,--,--,4.7,7,4,7,6,2,2,BBS Institute of Pharmaceutical and Allied Sciences,EXACT,False
"Gurugram University, Gurgaon",Delhi,Pharmacy,"40,000","50,000",8.2,8.6,7.4,8.4,8.6,8,8.1,"Gurugram University, Gurgaon",EXACT,False
"Monad University, Hapur",Delhi,Pharmacy,"71,000",--,8,7.6,7.4,8.5,8,8.2,8.1,"Monad University, Hapur",EXACT,False
Sharda University,Delhi,Pharmacy,"1,10,000","75,000",7.9,7.7,7.6,7.9,8.6,6.9,8.6,Sharda University,EXACT,False
Galgotias University,Delhi,Pharmacy,"1,10,000","85,000",7.6,7.9,6.9,7.9,7.5,7.7,7.8,Galgotias University,EXACT,False
"Amity University, Gurgaon",Delhi,Pharmacy,"1,70,000","84,000",7.7,7.8,7.1,7.6,8.6,7.1,8.1,"Amity University, Gurgaon",EXACT,False
Delhi Pharmaceutical Sciences and Research University,Delhi,Pharmacy,"56,850","44,050",9,9.6,8.8,8.8,9.4,8.6,8.8,Delhi Pharmaceutical Sciences and Research University,EXACT,False
"Starex University, Gurgaon",Delhi,Pharmacy,"1,10,000","1,00,000",8.8,9.1,9.1,8.7,8.6,8.5,8.7,"Starex University, Gurgaon",EXACT,False
SunRise University,Delhi,Pharmacy,"1,07,200","3,00,000",8.1,8.1,7.3,8.7,8.1,7.9,8.4,SunRise University,EXACT,False
"Shobhit University, Meerut",Delhi,Pharmacy,"1,22,400",--,7.8,8.4,7.3,7.8,8.3,7,7.9,"Shobhit University, Meerut",EXACT,False
Modern Vidya Niketan,Delhi,Pharmacy,"95,000","1,25,000",7,7.2,6.4,7.7,7,6.8,6.8,Modern Vidya Niketan,EXACT,False
"Andhra University, College of Pharmaceutical Sciences, Visakhapatnam",Andhra Pradesh,Pharmacy,"3,29,988","3,15,483",8,8.8,7.4,7.3,9,7.5,8,Andhra University,EXACT,False
"Chalapathi Institute of Pharmaceutical Sciences, Guntur",Andhra Pradesh,Pharmacy,"36,100","67,800",8.1,8.7,8,8.3,8.8,7.9,7.1,Chalapathi Institute of Pharmaceutical Sciences,EXACT,False
Acharya Nagarjuna University,Andhra Pradesh,Pharmacy,"11,750","93,230",7.3,7.7,7,7.2,8,5.7,8.2,Acharya Nagarjuna University,EXACT,False
Sri Padmavati Mahila Visvavidyalayam,Andhra Pradesh,Pharmacy,"11,450","15,000",7.6,8.3,7.4,7.8,7.5,6.2,8.1,Sri Padmavati Mahila Visvavidyalayam,EXACT,False
Sri Venkateswara College of Pharmacy,Andhra Pradesh,Pharmacy,"56,300","1,17,500",5.9,7,4.5,7.7,6,3.7,6.7,Sri Venkateswara College of Pharmacy,EXACT,False
Raghavendhra Institute of Pharmaceutical Education and Research,Andhra Pradesh,Pharmacy,"30,200","1,04,784",8,8.5,6.5,8.6,9,7.2,8.2,Raghavendhra Institute of Pharmaceutical Education and Research,EXACT,False
K L University,Andhra Pradesh,Pharmacy,"1,85,000","1,75,000",8.3,8.5,7.6,8.3,8.8,8.3,8.2,K L University,EXACT,False
Bapatla College of Pharmacy,Andhra Pradesh,Pharmacy,"52,000","1,10,000",7.6,9,7.8,8.6,9.8,4.2,6,Bapatla College of Pharmacy,EXACT,False
Sri Venkateswara University,Andhra Pradesh,Pharmacy,"1,21,780","3,63,094",8.1,7.9,8.3,8.2,7.9,7.7,8.4,Sri Venkateswara University,EXACT,False
"Vignan’s Foundation for Science, Technology, and Research,",Andhra Pradesh,Pharmacy,"1,50,000",--,8.2,8.2,8.4,8.5,8.2,7.7,8.4,Vignan’s Foundation for Science,EXACT,False
Shri Vishnu College of Pharmacy,Andhra Pradesh,Pharmacy,"80,020","1,07,900",8,8.1,8,8.1,8.4,7.7,7.8,Shri Vishnu College of Pharmacy,EXACT,False
Jawaharlal Nehru Technological University,Andhra Pradesh,Pharmacy,"1,80,000",--,7.4,7.7,6.8,7.1,7.7,7.1,7.8,Jawaharlal Nehru Technological University,EXACT,False
Centurion University of Technology and Management,Andhra Pradesh,Pharmacy,"60,000",--,7.8,8,7.2,8.3,7.6,7.4,8.3,Centurion University of Technology and Management,EXACT,False
Malineni Perumallu Educational Society's Group of Institutions,Andhra Pradesh,Pharmacy,"50,200",--,6.3,5.7,7.5,7.3,5.3,4.7,7.1,Malineni Perumallu Educational Society's Group of Institutions,EXACT,False
Kakinada Institute of Technology and Science,Andhra Pradesh,Pharmacy,--,--,6.9,7.4,7.1,6.8,7,5.9,7.1,Kakinada Institute of Technology and Science,EXACT,False
AKRG College of Pharmacy,Andhra Pradesh,Pharmacy,"38,200","1,10,000",--,--,--,--,--,--,--,AKRG College of Pharmacy,EXACT,False
"A.M.Reddy Memorial College of Pharmacy, Guntur",Andhra Pradesh,Pharmacy,"40,000","68,000",--,--,--,--,--,--,--,"A.M.Reddy Memorial College of Pharmacy, Guntur",EXACT,False
ASN Pharmacy College,Andhra Pradesh,Pharmacy,"31,000","1,10,000",8.7,9,8,9.3,--,--,--,ASN Pharmacy College,EXACT,False
"Balaji College of Pharmacy, Ananthapur",Andhra Pradesh,Pharmacy,"44,100","1,10,000",8.1,8,7.5,8.5,8,8,8.5,"Balaji College of Pharmacy, Ananthapur",EXACT,False
Bellamkonda Institute of Technology and Sciences,Andhra Pradesh,Pharmacy,"2,40,000","2,20,000",--,--,--,--,--,--,--,Bellamkonda Institute of Technology and Sciences,EXACT,False
GITAM Institute of Pharmacy,Andhra Pradesh,Pharmacy,"1,32,000","1,70,000",6.2,7,4,7,7,4,8,GITAM Institute of Pharmacy,EXACT,False
"Hindu College of Pharmacy, Guntur",Andhra Pradesh,Pharmacy,"60,450","1,10,000",7.5,8,7.3,7,8.3,6.6,7.7,"Hindu College of Pharmacy, Guntur",EXACT,False
"K.G.R.L College of Pharmacy, Bhimavaram",Andhra Pradesh,Pharmacy,"45,800","1,10,000",--,--,--,--,--,--,--,"K.G.R.L College of Pharmacy, Bhimavaram",EXACT,False
KVSR Siddhartha College of Pharmaceutical Sciences,Andhra Pradesh,Pharmacy,"90,000","1,10,000",6.8,8.3,5.3,7.7,8.7,4.3,6.7,KVSR Siddhartha College of Pharmaceutical Sciences,EXACT,False
"MAM College of Pharmacy, Narasaraopet",Andhra Pradesh,Pharmacy,"50,000","1,10,000",6.3,7,--,--,6,6,--,"MAM College of Pharmacy, Narasaraopet",EXACT,False
Narasaraopeta Institute of Pharmaceutical Sciences,Andhra Pradesh,Pharmacy,"48,000","1,10,000",--,--,--,--,--,--,--,Narasaraopeta Institute of Pharmaceutical Sciences,EXACT,False
"Narayana Pharmacy College, Nellore",Andhra Pradesh,Pharmacy,"65,000","1,10,000",8.2,8.8,7.6,9,9,7,7.6,"Narayana Pharmacy College, Nellore",EXACT,False
Nimra College of Pharmacy,Andhra Pradesh,Pharmacy,"50,200","1,18,900",7.2,7.3,6.7,7.3,7.7,7,7.3,Nimra College of Pharmacy,EXACT,False
"Pydah College of Pharmacy, Kakinada",Andhra Pradesh,Pharmacy,"35,000","1,10,000",--,--,--,--,--,--,--,"Pydah College of Pharmacy, Kakinada",EXACT,False
Manipal College of Pharmaceutical Sciences,Karnataka,Pharmacy,"4,25,000","3,13,000",8.6,8.8,7.9,8.8,8.8,8.5,8.6,Manipal College of Pharmaceutical Sciences,EXACT,False
"JSS Academy of Higher Education & Research,",Karnataka,Pharmacy,"2,53,250","2,84,500",8.2,8.3,7.5,8.6,8.5,8,8,JSS Academy of Higher Education & Research,EXACT,False
"KLE University's College of Pharmacy, Belgaum",Karnataka,Pharmacy,"1,27,000","1,50,000",8.1,8,8,8.3,8.3,8,8,KLE University's College of Pharmacy,EXACT,False
The Nitte Gulabi Shetty Memorial Institute of,Karnataka,Pharmacy,"97,000","1,10,000",8.3,9.2,7.7,8.6,8.6,7.5,8.4,The Nitte Gulabi Shetty Memorial Institute of,EXACT,False
Acharya & BM Reddy College of Pharmacy,Karnataka,Pharmacy,"2,30,175","3,76,175",8.3,8.1,7.4,8.5,9.1,8,8.4,Acharya & BM Reddy College of Pharmacy,EXACT,False
"Al- Ameen College of Pharmacy, Bangalore",Karnataka,Pharmacy,--,--,8.5,8.7,8.3,8.4,9.3,8.1,8.1,"Al- Ameen College of Pharmacy, Bangalore",EXACT,False
Manipal Academy of Higher Education,Karnataka,Pharmacy,"4,40,000","4,17,000",8.4,8.5,8.2,8.6,8.8,7.8,8.4,Manipal Academy of Higher Education,EXACT,False
KLE College of Pharmacy,Karnataka,Pharmacy,"72,500","1,21,000",6.6,8,5.8,7.5,7.5,4.8,6,KLE College of Pharmacy,EXACT,False
KS Hegde Medical Academy,Karnataka,Pharmacy,"1,83,000","1,86,000",8.6,9,8.4,9.6,8.4,8.2,8.2,KS Hegde Medical Academy,EXACT,False
"Maratha Mandal College of Pharmacy, Belgaum",Karnataka,Pharmacy,--,--,5.4,8,1.5,7.5,7,4.2,4.3,Maratha Mandal College of Pharmacy,EXACT,False
"SJM College of Pharmacy, Chitradurga",Karnataka,Pharmacy,"1,20,000","1,45,000",8.7,9,8.5,9,8,9,8.5,"SJM College of Pharmacy, Chitradurga",EXACT,False
"St John's Pharmacy College, Bangalore",Karnataka,Pharmacy,"96,000",--,6.6,8,5.3,6.2,7.4,6.5,6,"St John's Pharmacy College, Bangalore",EXACT,False
Farooqia College of Pharmacy,Karnataka,Pharmacy,"1,40,000","2,50,000",7.8,8,7.4,8.4,6.9,7.8,8.3,Farooqia College of Pharmacy,EXACT,False
"HKE Society's College of Pharmacy, Gulbarga",Karnataka,Pharmacy,"75,000","1,00,000",5.2,5,5,8.5,4.5,4.5,3.5,HKE Society's College of Pharmacy,EXACT,False
St George College of Management Science and,Karnataka,Pharmacy,--,--,6.4,7.5,5.5,8,6,5,6.3,St George College of Management Science and,EXACT,False
Krupanidhi College of Pharmacy,Karnataka,Pharmacy,"1,03,500","2,00,000",8.4,8.9,7.6,8.3,8.5,8.3,8.5,Krupanidhi College of Pharmacy,EXACT,False
BVV Sangha's Hangal Shri Kumareshwar College of,Karnataka,Pharmacy,--,--,7.5,8,7,7.8,9.3,6.3,6.8,BVV Sangha's Hangal Shri Kumareshwar College of,EXACT,False
"RRK Samithi College of Pharmacy, Bidar",Karnataka,Pharmacy,"4,85,000","98,000",5.8,6.5,4.5,5.5,6,4.5,7.5,"RRK Samithi College of Pharmacy, Bidar",EXACT,False
PES University,Karnataka,Pharmacy,"2,00,000","1,20,000",8,8.5,7.7,8.1,8.1,8.1,7.6,PES University,EXACT,False
T John Institute of Management and Science,Karnataka,Pharmacy,"1,60,000","65,000",8.1,8.5,7.5,8.5,8,7.8,8.3,T John Institute of Management and Science,EXACT,False
Dayananda Sagar University,Karnataka,Pharmacy,"1,88,950","2,13,450",7.3,7.7,6.3,8,7.7,7.6,6.7,Dayananda Sagar University,EXACT,False
"KLE University, Belgaum",Karnataka,Pharmacy,"97,500","1,58,000",7.2,7.4,7,7.6,7.9,6.1,7.4,"KLE University, Belgaum",EXACT,False
"Yenepoya University, Mangalore",Karnataka,Pharmacy,"59,000","2,25,000",7.8,8.3,6.9,8.2,8.6,7.6,6.9,"Yenepoya University, Mangalore",EXACT,False
Nitte University,Karnataka,Pharmacy,"2,74,500","2,11,000",7.6,7.1,7.1,7.8,7.8,7.8,7.8,Nitte University,EXACT,False
Adichunchanagiri University,Karnataka,Pharmacy,"21,430","21,430",7.5,7.3,6.7,8.2,7.7,7.6,7.7,Adichunchanagiri University,EXACT,False
"BLDE University, Bijapur",Karnataka,Pharmacy,"1,01,500",--,8.1,8.3,7.8,8.4,8.1,7.7,8.1,"BLDE University, Bijapur",EXACT,False
M.S. Ramaiah University of Applied Sciences,Karnataka,Pharmacy,"3,38,250","1,88,250",7.6,8.2,6.3,8.2,7.9,7.2,7.8,M.S. Ramaiah University of Applied Sciences,EXACT,False
"Krupanidhi Group of Institutions, Bangalore",Karnataka,Pharmacy,"2,07,000","3,50,000",8.7,8.8,8.2,8.8,8.9,8.8,8.9,Krupanidhi Group of Institutions,EXACT,False
Dayananda Sagar Institutions,Karnataka,Pharmacy,"96,000","1,44,000",7.8,7.8,7.3,7.6,8.8,7.3,7.7,Dayananda Sagar Institutions,EXACT,False
Institute of Clinical Research,Karnataka,Pharmacy,--,--,8.6,9,8.3,9,8.7,8.7,8,Institute of Clinical Research,EXACT,False
National Institute of Pharmaceutical Education and Research,Telangana,Pharmacy,"1,12,500",--,8.4,8.6,8,8.7,8,8.4,8.4,National Institute of Pharmaceutical Education and Research,EXACT,False
"Sultan Ul Uloom College of Pharmacy, Hyderabad",Telangana,Pharmacy,"1,10,000","1,15,000",6.9,7,6.7,6.5,7,7,7.3,Sultan Ul Uloom College of Pharmacy,EXACT,False
Jawaharlal Nehru Technological University,Telangana,Pharmacy,"20,000",--,8,8.3,7.7,7.8,8.3,7.6,8.3,Jawaharlal Nehru Technological University,EXACT,False
Narsee Monjee Institute of Management Studies,Telangana,Pharmacy,"2,02,000",--,8.8,8.9,8.4,9.2,8.9,8.5,8.9,Narsee Monjee Institute of Management Studies,EXACT,False
Deccan School of Pharmacy,Telangana,Pharmacy,"54,000","75,000",8.1,9,7.7,8,7.7,8.3,8,Deccan School of Pharmacy,EXACT,False
Osmania University,Telangana,Pharmacy,--,--,7.9,8.3,7.5,8,8,7.7,7.9,Osmania University,EXACT,False
Kakatiya University,Telangana,Pharmacy,"14,300","19,770",7.2,7.4,6.8,7.6,7.2,6.8,7.4,Kakatiya University,EXACT,False
"Shadan Women's College of Pharmacy, Hyderabad",Telangana,Pharmacy,"32,000","98,500",4.8,5.3,5.3,5.7,5,3,4.7,Shadan Women's College of Pharmacy,EXACT,False
"St. Peter's Institute of Pharmaceutical Sciences -[SPIPS],",Telangana,Pharmacy,"52,000","1,10,000",9.3,--,--,--,--,--,--,St. Peter's Institute of Pharmaceutical Sciences -[SPIPS],EXACT,False
"Sri Venkateshwara College of Pharmacy, Hyderabad",Telangana,Pharmacy,"55,000","93,000",6.8,7.2,5,8.2,7.4,6.5,6.5,Sri Venkateshwara College of Pharmacy,EXACT,False
"Anurag University, Hyderabad",Telangana,Pharmacy,"85,500","1,19,500",8.3,8.5,7.5,8.2,8.9,8,8.4,"Anurag University, Hyderabad",EXACT,False
Birla Institute of Technology and Science,Telangana,Pharmacy,"4,23,475","4,69,475",9,9,8.4,8.8,9.4,9.1,9.4,Birla Institute of Technology and Science,EXACT,False
"Scient Institute of Technology, Ibrahimpatnam, Hyderabad",Telangana,Pharmacy,"61,500","1,17,500",7.5,7.9,6.6,7.3,8.1,7,8,Scient Institute of Technology,EXACT,False
Guru Nanak Institutions Technical Campus,Telangana,Pharmacy,"91,500","1,20,500",7.8,7.9,7.8,7.8,8.1,7.6,7.8,Guru Nanak Institutions Technical Campus,EXACT,False
"CMR Group of Institutions, Hyderabad",Telangana,Pharmacy,"1,00,000","1,10,000",7.4,7.8,7.5,7.4,7.1,7.1,7.7,"CMR Group of Institutions, Hyderabad",EXACT,False
"St. Mary’s Group of Institutions, Hyderabad",Telangana,Pharmacy,"1,000","2,500",7.2,7.4,6.5,7.3,7.8,6.5,7.6,St. Mary’s Group of Institutions,EXACT,False
Sana Engineering College,Telangana,Pharmacy,"1,20,000",--,6.5,7,6.5,7.3,7.5,4.8,6.1,Sana Engineering College,EXACT,False
Nalla Narasimha Reddy Education Society's Group of,Telangana,Pharmacy,"80,500","1,15,500",7.7,7.7,7.2,8,8.2,6.7,8.2,Nalla Narasimha Reddy Education Society's Group of,EXACT,False
Brilliant Grammar School Educational Society's Group of,Telangana,Pharmacy,--,--,7.3,7.5,6.5,8,8,5,9,Brilliant Grammar School Educational Society's Group of,EXACT,False
"Aurora Group of Institutions, Hyderabad",Telangana,Pharmacy,"35,000",--,6.9,6.9,6.4,8,6.6,6.3,6.9,"Aurora Group of Institutions, Hyderabad",EXACT,False
"Avanthi Educational Society, Hyderabad",Telangana,Pharmacy,"47,000","1,10,000",--,--,--,--,--,--,--,"Avanthi Educational Society, Hyderabad",EXACT,False
Institute of Science and Technology,Telangana,Pharmacy,"96,000",--,7.7,9,7.5,8,8.5,7.5,5.8,Institute of Science and Technology,EXACT,False
"University College of Technology, Osmania University, Hyderabad",Telangana,Pharmacy,"1,00,405",--,7.5,8.1,8.3,7,7.7,6.1,7.5,University College of Technology,EXACT,False
"SVS Group of Institutions, Warangal",Telangana,Pharmacy,"45,500","1,17,500",7.2,7.4,6.6,7.4,7.5,6.4,7.6,"SVS Group of Institutions, Warangal",EXACT,False
Hasvita Group of Institutions,Telangana,Pharmacy,--,--,8.3,9,7.5,8.5,8.5,8,8,Hasvita Group of Institutions,EXACT,False
Vivekananda Group of Institutions,Telangana,Pharmacy,--,--,8.8,8.4,8.9,8.7,8.8,9,9,Vivekananda Group of Institutions,EXACT,False
"Arvindaksha Educational Society’s Group of Institutions, Suryapet",Telangana,Pharmacy,--,--,--,--,--,--,--,--,--,Arvindaksha Educational Society’s Group of Institutions,EXACT,False
Madhira Institute of Technology & Science,Telangana,Pharmacy,"70,000",--,6.6,6,6.2,6.6,6.8,6.8,7.1,Madhira Institute of Technology & Science,EXACT,False
"Mohammadiya Educational Society, Khammam",Telangana,Pharmacy,"35,000","1,10,000",--,--,--,--,--,--,--,"Mohammadiya Educational Society, Khammam",EXACT,False
"Devi Ahilya Vishwavidyalaya, Indore",Madhya Pradesh,Pharmacy,"73,600","79,500",7.5,8,6.5,7.8,7.5,7,7.9,"Devi Ahilya Vishwavidyalaya, Indore",EXACT,False
B.R. Nahata College of Pharmacy,Madhya Pradesh,Pharmacy,"77,050","77,050",7.7,8,6.5,7,7.5,8,9,B.R. Nahata College of Pharmacy,EXACT,False
"Amity University, Gwalior",Madhya Pradesh,Pharmacy,"94,000","75,000",8.6,8.8,8.5,8.4,9.3,8,8.3,"Amity University, Gwalior",EXACT,False
Barkatullah University,Madhya Pradesh,Pharmacy,"56,550","47,550",6.9,7.3,6.1,7.4,6.9,6,7.5,Barkatullah University,EXACT,False
Indira Gandhi National Tribal University,Madhya Pradesh,Pharmacy,"1,00,000","42,500",7.5,7.5,7.3,8.4,7.9,5.9,7.9,Indira Gandhi National Tribal University,EXACT,False
LNCT University,Madhya Pradesh,Pharmacy,"30,000","1,10,000",9,9,8.8,9.3,8.8,8.9,8.9,LNCT University,EXACT,False
Sardar Patel University,Madhya Pradesh,Pharmacy,"1,16,000","61,500",7.9,7.9,7.4,8.4,8,7.7,8,Sardar Patel University,EXACT,False
Oriental University,Madhya Pradesh,Pharmacy,"55,000","2,41,775",7.2,7.5,6.7,7.2,7.7,7.1,7.1,Oriental University,EXACT,False
Shri Krishna University,Madhya Pradesh,Pharmacy,"1,54,500","76,000",8.1,8.1,7.4,8.3,8.5,8,8,Shri Krishna University,EXACT,False
AKS University,Madhya Pradesh,Pharmacy,"60,000","70,000",7.3,7.8,5.9,8.2,7.6,6.9,7.4,AKS University,EXACT,False
"Medi-Caps University, Indore",Madhya Pradesh,Pharmacy,"95,000",--,7.4,7.6,6.3,7.5,7.9,7.4,7.6,"Medi-Caps University, Indore",EXACT,False
"People's University, Bhopal",Madhya Pradesh,Pharmacy,"1,00,000","66,000",7,6.7,6.6,7.5,7.2,6.6,7.4,"People's University, Bhopal",EXACT,False
"Swami Vivekanand University, Sagar",Madhya Pradesh,Pharmacy,"32,600","59,000",6.3,6.9,5,7,6.4,5.6,6.6,"Swami Vivekanand University, Sagar",EXACT,False
"Acropolis Group of Institutions, Indore",Madhya Pradesh,Pharmacy,"68,000","1,40,000",8.7,8.5,8.5,8.7,9,8.6,8.6,"Acropolis Group of Institutions, Indore",EXACT,False
Shri Govindram Seksaria Institute of Technology and,Madhya Pradesh,Pharmacy,"1,20,300","75,550",7.4,8,6.7,7.7,7,7.5,7.2,Shri Govindram Seksaria Institute of Technology and,EXACT,False
Bhabha University,Madhya Pradesh,Pharmacy,"50,000","1,25,000",9,9.4,8.8,9,9.3,8.7,8.9,Bhabha University,EXACT,False
Shivajirao Kadam Institute of Technology & Management,Madhya Pradesh,Pharmacy,"75,000","55,000",7.4,7.8,6.5,7.9,7.3,7.8,7.3,Shivajirao Kadam Institute of Technology & Management,EXACT,False
Sarvepalli Radhakrishnan University,Madhya Pradesh,Pharmacy,"60,000","66,000",7.4,7.9,6.3,7.8,7.1,7.4,8.1,Sarvepalli Radhakrishnan University,EXACT,False
"Malwanchal University, Indore",Madhya Pradesh,Pharmacy,"65,000",--,7.4,7.7,7.3,7.3,7.3,7.7,7,"Malwanchal University, Indore",EXACT,False
Madhyanchal Professional University,Madhya Pradesh,Pharmacy,"70,000","60,000",6.5,7,5.6,7.2,6.8,5.4,6.8,Madhyanchal Professional University,EXACT,False
"IES University, Bhopal",Madhya Pradesh,Pharmacy,"65,000","75,000",7.3,8,4,8.1,7,7.9,9,"IES University, Bhopal",EXACT,False
Vikrant Group of Institutions,Madhya Pradesh,Pharmacy,"40,000",--,9,9.4,8.5,9.1,9.6,8.7,8.9,Vikrant Group of Institutions,EXACT,False
"Chameli Devi Group of Institution, Indore",Madhya Pradesh,Pharmacy,"72,000","48,300",8.4,8.5,7.9,8.7,8.8,8.1,8.4,Chameli Devi Group of Institution,EXACT,False
"VISM Group of Studies, Gwalior",Madhya Pradesh,Pharmacy,"55,000","39,000",--,--,--,--,--,--,--,"VISM Group of Studies, Gwalior",EXACT,False
P.K. University,Madhya Pradesh,Pharmacy,"65,400","80,000",9.3,--,--,--,--,--,--,P.K. University,EXACT,False
"Swami Vivekanand Group of Institutions, Indore",Madhya Pradesh,Pharmacy,"1,40,000",--,7,7.3,5.6,7.4,8.3,6.9,6.4,Swami Vivekanand Group of Institutions,EXACT,False
"IPS Group of Colleges, Gwalior",Madhya Pradesh,Pharmacy,"55,000","1,40,000",5.2,6.6,4.7,3,7.8,5,4.3,"IPS Group of Colleges, Gwalior",EXACT,False
"Al Shifa College of Pharmacy, Perinthalmanna",Kerala,Pharmacy,"1,36,105","1,55,000",8.1,8.4,8,8.2,8.4,7.6,8.2,Al Shifa College of Pharmacy,EXACT,False
St. Joseph's College of Pharmacy,Kerala,Pharmacy,"1,36,105","40,000",6.6,7,6,7,6.5,6.5,6.5,St. Joseph's College of Pharmacy,EXACT,False
"Devaki Amma's Guruvayurappan College of Architecture Chelambra,",Kerala,Pharmacy,"85,000","1,90,000",6.9,8.3,6.3,8.3,6.7,6,5.7,Devaki Amma's Guruvayurappan College of Architecture Chelambra,EXACT,False
"Amala Ayurvedic Hospital and Research Centre, Thrissur",Kerala,Pharmacy,"3,500",--,--,--,--,--,--,--,--,Amala Ayurvedic Hospital and Research Centre,EXACT,False
"Amrita School of Pharmacy, Kochi",Kerala,Pharmacy,"1,52,700","1,85,150",7,8.3,4.3,6.7,8.8,6.3,7.3,"Amrita School of Pharmacy, Kochi",EXACT,False
Chemists College of Pharmaceutical Sciences and Research,Kerala,Pharmacy,"98,000","40,000",--,--,--,--,--,--,--,Chemists College of Pharmaceutical Sciences and Research,EXACT,False
"Crescent College of Pharmaceutical Sciences Payangadi ,",Kerala,Pharmacy,--,--,6.4,7.5,7.3,6.8,7.3,3,6.5,Crescent College of Pharmaceutical Sciences Payangadi,EXACT,False
The Dale View College of Pharmacy and,Kerala,Pharmacy,"5,17,000","4,50,000",--,--,--,--,--,--,--,The Dale View College of Pharmacy and,EXACT,False
"Devaki Amma Memorial College of Pharmacy, Malappuram",Kerala,Pharmacy,"1,36,105","2,00,000",8,9,7,8,9,8,7,Devaki Amma Memorial College of Pharmacy,EXACT,False
Ezhuthachan College of Pharmaceutical Sciences,Kerala,Pharmacy,"19,500",--,7.9,8.5,7.5,8,8,7.5,8,Ezhuthachan College of Pharmaceutical Sciences,EXACT,False
"Grace College of Pharmacy, Palakkad",Kerala,Pharmacy,"1,25,000","90,000",7.8,8.3,7.5,8,8,7.5,7.3,"Grace College of Pharmacy, Palakkad",EXACT,False
"Jamia Salafiya Pharmacy College, Malappuram",Kerala,Pharmacy,"98,000","1,00,000",7.3,7.6,7.4,8,7.8,6.2,6.8,Jamia Salafiya Pharmacy College,EXACT,False
"JDT Islam College of Pharmacy, Calicut",Kerala,Pharmacy,"1,36,105","2,31,000",7.4,8,7.1,7.9,7.3,7,7.3,"JDT Islam College of Pharmacy, Calicut",EXACT,False
KTN College of pharmacy,Kerala,Pharmacy,"98,000","2,00,000",--,--,--,--,--,--,--,KTN College of pharmacy,EXACT,False
"KVM College of Pharmacy, Cherthala",Kerala,Pharmacy,"1,36,105","2,38,105",7.7,7.7,7,8,8,7.7,8,"KVM College of Pharmacy, Cherthala",EXACT,False
"Lisie College of Pharmacy, Cochin",Kerala,Pharmacy,"1,36,105",--,7,7,7,7,7,7,7,"Lisie College of Pharmacy, Cochin",EXACT,False
"Mar Dioscorus College of Pharmacy Sreekariyam, Thiruvananthapuram",Kerala,Pharmacy,"1,36,105","1,55,000",8.9,9.3,9,9.5,8.3,9,8.3,Mar Dioscorus College of Pharmacy Sreekariyam,EXACT,False
National College of Pharmacy,Kerala,Pharmacy,"4,50,000","5,17,000",7.4,8,5,8.3,7.8,7.5,7.7,National College of Pharmacy,EXACT,False
Nehru College of Pharmacy,Kerala,Pharmacy,"1,50,000",--,7.1,7.8,7.5,7.3,8,5,6.8,Nehru College of Pharmacy,EXACT,False
Nirmala College of Pharmacy,Kerala,Pharmacy,"1,36,000","2,30,000",7.9,8,7.7,8,7.7,7.7,8,Nirmala College of Pharmacy,EXACT,False
"Pushpagiri College of Pharmacy Perumthuruthy, Tiruvalla",Kerala,Pharmacy,"1,36,105","1,55,000",6.8,9,5,--,--,--,--,Pushpagiri College of Pharmacy Perumthuruthy,EXACT,False
Sreekrishna College of Pharmacy and Research Centre,Kerala,Pharmacy,"1,35,605","1,34,000",--,--,--,--,--,--,--,Sreekrishna College of Pharmacy and Research Centre,EXACT,False
"Government Medical College, Thiruvananthapuram",Kerala,Pharmacy,--,--,8.3,8.9,8.4,8.3,7.7,7.9,8.8,Government Medical College,EXACT,False
"Government Medical College, Kottayam",Kerala,Pharmacy,"22,070",--,8.2,8.4,7.2,8.8,7.1,9.1,8.4,"Government Medical College, Kottayam",EXACT,False
"Government Medical College, Kozhikode",Kerala,Pharmacy,"22,070","34,750",8.3,8.3,7.8,8.5,8.1,8.4,8.6,"Government Medical College, Kozhikode",EXACT,False
"Karuna Medical College, Chittur",Kerala,Pharmacy,"1,10,000",--,7.9,8.2,7.5,8.3,7.5,8.3,7.5,"Karuna Medical College, Chittur",EXACT,False
T.D. Medical College,Kerala,Pharmacy,"22,070",--,8.3,8.5,7.6,8.4,7.6,8.3,9.1,T.D. Medical College,EXACT,False
"Amrita Vishwa Vidyapeetham Kochi Campus, Kochi",Kerala,Pharmacy,"1,52,700","1,85,150",7.1,7.7,6.7,8.3,6.7,6.1,6.9,Amrita Vishwa Vidyapeetham Kochi Campus,EXACT,False
Kerala University of Health Sciences,Kerala,Pharmacy,"1,10,000","40,000",8,8.1,7,8.4,8.3,8,8.3,Kerala University of Health Sciences,EXACT,False
"Vaidyaratnam P.S. Varier Ayurveda College, Malappuram",Kerala,Pharmacy,"4,260",--,7.6,8,6.7,7.7,7.7,8,7.7,Vaidyaratnam P.S. Varier Ayurveda College,EXACT,False
Birla Institute of Technology and Science,Rajasthan,Pharmacy,"4,45,475","86,825",8.9,8.8,8.2,8.8,9,9,9.3,Birla Institute of Technology and Science,EXACT,False
"Banasthali Vidyapith, Jaipur",Rajasthan,Pharmacy,"1,61,500","1,63,500",8.5,8.8,8.2,8.9,8.6,7.9,8.8,"Banasthali Vidyapith, Jaipur",EXACT,False
All India Institute of Medical Sciences,Rajasthan,Pharmacy,--,--,8,8.3,7.9,8.4,8.8,7.7,7.1,All India Institute of Medical Sciences,EXACT,False
Madhav University,Rajasthan,Pharmacy,"45,000","1,00,000",7.8,7.9,7.5,8.2,7.9,7.3,7.8,Madhav University,EXACT,False
Janardan Rai Nagar Rajasthan Vidyapeeth University,Rajasthan,Pharmacy,--,--,7.8,8.3,7.5,8.3,7.9,7.3,7.5,Janardan Rai Nagar Rajasthan Vidyapeeth University,EXACT,False
"Poddar Group of Institutions, Jaipur",Rajasthan,Pharmacy,"54,000",--,7.7,8.3,7.1,8.6,7.4,6.9,8,"Poddar Group of Institutions, Jaipur",EXACT,False
Mahatma Jyoti Rao Phoole University,Rajasthan,Pharmacy,"74,500","80,000",6.8,6.9,6.2,7.4,7.7,6.4,6.4,Mahatma Jyoti Rao Phoole University,EXACT,False
"Lachoo Memorial College Science and Technology, Jodhpur",Rajasthan,Pharmacy,"96,400","1,08,800",6.5,7.4,5.5,6.8,7.1,4.7,7.3,Lachoo Memorial College Science and Technology,EXACT,False
"NIMS University, Jaipur",Rajasthan,Pharmacy,"50,000","1,20,000",7.8,7.9,7.2,7.9,8.5,7,8,"NIMS University, Jaipur",EXACT,False
Career Point University,Rajasthan,Pharmacy,"1,32,000","77,000",8.3,8.4,7.9,8.4,8.4,7.6,8.9,Career Point University,EXACT,False
Mewar University,Rajasthan,Pharmacy,"53,000","63,000",8,7.9,7.1,8.1,8.8,7.3,8.6,Mewar University,EXACT,False
"Jaipur National University, School of Business &",Rajasthan,Pharmacy,--,--,8.1,8.4,8,9,7.4,7.6,8.3,Jaipur National University,EXACT,False
"Singhania University, Jhunjhunu",Rajasthan,Pharmacy,"22,000","66,500",7.1,7.1,6.7,7.1,7.1,7,7.3,"Singhania University, Jhunjhunu",EXACT,False
Jaipur National University,Rajasthan,Pharmacy,"62,500","1,27,000",7.5,7.9,7,7.7,7.8,6.7,7.6,Jaipur National University,EXACT,False
"Tantia University, Sriganganagar",Rajasthan,Pharmacy,"1,75,000",--,8.6,8.8,8.4,9.3,8.8,7.1,9.1,"Tantia University, Sriganganagar",EXACT,False
SunRise University,Rajasthan,Pharmacy,"1,07,200","3,00,000",8.1,8.1,7.3,8.7,8.1,7.9,8.4,SunRise University,EXACT,False
"OPJS University, Churu",Rajasthan,Pharmacy,"1,51,200","82,000",7.2,7.1,7.6,7.6,7.7,6.3,6.8,"OPJS University, Churu",EXACT,False
Geetanjali University,Rajasthan,Pharmacy,--,--,7.3,7.2,6.9,7.3,8.1,7,7.1,Geetanjali University,EXACT,False
Jayoti Vidyapeeth Women's University,Rajasthan,Pharmacy,"60,000","2,60,000",7.6,7.7,8.4,7.9,7.7,6.4,7.4,Jayoti Vidyapeeth Women's University,EXACT,False
"Apex University, Jaipur",Rajasthan,Pharmacy,"1,02,000","80,000",8.7,8.9,8.9,8.6,8.7,8.5,8.7,"Apex University, Jaipur",EXACT,False
Suresh Gyan Vihar University,Rajasthan,Pharmacy,"1,20,000","1,20,000",7.5,7.8,6.7,7.5,8.8,6.3,8,Suresh Gyan Vihar University,EXACT,False
"Jagannath University, Jaipur",Rajasthan,Pharmacy,"90,000",--,7.3,7.1,6.7,7.9,7.7,6.9,7.4,"Jagannath University, Jaipur",EXACT,False
"Pacific University, Udaipur",Rajasthan,Pharmacy,"1,54,000","85,000",7.7,7.8,7.3,8.1,7.8,7.2,8,"Pacific University, Udaipur",EXACT,False
Jagdishprasad Jhabarmal Tibrewala University,Rajasthan,Pharmacy,"54,000","60,000",6.5,6.3,6.4,6.4,6.6,6.5,6.6,Jagdishprasad Jhabarmal Tibrewala University,EXACT,False
"Maulana Azad University, Jodhpur",Rajasthan,Pharmacy,"45,500","1,00,000",8.1,7.8,7.8,8.6,8.4,7.9,7.9,"Maulana Azad University, Jodhpur",EXACT,False
"Swami Keshvanand Institute of Technology, Management and",Rajasthan,Pharmacy,"96,000",--,7.8,8.3,6.8,8.1,8.1,8,7.5,Swami Keshvanand Institute of Technology,EXACT,False
Maharishi Arvind University,Rajasthan,Pharmacy,"70,000","1,96,500",7.3,7.4,6.9,7.8,8.1,6,7.3,Maharishi Arvind University,EXACT,False
"Shyam University, Dausa",Rajasthan,Pharmacy,"1,20,000","90,000",8.5,8.9,8.6,8.5,8.6,8.1,8.4,"Shyam University, Dausa",EXACT,False
Panjab University,Haryana,Pharmacy,"29,400","15,665",7.7,8.2,7.7,8,7.7,6.5,8.2,Panjab University,EXACT,False
Maharshi Dayanand University,Haryana,Pharmacy,"33,100","25,600",7.8,8,7.7,8,8.4,6.6,8,Maharshi Dayanand University,EXACT,False
Guru Jambheshwar University of Science and Technology,Haryana,Pharmacy,"30,000","68,350",7.7,7.7,7.3,7.5,8.9,6.5,8,Guru Jambheshwar University of Science and Technology,EXACT,False
Maharishi Markandeshwar,Haryana,Pharmacy,"1,43,500","1,09,100",7.5,7.6,7.2,7.7,8.3,6.8,7.6,Maharishi Markandeshwar,EXACT,False
Kurukshetra University,Haryana,Pharmacy,"86,700","81,700",7.5,8.1,7,8,7.7,6.5,7.7,Kurukshetra University,EXACT,False
Pt Bhagwat Dayal Sharma Post Graduate Institute,Haryana,Pharmacy,"30,730","10,730",7.5,8.4,7.5,8.1,7.5,7.6,6.1,Pt Bhagwat Dayal Sharma Post Graduate Institute,EXACT,False
Chandigarh University,Haryana,Pharmacy,"2,00,000","1,90,000",8.6,8.6,8.2,8.4,9,8.6,8.8,Chandigarh University,EXACT,False
"Lord Shiva College of Pharmacy, Sirsa",Haryana,Pharmacy,"50,500","1,20,000",7.9,8.3,8,8,8.3,8,7,"Lord Shiva College of Pharmacy, Sirsa",EXACT,False
Apeejay Stya University,Haryana,Pharmacy,"1,57,200","2,90,200",7.9,8.2,7.5,7.9,7.5,7.7,8.3,Apeejay Stya University,EXACT,False
"Sri Guru Gobind Singh College of Pharmacy,",Haryana,Pharmacy,"2,575",--,8.8,9.3,8.3,9.7,8.3,7.7,9.3,Sri Guru Gobind Singh College of Pharmacy,EXACT,False
Shri Baba Mastnath Institute of Pharmaceutical Sciences,Haryana,Pharmacy,"79,000","80,000",8.4,8.5,8,8,9,8.5,8.5,Shri Baba Mastnath Institute of Pharmaceutical Sciences,EXACT,False
Ram Gopal College of Pharmacy,Haryana,Pharmacy,"65,000","1,10,000",7.6,8.3,7.3,8.7,7.5,6.7,7.3,Ram Gopal College of Pharmacy,EXACT,False
"Faculty of Pharmaceutical Sciences, PDM University, Bahadurgarh",Haryana,Pharmacy,"1,09,200","1,01,700",6.8,7.7,6.7,7.3,7.7,5.7,5.7,Faculty of Pharmaceutical Sciences,EXACT,False
"Gurugram University, Gurgaon",Haryana,Pharmacy,"40,000","50,000",8.2,8.6,7.4,8.4,8.6,8,8.1,"Gurugram University, Gurgaon",EXACT,False
"PDM University, Bahadurgarh, Bahadurgarh",Haryana,Pharmacy,"74,700","1,01,700",7.4,7.1,7.6,7.4,7.5,7.1,7.7,"PDM University, Bahadurgarh, Bahadurgarh",EXACT,False
"Amity University, Gurgaon",Haryana,Pharmacy,"1,70,000","84,000",7.7,7.8,7.1,7.6,8.6,7.1,8.1,"Amity University, Gurgaon",EXACT,False
"Starex University, Gurgaon",Haryana,Pharmacy,"1,10,000","1,00,000",8.8,9.1,9.1,8.7,8.6,8.5,8.7,"Starex University, Gurgaon",EXACT,False
Modern Vidya Niketan,Haryana,Pharmacy,"95,000","1,25,000",7,7.2,6.4,7.7,7,6.8,6.8,Modern Vidya Niketan,EXACT,False
"KR Mangalam University, Gurgaon",Haryana,Pharmacy,"80,000","1,00,000",7.7,8.1,7.5,7.3,8.6,7.2,7.4,"KR Mangalam University, Gurgaon",EXACT,False
"Lingaya's Vidyapeeth, Faridabad",Haryana,Pharmacy,"85,500","90,000",7.8,8,7.5,8.1,7.7,7.3,8.1,"Lingaya's Vidyapeeth, Faridabad",EXACT,False
"Sushant University / Ansal University, Gurgaon",Haryana,Pharmacy,"1,60,000",--,7.8,8,8,7.9,8.4,7,7.5,Sushant University / Ansal University,EXACT,False
International Institute of Technology and Management,Haryana,Pharmacy,"60,000",--,5.5,6.3,4,6.5,5.2,5.2,5.5,InterNIT and Management,EXACT,False
"Jagannath University, Bahadurgarh",Haryana,Pharmacy,"85,000","85,000",8,8.3,8,7.8,8.7,7.4,7.9,"Jagannath University, Bahadurgarh",EXACT,False
Global Institute of Technology and Management,Haryana,Pharmacy,"90,000","80,000",7.5,7.6,7.2,7.5,8,7.3,7.5,Global Institute of Technology and Management,EXACT,False
Panipat Institute of Engineering & Technology,Haryana,Pharmacy,"1,21,000","85,000",8.5,8.6,8.1,8.6,8.7,8.2,8.5,Panipat Institute of Engineering & Technology,EXACT,False
"SGT University, Gurgaon",Haryana,Pharmacy,"2,05,000","1,62,500",8,8,7.6,8.1,8.4,7.5,8.1,"SGT University, Gurgaon",EXACT,False
Geeta Group of Institutions,Haryana,Pharmacy,"1,20,000","90,000",9.2,9.4,8.8,9.3,9.4,9.2,9.3,Geeta Group of Institutions,EXACT,False
Sat Kabir Institute of Technology and Management,Haryana,Pharmacy,"72,000",--,4.2,4.7,4.3,4.7,4.7,3,4,Sat Kabir Institute of Technology and Management,EXACT,False
Guru Nanak Institute of Technology,Haryana,Pharmacy,"72,000",--,7.4,8.3,6.9,8.1,7.5,6.7,6.8,Guru Nanak Institute of Technology,EXACT,False
National Institute of Pharmaceutical Education And Research,Gujarat,Pharmacy,"91,588",--,7.5,7.7,6.7,7.7,8,7.3,7.8,National Institute of Pharmaceutical Education And Research,EXACT,False
Maharaja Sayajirao University of Baroda,Gujarat,Pharmacy,"1,500","2,100",7.9,8.3,7,8.4,8,7.2,8.4,Maharaja Sayajirao University of Baroda,EXACT,False
LM College of Pharmacy,Gujarat,Pharmacy,"1,65,000","1,75,000",7.4,8,6.4,8.2,7.2,7.2,7.2,LM College of Pharmacy,EXACT,False
"BK Mody Government Pharmacy College, Surat",Gujarat,Pharmacy,"3,150","6,350",8.5,9.3,7.7,9.1,7.8,8.1,9.1,BK Mody Government Pharmacy College,EXACT,False
AR College of Pharmacy and GH Patel,Gujarat,Pharmacy,"1,35,000","1,58,000",7.7,8.7,6.6,8.7,8.1,6.5,7.6,AR College of Pharmacy and GH Patel,EXACT,False
Bhagwan Mahavir College of Pharmacy,Gujarat,Pharmacy,"82,000","1,42,000",8,8.3,8.3,8,8.3,7,8.3,Bhagwan Mahavir College of Pharmacy,EXACT,False
Sardar Patel University,Gujarat,Pharmacy,--,--,7.8,8.6,7,8.5,7.7,7.3,7.8,Sardar Patel University,EXACT,False
L J Institute of Pharmacy,Gujarat,Pharmacy,"81,000","1,18,000",7.2,7.4,5.3,8.7,7.2,7,7.8,L J Institute of Pharmacy,EXACT,False
Nirma University,Gujarat,Pharmacy,"3,96,000","62,200",8.4,8.6,8,8.4,9.1,8.1,8.2,Nirma University,EXACT,False
BV Patel Pharmaceutical Education and Research Development,Gujarat,Pharmacy,--,--,--,--,--,--,--,--,--,BV Patel Pharmaceutical Education and Research Development,EXACT,False
"Sumandeep Vidyapeeth, Vadodara",Gujarat,Pharmacy,"1,10,000","2,10,000",7.8,8,7,8.2,8,7.5,8,"Sumandeep Vidyapeeth, Vadodara",EXACT,False
"Atmiya University, Rajkot",Gujarat,Pharmacy,"1,21,000","21,300",8.1,8.8,7.5,8.6,8.4,7.4,7.9,"Atmiya University, Rajkot",EXACT,False
Ganpat University,Gujarat,Pharmacy,"1,53,000","60,000",8.1,8.2,7.2,8.1,8.5,7.8,8.6,Ganpat University,EXACT,False
"C. U. Shah University, Wadhwan",Gujarat,Pharmacy,"94,800","1,39,800",7.7,7.6,7,8.2,7.8,7.4,7.9,"C. U. Shah University, Wadhwan",EXACT,False
"Uka Tarsadia University, Bardoli",Gujarat,Pharmacy,"1,64,000","1,58,000",8.1,7.8,7.9,8.2,9.4,6.9,8.3,"Uka Tarsadia University, Bardoli",EXACT,False
RK University,Gujarat,Pharmacy,"1,25,000","80,000",8.5,9,7.9,8.6,9,7.8,8.5,RK University,EXACT,False
Dharmsinh Desai University,Gujarat,Pharmacy,"1,98,000","1,54,000",7.7,8.5,7,8.3,7.1,8.1,6.9,Dharmsinh Desai University,EXACT,False
Rai University,Gujarat,Pharmacy,"70,600","50,600",7.1,7.2,7.1,7,6.9,6.8,7.7,Rai University,EXACT,False
"ITM SLS Baroda University, Vadodara",Gujarat,Pharmacy,"73,000",--,7.5,7.9,6.3,6.9,8.9,7.4,7.7,"ITM SLS Baroda University, Vadodara",EXACT,False
Charotar University of Science and Technology,Gujarat,Pharmacy,"1,30,000","1,89,000",8.5,8.5,8,8.4,9.3,8.1,8.6,Charotar University of Science and Technology,EXACT,False
"Khyati Foundation, Ahmedabad",Gujarat,Pharmacy,--,--,9.2,9.3,9,9.3,9.5,8.8,9,"Khyati Foundation, Ahmedabad",EXACT,False
"Smt NilaBen ManuBhai Padalia Pharmacy College, Ahmedabad",Gujarat,Pharmacy,"59,000","98,000",8.2,9,7,9,8,7,9,Smt NilaBen ManuBhai Padalia Pharmacy College,EXACT,False
Dr Subhash Technical Campus,Gujarat,Pharmacy,"79,000",--,8.3,8.1,7.9,8.7,8.4,8.3,8.4,Dr Subhash Technical Campus,EXACT,False
Noble Group of Institution,Gujarat,Pharmacy,"54,000","95,000",8.4,8.8,8,8.8,9.2,6.8,8.5,Noble Group of Institution,EXACT,False
Institute of Science and Technology for Advanced,Gujarat,Pharmacy,"60,000",--,6.9,8.6,3.3,8.7,8.9,5,6.8,Institute of Science and Technology for Advanced,EXACT,False
Ashok and Rita Patel Institute of Integrated,Gujarat,Pharmacy,--,--,--,--,--,--,--,--,--,Ashok and Rita Patel Institute of Integrated,EXACT,False
Bapu Gujarat Knowledge Village,Gujarat,Pharmacy,"82,000","1,13,000",--,--,--,--,--,--,--,Bapu Gujarat Knowledge Village,EXACT,False
Panjab University,Punjab,Pharmacy,"29,400","15,665",7.7,8.2,7.7,8,7.7,6.5,8.2,Panjab University,EXACT,False
National Institute of Pharmaceutical Education and Research,Punjab,Pharmacy,"90,500","1,27,500",9.2,9.1,9.4,9.1,9.9,8.5,9.4,National Institute of Pharmaceutical Education and Research,EXACT,False
"ISF College of pharmacy, Moga",Punjab,Pharmacy,"79,200","1,00,000",7.5,8.3,6.7,8.6,7.9,6.7,6.8,"ISF College of pharmacy, Moga",EXACT,False
Chitkara College of Pharmacy,Punjab,Pharmacy,"1,72,000","1,62,000",8.3,8.5,7,8,9,8.5,8.5,Chitkara College of Pharmacy,EXACT,False
Amar Shaheed Baba Ajit Singh Jujhar Singh,Punjab,Pharmacy,"80,000","1,10,000",6.3,7,5.5,7,6.3,5.8,6.3,Amar Shaheed Baba Ajit Singh Jujhar Singh,EXACT,False
"Government Medical College / Rajindra Hospital-[GMCP], Patiala",Punjab,Pharmacy,--,--,7.5,7.3,7.3,8.3,6.5,7.8,7.5,Government Medical College / Rajindra Hospital-[GMCP],EXACT,False
Chandigarh University,Punjab,Pharmacy,"2,00,000","1,90,000",8.6,8.6,8.2,8.4,9,8.6,8.8,Chandigarh University,EXACT,False
"Sri Guru Gobind Singh College of Pharmacy,",Punjab,Pharmacy,"2,575",--,8.8,9.3,8.3,9.7,8.3,7.7,9.3,Sri Guru Gobind Singh College of Pharmacy,EXACT,False
"SD College of Pharmacy, Barnala",Punjab,Pharmacy,"1,00,000","85,000",7.6,8,7,8.5,7.5,7,7.5,"SD College of Pharmacy, Barnala",EXACT,False
I.K. Gujral Punjab Technical University,Punjab,Pharmacy,"14,000",--,8.1,8,7.4,8.7,8.3,7.7,8.7,I.K. Gujral Punjab Technical University,EXACT,False
"RIMT University, Gobindgarh",Punjab,Pharmacy,"39,400","1,34,000",7.6,7.9,7.3,7.8,8,6.7,7.8,"RIMT University, Gobindgarh",EXACT,False
Chitkara University,Punjab,Pharmacy,"3,16,000","2,44,000",8.5,8.4,7.7,8.5,8.9,8.7,8.7,Chitkara University,EXACT,False
"Guru Kashi University, Bathinda",Punjab,Pharmacy,"32,874","2,22,000",7.5,7.4,7.2,8,7.2,7.2,7.8,"Guru Kashi University, Bathinda",EXACT,False
"Adesh University, Bathinda",Punjab,Pharmacy,"1,36,500","1,36,500",8.6,8.8,8.8,8.5,9,8.3,8.3,"Adesh University, Bathinda",EXACT,False
Chandigarh Group of Colleges,Punjab,Pharmacy,"1,28,000","87,000",8.1,8,7.4,8,8.3,8.6,8.4,Chandigarh Group of Colleges,EXACT,False
"Rayat Bahra University, Mohali",Punjab,Pharmacy,"80,000","1,20,000",7.7,7.8,7.4,8,7.7,7.4,7.6,"Rayat Bahra University, Mohali",EXACT,False
"Global Institute, Amritsar",Punjab,Pharmacy,"3,27,000",--,8.3,8,8.2,8.7,8.8,7.9,8.3,"Global Institute, Amritsar",EXACT,False
"Maharaja Ranjit Singh Punjab Technical University, Bathinda",Punjab,Pharmacy,"69,600","65,600",8.2,8.6,7.8,8.4,8.2,8.1,8.2,Maharaja Ranjit Singh Punjab Technical University,EXACT,False
"PCTE Group of Institutes, Ludhiana",Punjab,Pharmacy,"91,900","1,38,400",7.7,8,7.2,8,8,6.8,8.3,"PCTE Group of Institutes, Ludhiana",EXACT,False
Amritsar Group of Colleges,Punjab,Pharmacy,"4,95,428","1,26,000",8.8,8.7,8.9,9,8.8,8.6,9,Amritsar Group of Colleges,EXACT,False
"CT Group of Institutions, Jalandhar",Punjab,Pharmacy,"87,080","1,27,050",7.6,7.5,7,8.2,7.5,7.9,7.4,"CT Group of Institutions, Jalandhar",EXACT,False
"Aryans Group of Colleges, Rajpura",Punjab,Pharmacy,"1,06,000",--,7.5,7.6,7,7.9,7.6,7.3,7.6,"Aryans Group of Colleges, Rajpura",EXACT,False
Doaba Group of Colleges,Punjab,Pharmacy,"3,27,000",--,5.8,5.8,5.5,6.5,6,5.8,5.3,Doaba Group of Colleges,EXACT,False
"Rayat Bahra Hoshiarpur Campus, Hoshiarpur",Punjab,Pharmacy,"1,20,000","1,20,000",8.9,9.2,8.5,9.2,8.3,8.8,9.1,Rayat Bahra Hoshiarpur Campus,EXACT,False
"Rayat Bahra Patiala Campus, Patiala",Punjab,Pharmacy,"1,20,000","50,000",6,6.3,7.8,6,6,4,6,"Rayat Bahra Patiala Campus, Patiala",EXACT,False
Global Institute of Management and Emerging Technologies,Punjab,Pharmacy,--,--,7.4,7.6,7,7.7,8.4,6.3,7.3,Global Institute of Management and Emerging Technologies,EXACT,False
"Rayat Bahra Group of Institutions: Ropar Campus,",Punjab,Pharmacy,"2,43,000","2,52,000",6.7,6.5,8,7.5,7,5,6,Rayat Bahra Group of Institutions: Ropar Campus,EXACT,False
Guru Nanak Institute of Pharmaceutical Science and,West Bengal,Pharmacy,"4,78,000","3,05,700",9,9.2,8.6,9,9.1,8.8,9,Guru Nanak Institute of Pharmaceutical Science and,EXACT,False
"NSHM Knowledge Campus, Kolkata",West Bengal,Pharmacy,"2,43,000","1,10,500",7.8,8,6.8,8.1,8.2,7.7,8,"NSHM Knowledge Campus, Kolkata",EXACT,False
Jadavpur University,West Bengal,Pharmacy,"2,400","2,00,000",8.4,9,7.6,8.5,8.1,8.4,9,Jadavpur University,EXACT,False
"University of Calcutta, Kolkata",West Bengal,Pharmacy,--,--,7.7,8.6,6.9,8.5,7.7,6.5,7.7,"University of Calcutta, Kolkata",EXACT,False
West Bengal University of Animal and Fishery,West Bengal,Pharmacy,"17,650",--,8.4,8.5,8.3,8.9,8.1,8.2,8.6,West Bengal University of Animal and Fishery,EXACT,False
Maulana Abul Kalam Azad University of Technology,West Bengal,Pharmacy,--,--,7.7,8.1,6.9,8,7.8,7.7,7.6,Maulana Abul Kalam Azad University of Technology,EXACT,False
Calcutta Institute of Pharmaceutical Technology & Allied,West Bengal,Pharmacy,"1,03,200","1,40,100",7.7,8.4,7,8,8.2,7.4,7,Calcutta Institute of Pharmaceutical Technology & Allied,EXACT,False
"Adamas University, Kolkata",West Bengal,Pharmacy,"95,100","1,76,600",8.2,8.3,7.5,8.5,9,7.8,7.8,"Adamas University, Kolkata",EXACT,False
"Techno India University, Kolkata",West Bengal,Pharmacy,--,--,8,8.2,7.4,8.2,8.1,7.8,8.4,"Techno India University, Kolkata",EXACT,False
Seacom Skills University,West Bengal,Pharmacy,"1,00,000","1,00,000",7.5,8.4,6.4,8.9,7.4,6.7,7.3,Seacom Skills University,EXACT,False
The Neotia University,West Bengal,Pharmacy,"80,000","1,66,000",8.2,8.7,7.5,8.5,8.2,7.8,8.6,The Neotia University,EXACT,False
Bengal School of Technology,West Bengal,Pharmacy,"1,23,600","1,58,600",7.8,8,7.3,8,8.7,7.1,7.9,Bengal School of Technology,EXACT,False
"JIS University, Kolkata",West Bengal,Pharmacy,"1,32,800","1,63,200",8,8.3,7.7,8,8.2,7.8,7.8,"JIS University, Kolkata",EXACT,False
IAS Academy,West Bengal,Pharmacy,--,--,7.9,8.2,8,8,7.8,7.6,7.8,IAS Academy,EXACT,False
Gupta College of Technological Sciences,West Bengal,Pharmacy,"1,27,050","1,39,400",9,9.4,8.6,9.2,9.1,9.2,8.4,Gupta College of Technological Sciences,EXACT,False
Carreograph Institute of Management Studies,West Bengal,Pharmacy,"25,000",--,8.3,9.3,7.3,8.7,8.3,8.3,8,Carreograph Institute of Management Studies,EXACT,False
"Sanaka Educational Trust's Group of Institutions- [SETGOI],",West Bengal,Pharmacy,"98,250",--,7.9,8.3,7.9,8.3,8,7.2,7.8,Sanaka Educational Trust's Group of Institutions- [SETGOI],EXACT,False
Bharat Technology,West Bengal,Pharmacy,"1,10,200","1,02,000",7.9,8.1,8.1,8.9,6.5,7.5,8.3,Bharat Technology,EXACT,False
Bengal College of Pharmaceutical Science and Research,West Bengal,Pharmacy,"1,03,600","1,12,500",8,8.1,7.2,8,8.4,8,8.1,Bengal College of Pharmaceutical Science and Research,EXACT,False
Dr BC Roy College of Pharmacy and,West Bengal,Pharmacy,"1,17,430","1,69,000",7.8,8.9,6.8,9.1,8.1,7.1,7,Dr BC Roy College of Pharmacy and,EXACT,False
National Institute of Pharmaceutical Education And Research,West Bengal,Pharmacy,"62,044",--,8.3,8.3,8,8.7,8.3,8.5,8.2,National Institute of Pharmaceutical Education And Research,EXACT,False
Nexxus Healthcare Innovation,West Bengal,Pharmacy,--,--,--,--,--,--,--,--,--,Nexxus Healthcare Innovation,EXACT,False
"University of North Bengal, Darjeeling",West Bengal,Pharmacy,"80,000",--,7.9,8.7,7.8,8.1,8.1,6.9,7.9,"University of North Bengal, Darjeeling",EXACT,False
Bengal Institute of Pharmaceutical Sciences,West Bengal,Pharmacy,"88,700","1,23,700",8.6,8,8,8,--,--,--,Bengal Institute of Pharmaceutical Sciences,EXACT,False
Institute of Pharmacy,West Bengal,Pharmacy,"20,000","2,500",8.1,8,8.2,7.6,7.2,8.6,8.8,Institute of Pharmacy,EXACT,False
BCDA College of Pharmacy & Technology,West Bengal,Pharmacy,"3,57,000",--,7.2,7.7,6,9,6,7,7.5,BCDA College of Pharmacy & Technology,EXACT,False
Netaji Subhas Chandra Bose Institute of Pharmacy,West Bengal,Pharmacy,"97,500","1,25,000",7.7,8,6.7,8,7.9,7.3,8.2,Netaji Subhas Chandra Bose Institute of Pharmacy,EXACT,False
Eminent College of Pharmaceutical Technology,West Bengal,Pharmacy,"96,500","78,000",9,9.7,8,9.5,9,9,8.5,Eminent College of Pharmaceutical Technology,EXACT,False
Swami Vivekananda University,West Bengal,Pharmacy,"1,35,000","1,20,000",--,--,--,--,--,--,--,Swami Vivekananda University,EXACT,False
Siksha 'O' Anusandhan University,Odisha,Pharmacy,"1,50,000","40,000",8.3,8.6,7.6,8.3,8.7,8,8.5,Siksha 'O' Anusandhan University,EXACT,False
Sri Jayadev College of Pharmaceutical Sciences,Odisha,Pharmacy,"62,500","1,46,000",7.4,8.6,6.5,8.1,6.6,7.2,7.1,Sri Jayadev College of Pharmaceutical Sciences,EXACT,False
Roland Institute of Pharmaceutical Sciences,Odisha,Pharmacy,"84,000","85,000",8.3,8.6,7.3,8.8,8.4,8.1,8.5,Roland Institute of Pharmaceutical Sciences,EXACT,False
Seemanta Institute of Pharmaceutical Sciences,Odisha,Pharmacy,"65,000","75,500",7.7,8.8,8.3,8.8,7,5.8,7.5,Seemanta Institute of Pharmaceutical Sciences,EXACT,False
Biju Patnaik University of Technology,Odisha,Pharmacy,"3,28,000",--,6.2,6.1,6.7,6.4,6.8,4.8,6.1,Biju Patnaik University of Technology,EXACT,False
Centurion University of Technology and Management,Odisha,Pharmacy,"1,00,000",--,8.1,8.3,7.6,8.5,8.4,7.4,8.5,Centurion University of Technology and Management,EXACT,False
"Hi-tech Group of Institutions, Bhubaneswar",Odisha,Pharmacy,"55,000",--,8.1,9.5,7.5,8.3,8.5,6.7,8,Hi-tech Group of Institutions,EXACT,False
Gajapati Institute of Management,Odisha,Pharmacy,--,--,--,--,--,--,--,--,--,Gajapati Institute of Management,EXACT,False
"Baji Rout Memorial College, Bhubaneswar",Odisha,Pharmacy,--,--,6.9,8.3,5,8.7,7.3,5,7,"Baji Rout Memorial College, Bhubaneswar",EXACT,False
"College of Pharmaceutical Sciences Mohuda, Ganjam",Odisha,Pharmacy,"70,000","60,000",8.6,9,7.7,9.3,8.3,8.7,8.3,College of Pharmaceutical Sciences Mohuda,EXACT,False
Dadhichi College Of Pharmacy,Odisha,Pharmacy,"70,000","73,000",8.5,3,9,--,--,--,--,Dadhichi College Of Pharmacy,EXACT,False
Gayatri College Of Pharmacy,Odisha,Pharmacy,"72,000","83,000",8.6,9,9,9,8,8.7,8,Gayatri College Of Pharmacy,EXACT,False
Gayatri Institute of Science and Technology,Odisha,Pharmacy,"62,500","68,750",7,8,4,9,7,8,6,Gayatri Institute of Science and Technology,EXACT,False
"Indira Gandhi Institute of Pharmaceutical Sciences, Bhubaneswar",Odisha,Pharmacy,"89,000",--,7.5,8.7,7.2,8.5,6.8,6.2,7.3,Indira Gandhi Institute of Pharmaceutical Sciences,EXACT,False
"Kanak Manjari Institute of Pharmaceutical Sciences, Rourkela",Odisha,Pharmacy,"62,500","73,000",8.1,8.4,7.5,8.5,8.6,8.4,7,Kanak Manjari Institute of Pharmaceutical Sciences,EXACT,False
Royal College of Pharmacy & Health Sciences,Odisha,Pharmacy,"70,000","75,000",9.1,9.3,7.7,9.7,--,--,--,Royal College of Pharmacy & Health Sciences,EXACT,False
"The Pharmaceutical College, Bargarh",Odisha,Pharmacy,"46,000","21,050",9.8,--,--,--,--,--,--,"The Pharmaceutical College, Bargarh",EXACT,False
Sri Ram Chandra Bhanja Medical College and,Odisha,Pharmacy,--,--,8.4,8.6,8.1,8.3,8.1,8.8,8.3,Sri Ram Chandra Bhanja Medical College and,EXACT,False
"Berhampur University, Berhampur",Odisha,Pharmacy,"60,000",--,7.7,8.4,7.4,8.2,7.2,6.4,8.3,"Berhampur University, Berhampur",EXACT,False
"Utkal University, Bhubaneswar",Odisha,Pharmacy,"9,500","70,000",7.5,7.9,7.1,7.8,7.4,6.6,7.9,"Utkal University, Bhubaneswar",EXACT,False
Institute of Pharmacy and Technology,Odisha,Pharmacy,"82,000","90,000",8.6,9,8,9,8.8,8.8,7.7,Institute of Pharmacy and Technology,EXACT,False
"College of Pharmaceutical Sciences -[CPS], Bhubaneswar",Odisha,Pharmacy,"62,500","73,000",10,--,--,--,--,--,--,College of Pharmaceutical Sciences -[CPS],EXACT,False
"IMT Pharmacy College, Bhubaneswar",Odisha,Pharmacy,"68,000","90,000",9.8,--,--,--,--,--,--,"IMT Pharmacy College, Bhubaneswar",EXACT,False
"Jeypore College of Pharmacy, Jeypore",Odisha,Pharmacy,--,--,--,--,--,--,--,--,--,"Jeypore College of Pharmacy, Jeypore",EXACT,False
"Hi-Tech College of Pharmacy, Bhubaneswar",Odisha,Pharmacy,"71,250",--,7.5,7,6,9,7,8,8,"Hi-Tech College of Pharmacy, Bhubaneswar",EXACT,False
"Government Polytechnic, Bhubaneswar",Odisha,Pharmacy,"5,800",--,8,8.2,6.8,9,7.4,9.2,7.6,"Government Polytechnic, Bhubaneswar",EXACT,False
University of Petroleum and Energy Studies,Uttarakhand,Pharmacy,"6,75,500","2,36,000",8.1,8.1,7.8,7.9,8.6,7.7,8.2,University of Petroleum and Energy Studies,EXACT,False
DIT University,Uttarakhand,Pharmacy,"1,80,000","1,40,000",7.8,7.9,7.6,7.6,8.4,7.4,8,DIT University,EXACT,False
"MotherHood University, Roorkee",Uttarakhand,Pharmacy,"1,05,000","1,22,350",8,8.3,7.9,7.6,8,8,8.3,"MotherHood University, Roorkee",EXACT,False
Swami Rama Himalayan University,Uttarakhand,Pharmacy,"1,18,000",--,7,7.1,6.6,6.9,7.4,7.1,6.7,Swami Rama Himalayan University,EXACT,False
Graphic Era Hill University,Uttarakhand,Pharmacy,"1,12,000","1,87,200",8.1,7.9,7.8,8.1,8.4,7.7,8.4,Graphic Era Hill University,EXACT,False
Shri Guru Ram Rai University,Uttarakhand,Pharmacy,"86,800","68,500",7.6,7.8,7.1,7.9,7.9,7.3,7.7,Shri Guru Ram Rai University,EXACT,False
Himgiri Zee University,Uttarakhand,Pharmacy,"80,000","1,00,000",7.9,8.5,5.5,9,8,7.7,8.8,Himgiri Zee University,EXACT,False
BFIT Group of Institutions,Uttarakhand,Pharmacy,"70,000","45,000",7.5,7.7,7.1,7.7,7.6,7.1,8,BFIT Group of Institutions,EXACT,False
Graphic Era Hill University Bhimtal Campus,Uttarakhand,Pharmacy,"1,30,400","92,800",8.1,8.2,7.6,7.9,8.8,7.8,8,Graphic Era Hill University Bhimtal Campus,EXACT,False
Phonics Group of Institutions,Uttarakhand,Pharmacy,--,--,7.6,7.8,6.8,7.7,7.9,7.4,7.7,Phonics Group of Institutions,EXACT,False
Sardar Bhagwan Singh University,Uttarakhand,Pharmacy,"1,17,500","1,26,500",8.7,8.7,8.3,9.3,9,8.3,8.7,Sardar Bhagwan Singh University,EXACT,False
"Maya Group of Colleges, Dehradun",Uttarakhand,Pharmacy,"1,06,800","96,800",7.3,6.8,7.2,8.3,7.2,6.7,7.3,"Maya Group of Colleges, Dehradun",EXACT,False
Institute of Clinical Research,Uttarakhand,Pharmacy,--,--,--,--,--,--,--,--,--,Institute of Clinical Research,EXACT,False
Amrapali Group of Institutes,Uttarakhand,Pharmacy,"75,000","65,000",7.8,7.8,7.5,8.2,7.5,7.8,8.1,Amrapali Group of Institutes,EXACT,False
GRD Institute of Management and Technology,Uttarakhand,Pharmacy,"1,17,500","1,25,000",6.6,7.1,6,7.1,6.8,5.2,7.2,GRD Institute of Management and Technology,EXACT,False
Shree Dev Bhoomi Institute of Education Science,Uttarakhand,Pharmacy,"80,000","1,70,000",7.3,7.7,7.3,8,7.3,5.3,8,Shree Dev Bhoomi Institute of Education Science,EXACT,False
Shri Guru Ram Rai Institute of Technology,Uttarakhand,Pharmacy,"87,800","1,20,750",7.2,7.6,6.6,8.1,6.9,6.6,7.1,Shri Guru Ram Rai Institute of Technology,EXACT,False
Ramanand Institute of Pharmacy Management and Technology,Uttarakhand,Pharmacy,--,--,--,--,--,--,--,--,--,Ramanand Institute of Pharmacy Management and Technology,EXACT,False
Kumaun University,Uttarakhand,Pharmacy,"56,013","1,25,000",8.2,8.9,8.4,8.8,8.7,6.6,7.8,Kumaun University,EXACT,False
"Devsthali Vidyapeeth, Udham Singh Nagar",Uttarakhand,Pharmacy,"91,000","1,00,000",7.4,8.5,6,8.4,8.3,6.4,6.6,"Devsthali Vidyapeeth, Udham Singh Nagar",EXACT,False
"Global Institute of Pharmaceutical Education & Research,",Uttarakhand,Pharmacy,"90,000","85,000",6.7,7,6,8,6,5,8,Global Institute of Pharmaceutical Education & Research,EXACT,False
Roorkee College of Pharmacy,Uttarakhand,Pharmacy,"82,000","50,000",7.6,7.6,7,9,7.2,6,8.8,Roorkee College of Pharmacy,EXACT,False
Sardar Bhagwan Singh Post Graduate Institute of,Uttarakhand,Pharmacy,"1,17,500","1,26,500",8.2,8.3,7.6,8.8,7.9,8,8.6,Sardar Bhagwan Singh Post Graduate Institute of,EXACT,False
All India Institute of Medical Sciences,Uttarakhand,Pharmacy,"51,200",--,9.1,9.2,8.6,9.3,9.2,9.2,8.8,All India Institute of Medical Sciences,EXACT,False
Tamil Nadu Dr Ambedkar Law University,Tamil Nadu,Law,"38,200","69,620",7.8,8.1,6.6,8.3,8.5,7.2,8,Tamil Nadu Dr Ambedkar Law University,EXACT,False
"Saveetha School of Law, Chennai",Tamil Nadu,Law,"1,75,000","2,40,000",8.2,8.2,7.6,8.5,8.2,8,8.4,"Saveetha School of Law, Chennai",EXACT,False
Vellore Institute of Technology,Tamil Nadu,Law,"43,000",--,8.3,8.3,8,7.8,8.9,8.5,8.5,Vellore Institute of Technology,EXACT,False
SRM Institute of Technology,Tamil Nadu,Law,"2,10,000","8,000",8,8,7.1,7.6,8.7,8.2,8.6,SRM Institute of Technology,EXACT,False
Annamalai University,Tamil Nadu,Law,"25,010",--,7.4,8.1,6.7,8,7.9,6.5,7.2,Annamalai University,EXACT,False
"SASTRA University, Thanjavur",Tamil Nadu,Law,"1,37,000","1,37,000",8.1,8.5,7,8.2,8.3,8.7,8.1,"SASTRA University, Thanjavur",EXACT,False
Dr. N.G.P. Arts and Science College,Tamil Nadu,Law,--,--,7.6,7.8,7.1,7.5,8.4,7.7,7,Dr. N.G.P. Arts and Science College,EXACT,False
Karunya Institute of Technology and Sciences,Tamil Nadu,Law,"41,000",--,7.9,7.9,7.9,7.9,8.5,7.5,7.4,Karunya Institute of Technology and Sciences,EXACT,False
"Vels Institute of Science, Technology & Advanced",Tamil Nadu,Law,"1,13,800","1,63,800",8.1,8.4,7.5,8.4,8.1,7.8,8.3,Vels Institute of Science,EXACT,False
Ponnaiyah Ramajayam Institute of Science and Technology,Tamil Nadu,Law,--,--,6.5,6.8,6.4,6.9,7,5.4,6.3,Ponnaiyah Ramajayam Institute of Science and Technology,EXACT,False
Hindustan Institute of Technology and Science,Tamil Nadu,Law,"40,000","2,22,500",7.6,7.8,6.9,7.8,7.9,6.9,8,Hindustan Institute of Technology and Science,EXACT,False
B.S. Abdur Rahman Crescent Institute of Science,Tamil Nadu,Law,"1,45,000",--,8.2,8.4,7.8,8.3,8.7,7.7,8.2,B.S. Abdur Rahman Crescent Institute of Science,EXACT,False
"Dr. M.G.R. Educational and Research Institute, Chennai",Tamil Nadu,Law,"1,50,000",--,7.4,7.6,7.4,7.1,7.8,6.8,7.5,Dr. M.G.R. Educational and Research Institute,EXACT,False
"Alagappa University, Karaikudi",Tamil Nadu,Law,"2,500",--,8.5,8.9,7.9,8.9,8.4,8.2,8.4,"Alagappa University, Karaikudi",EXACT,False
Vellore Institute of Technology,Tamil Nadu,Law,"87,000","1,64,000",8.5,8.7,8,8.2,8.8,8.8,8.4,Vellore Institute of Technology,EXACT,False
Bharath University,Tamil Nadu,Law,--,--,7.6,7.9,7.1,8.1,7.6,7.8,7,Bharath University,EXACT,False
Academy of Maritime Education and Training University,Tamil Nadu,Law,--,--,7.3,7.5,7,8,7.1,7,7.1,Academy of Maritime Education and Training University,EXACT,False
Vel Tech Dr. RR & Dr. SR,Tamil Nadu,Law,"65,000",--,8.1,8.2,8.5,8,8.1,7.8,7.8,Vel Tech Dr. RR & Dr. SR,EXACT,False
"Alagappa College of Technology, Anna University",Tamil Nadu,Law,--,--,8.4,8.7,7.3,8.8,8.6,8.3,8.6,Alagappa College of Technology,EXACT,False
Indian Institute of Knowledge Management,Tamil Nadu,Law,"75,500",--,7.8,8.3,8,9,8.5,5.8,7,Indian Institute of Knowledge Management,EXACT,False
Indian School of Business Management and Administration,Tamil Nadu,Law,--,--,--,--,--,--,--,--,--,Indian School of Business Management and Administration,EXACT,False
"AVVM Sri Pushpam College, Thanjavur",Tamil Nadu,Law,--,--,8.4,8.3,8.3,8.7,8.3,8.3,8.7,"AVVM Sri Pushpam College, Thanjavur",EXACT,False
Chevalier T.Thomas Elizabeth College For Women,Tamil Nadu,Law,--,--,8.5,9.8,6,8.6,9.3,8.5,8.9,Chevalier T.Thomas Elizabeth College For Women,EXACT,False
"Nadar Saraswathi College of Arts and Science,",Tamil Nadu,Law,--,--,9.1,9.6,8.8,9,9.6,8.8,8.8,Nadar Saraswathi College of Arts and Science,EXACT,False
"Government Law College, Madurai",Tamil Nadu,Law,"1,255","1,845",7.2,8,6.5,7,6.5,7.3,8,"Government Law College, Madurai",EXACT,False
"Government Law College, Coimbatore",Tamil Nadu,Law,"1,255","1,845",8.6,9.4,8.4,8.7,9,8.1,8.1,"Government Law College, Coimbatore",EXACT,False
"Government Law College, Tiruchirappalli",Tamil Nadu,Law,"1,459","1,999",9.2,9,9,--,--,--,--,"Government Law College, Tiruchirappalli",EXACT,False
"The Tamil Nadu Dr. Ambedkar Law University,",Tamil Nadu,Law,"38,200","69,620",8.2,8.8,7.7,8.6,7.8,7.7,8.4,The Tamil Nadu Dr. Ambedkar Law University,EXACT,False
"Periyar University, Salem",Tamil Nadu,Law,--,--,8,8.6,7,8.3,8,7.9,8.4,"Periyar University, Salem",EXACT,False
Symbiosis Law School,Maharashtra,Law,"1,65,000","6,500",8.3,8.8,7.4,8.3,8.1,8.3,8.9,Symbiosis Law School,EXACT,False
ILS Law College,Maharashtra,Law,"65,320","17,600",7.3,8,5.6,7.7,7.7,6.6,8,ILS Law College,EXACT,False
"Bharati Vidyapeeth New Law College -[NLC], Pune",Maharashtra,Law,"10,500","78,750",7.1,7.9,6.1,8,6.4,6.5,7.4,Bharati Vidyapeeth New Law College -[NLC],EXACT,False
Government Law College,Maharashtra,Law,"45,000","6,980",7.4,8.3,5.9,7.7,7,7.6,8.1,Government Law College,EXACT,False
Mumbai University,Maharashtra,Law,"8,000","54,520",7.2,7.6,6.5,7.9,7.4,6.6,7,Mumbai University,EXACT,False
D.E.S's Shri. Navalmal Firodia Law College,Maharashtra,Law,"27,000",--,8.2,9.3,7.8,8.2,8.7,6.8,8.2,D.E.S's Shri. Navalmal Firodia Law College,EXACT,False
"Manikchand Pahade Law College, Aurangabad",Maharashtra,Law,"3,750","13,046",6.9,8.5,6.2,6.8,7.5,5.1,7,Manikchand Pahade Law College,EXACT,False
"Sinhgad Law College, Pune",Maharashtra,Law,"29,000","10,767",7.4,8,7.5,7.3,6.5,6.7,8.3,"Sinhgad Law College, Pune",EXACT,False
IIT Bombay,Maharashtra,Law,"73,000",--,8.9,9.3,7.9,8.7,8.9,9.1,9.2,IIT Bombay,EXACT,False
"St. Xavier's College, Mumbai",Maharashtra,Law,"27,000",--,8.2,8.7,7.3,8.3,8.8,7.6,8.7,"St. Xavier's College, Mumbai",EXACT,False
Savitribai Phule Pune University,Maharashtra,Law,--,--,7.6,8.1,7.1,7.9,7.9,6.8,7.5,Savitribai Phule Pune University,EXACT,False
B.K Birla College Of Arts Science &,Maharashtra,Law,500,--,7.6,8,6.5,8.1,8.1,6.6,8,B.K Birla College Of Arts Science &,EXACT,False
"DY Patil University, Navi Mumbai",Maharashtra,Law,"3,00,000",--,7.5,7.3,7.1,7.7,7.5,7.4,7.8,"DY Patil University, Navi Mumbai",EXACT,False
Narsee Monjee Institute of Management Studies,Maharashtra,Law,"1,27,000","2,02,000",8.1,8.4,7.6,8.5,8.1,7.9,8.2,Narsee Monjee Institute of Management Studies,EXACT,False
Rashtrasant Tukadoji Maharaj Nagpur University,Maharashtra,Law,"12,280","35,040",7.5,8,7.2,7.7,7.9,6.9,7.4,Rashtrasant Tukadoji Maharaj Nagpur University,EXACT,False
"Yashwantrao Chavan Maharashtra Open University- [YCMOU], Nashik",Maharashtra,Law,"1,700",--,7.4,8.5,6.3,7.6,7.9,7.5,6.4,Yashwantrao Chavan Maharashtra Open University- [YCMOU],EXACT,False
"Dayanand College of Law, Latur",Maharashtra,Law,"10,000","8,050",8.3,--,--,--,--,--,--,"Dayanand College of Law, Latur",EXACT,False
"Navjeevan Law College, Nashik",Maharashtra,Law,"11,000",--,--,--,--,--,--,--,--,"Navjeevan Law College, Nashik",EXACT,False
Marathwada Mitramandal's College of Commerce,Maharashtra,Law,--,--,6.9,7.6,6.1,7.7,6.2,6.3,7.3,Marathwada Mitramandal's College of Commerce,EXACT,False
Krishna Institute of Medical Sciences University,Maharashtra,Law,--,--,8.1,8.4,7,7.8,9.1,8.2,8.3,Krishna Institute of Medical Sciences University,EXACT,False
"A.K.K. New Law Academy, Pune",Maharashtra,Law,"21,000","33,000",8,8,7,8,8,8,9,"A.K.K. New Law Academy, Pune",EXACT,False
Shivaji University,Maharashtra,Law,--,--,7.6,7.9,7.2,8.1,8.1,6.3,8,Shivaji University,EXACT,False
MIT World Peace University,Maharashtra,Law,"2,25,000",--,8,8.1,7,8,8.5,7.7,8.4,MIT World Peace University,EXACT,False
ASM's Institute of Business Management & Research,Maharashtra,Law,--,--,6.7,6.6,6.5,7.2,6.2,6.6,7.1,ASM's Institute of Business Management & Research,EXACT,False
Tata Institute of Social Sciences,Maharashtra,Law,"68,500",--,8.6,9,8.1,8.9,8.6,8.4,8.6,Tata Institute of Social Sciences,EXACT,False
Gopaldas Jhamatmal Advani Law College,Maharashtra,Law,"7,180","15,000",7.7,9,5,8,6.8,8.4,8.8,Gopaldas Jhamatmal Advani Law College,EXACT,False
"PES's Modern Law College, Pune",Maharashtra,Law,"23,000","30,000",6.4,6.8,5.5,6.8,5.8,6.3,7,"PES's Modern Law College, Pune",EXACT,False
Nari Gursahani Law College,Maharashtra,Law,"33,000",--,7.9,8.5,6.5,8.3,8,7.3,8.5,Nari Gursahani Law College,EXACT,False
SVKM's Narsee Monjee Institute of Management Studies,Maharashtra,Law,--,--,8.2,8.5,6.8,8.6,8.3,8.3,8.7,SVKM's Narsee Monjee Institute of Management Studies,EXACT,False
Dr Ram Manohar Lohiya National Law University,Uttar Pradesh,Law,"42,800","79,000",7.5,7.8,6.9,7,8.4,6.1,8.6,Dr Ram Manohar Lohiya National Law University,EXACT,False
"Faculty of Law, Banaras Hindu University, Varanasi",Uttar Pradesh,Law,"60,000","2,206",7.3,8.7,7.7,8.7,7.2,5,6.6,Faculty of Law,EXACT,False
Aligarh Muslim University,Uttar Pradesh,Law,"17,395","2,07,320",8.3,8.8,7.9,8.5,8.8,7.2,8.6,Aligarh Muslim University,EXACT,False
University of Lucknow,Uttar Pradesh,Law,"52,160","13,090",7.4,7.9,7,7.8,7.7,6.1,7.6,University of Lucknow,EXACT,False
"Lloyd Law College, Greater Noida",Uttar Pradesh,Law,"1,80,000",--,7.5,8.5,7.2,7.8,7.8,7.1,6.8,"Lloyd Law College, Greater Noida",EXACT,False
Amity Law School,Uttar Pradesh,Law,"13,92,000",--,7.9,8.3,7,7.7,9.2,6.5,8.6,Amity Law School,EXACT,False
"Amity University, Lucknow",Uttar Pradesh,Law,"84,000","1,88,000",8.1,8,7.6,8.1,8.8,7.1,8.8,"Amity University, Lucknow",EXACT,False
Banaras Hindu University,Uttar Pradesh,Law,"60,000","3,900",8.3,8.7,8.1,8.4,8.8,7.2,8.6,Banaras Hindu University,EXACT,False
"Amity University, Noida",Uttar Pradesh,Law,"1,24,000","1,00,000",8.2,8,7.9,8.1,8.9,7.6,8.7,"Amity University, Noida",EXACT,False
Chaudhary Charan Singh University,Uttar Pradesh,Law,"34,505","39,505",6.4,6.6,6.1,7.3,6.6,4.9,6.6,Chaudhary Charan Singh University,EXACT,False
"INMANTEC Institutions, Ghaziabad",Uttar Pradesh,Law,"41,000",--,8.6,9.1,7.9,9.2,8.6,8.2,8.7,"INMANTEC Institutions, Ghaziabad",EXACT,False
Teerthanker Mahaveer University,Uttar Pradesh,Law,"90,000","71,700",8.1,8.3,7.6,8.2,8.7,7.3,8.3,Teerthanker Mahaveer University,EXACT,False
"Teerthanker Mahaveer University, College of Architecture",Uttar Pradesh,Law,--,--,--,--,--,--,--,--,--,Teerthanker Mahaveer University,EXACT,False
Chhatrapati Shahu Ji Maharaj University,Uttar Pradesh,Law,--,--,7.1,7.2,6.6,7.5,8,5.8,7.7,Chhatrapati Shahu Ji Maharaj University,EXACT,False
Shri Ram College Of Law,Uttar Pradesh,Law,--,--,7.7,7,--,--,--,--,--,Shri Ram College Of Law,EXACT,False
Deen Dayal Upadhyaya Gorakhpur University,Uttar Pradesh,Law,--,--,6.8,7.7,6.1,7.4,7.5,5,7,Deen Dayal Upadhyaya Gorakhpur University,EXACT,False
Teerthanker Mahaveer College of Law & Legal,Uttar Pradesh,Law,"60,200","92,000",8.7,8,9,--,--,--,--,Teerthanker Mahaveer College of Law & Legal,EXACT,False
Baba Saheb Bhimrao Ambedkar Law College,Uttar Pradesh,Law,"33,000",--,--,--,--,--,--,--,--,Baba Saheb Bhimrao Ambedkar Law College,EXACT,False
"J.V.Jain College, Saharanpur",Uttar Pradesh,Law,"2,091",--,6.5,7.7,5,8.1,6.5,5.3,6.5,"J.V.Jain College, Saharanpur",EXACT,False
J.S. University,Uttar Pradesh,Law,--,--,8.5,8.5,7.8,8.7,9,8.2,8.6,J.S. University,EXACT,False
"Harish Chandra Post Graduate College, Varanasi",Uttar Pradesh,Law,--,--,5.4,7,3.8,7.8,5,3.6,5.3,Harish Chandra Post Graduate College,EXACT,False
"Monad University, Hapur",Uttar Pradesh,Law,"27,500",--,8,7.6,7.4,8.5,8,8.2,8.1,"Monad University, Hapur",EXACT,False
Sharda University,Uttar Pradesh,Law,"75,000","1,50,000",7.9,7.7,7.6,7.9,8.6,6.9,8.6,Sharda University,EXACT,False
Galgotias University,Uttar Pradesh,Law,"85,000","1,10,000",7.6,7.9,6.9,7.9,7.5,7.7,7.8,Galgotias University,EXACT,False
"Bennett University, Greater Noida",Uttar Pradesh,Law,"60,000","3,40,000",8.6,8.5,7.9,8.8,9.2,8.3,8.6,"Bennett University, Greater Noida",EXACT,False
Annie Besant College of Engineering And Management,Uttar Pradesh,Law,--,--,7,8,6,7,9,7,5,Annie Besant College of Engineering And Management,EXACT,False
"Rama University, Kanpur",Uttar Pradesh,Law,"75,000","75,000",6.7,6.6,6.1,7.3,6.5,6.6,7.1,"Rama University, Kanpur",EXACT,False
"Integral University, Lucknow",Uttar Pradesh,Law,"85,000","70,000",7.4,7.6,7.3,7.4,8,6.5,7.4,"Integral University, Lucknow",EXACT,False
National Law University,Delhi,Law,"13,000","1,38,000",8.8,9,8.3,9.3,9,8.8,8.1,National Law University,EXACT,False
"Faculty of Law Jamia Millia Islamia University,",Delhi,Law,"10,400","8,700",8.2,8.3,8.3,8.5,8,7.8,8,Faculty of Law Jamia Millia Islamia University,EXACT,False
Indian Law Institute,Delhi,Law,"29,500","7,500",7.6,8.3,6.3,8.4,8,6.1,8.4,Indian Law Institute,EXACT,False
"Faculty of Law, University of Delhi, New",Delhi,Law,"5,428","5,729",7.3,8.4,5.9,8.2,7.6,6.1,7.8,"Faculty of Law, University of Delhi, New",EXACT,False
"Lloyd Law College, Greater Noida",Delhi,Law,"1,80,000",--,7.5,8.5,7.2,7.8,7.8,7.1,6.8,"Lloyd Law College, Greater Noida",EXACT,False
Amity Law School,Delhi,Law,"13,92,000",--,7.9,8.3,7,7.7,9.2,6.5,8.6,Amity Law School,EXACT,False
Vivekananda Institute of Professional Studies,Delhi,Law,"92,500","89,400",7.8,8.2,6.7,8.2,8.6,6.9,8,Vivekananda Institute of Professional Studies,EXACT,False
Geeta Institute of Law,Delhi,Law,"1,11,200","66,600",9,9.3,8.4,9.1,9.1,9,8.8,Geeta Institute of Law,EXACT,False
Apeejay Stya University,Delhi,Law,"2,90,200",--,7.9,8.2,7.5,7.9,7.5,7.7,8.3,Apeejay Stya University,EXACT,False
Chanderprabhu Jain College of Higher Studies &,Delhi,Law,"89,400",--,8.1,9,7,8.4,8.6,8,7.7,Chanderprabhu Jain College of Higher Studies &,EXACT,False
Jawaharlal Nehru University,Delhi,Law,"1,391",--,8.5,9,8.2,9,8.7,7.2,9.1,Jawaharlal Nehru University,EXACT,False
"Jamia Millia Islamia University-[JMI], New Delhi",Delhi,Law,"26,600","10,400",8,8.4,7.6,8.3,8.4,7.2,8.2,Jamia Millia Islamia University-[JMI],EXACT,False
"Jamia Hamdard University, New Delhi",Delhi,Law,"14,000","1,12,000",7.5,8.1,7.3,7.8,8.1,6.5,7.4,"Jamia Hamdard University, New Delhi",EXACT,False
Guru Gobind Singh Indraprastha University,Delhi,Law,"89,400",--,7.8,8.1,7.5,8,8.1,6.9,8.1,Guru Gobind Singh Indraprastha University,EXACT,False
Delhi University,Delhi,Law,--,--,7.9,8.4,7.4,8.4,7.9,7.2,8.3,Delhi University,EXACT,False
Maharshi Dayanand University,Delhi,Law,"9,000","5,835",7.8,8,7.7,8,8.4,6.6,8,Maharshi Dayanand University,EXACT,False
Indian Institute of Management,Delhi,Law,"6,94,000",--,8.5,8.7,8.6,8.4,8.4,8.6,8.2,Indian Institute of Management,EXACT,False
"Amity University, Noida",Delhi,Law,"1,24,000","1,00,000",8.2,8,7.9,8.1,8.9,7.6,8.7,"Amity University, Noida",EXACT,False
Chaudhary Charan Singh University,Delhi,Law,"34,505","39,505",6.4,6.6,6.1,7.3,6.6,4.9,6.6,Chaudhary Charan Singh University,EXACT,False
Fairfield Institute of Management and Technology,Delhi,Law,"72,900",--,7,7.9,6.4,7.7,6.6,6.2,7.1,Fairfield Institute of Management and Technology,EXACT,False
"INMANTEC Institutions, Ghaziabad",Delhi,Law,"41,000",--,8.6,9.1,7.9,9.2,8.6,8.2,8.7,"INMANTEC Institutions, Ghaziabad",EXACT,False
Indira Gandhi National Open University,Delhi,Law,"8,500","10,800",7.1,7.7,5.7,8.1,7.3,6.3,7.3,Indira Gandhi National Open University,EXACT,False
"Arya Post Graduate College, Panipat",Delhi,Law,"1,200",--,7.8,8.4,6.8,8.8,8,6.3,8.6,"Arya Post Graduate College, Panipat",EXACT,False
"SRM University Delhi NCR, Sonepat",Delhi,Law,"1,88,250","1,72,250",7.8,8,7.5,7.9,8.1,7.6,7.9,"SRM University Delhi NCR, Sonepat",EXACT,False
"Ramanujan college, New Delhi",Delhi,Law,"1,250",--,7.9,8.6,6.5,8.4,8.3,7.2,8.3,"Ramanujan college, New Delhi",EXACT,False
Shri Ram College Of Law,Delhi,Law,--,--,7.7,7,--,--,--,--,--,Shri Ram College Of Law,EXACT,False
"Gurugram University, Gurgaon",Delhi,Law,"20,000","20,000",8.2,8.6,7.4,8.4,8.6,8,8.1,"Gurugram University, Gurgaon",EXACT,False
TERI School of Advanced Studies,Delhi,Law,"66,000","1,56,000",7.4,7.4,6.7,7.5,7.7,7.6,7.3,TERI School of Advanced Studies,EXACT,False
Ideal Institute of Management and Technology &,Delhi,Law,"55,500",--,6.5,7.4,5.4,7.9,5.3,5.5,7.6,Ideal Institute of Management and Technology &,EXACT,False
"Andhra University, Dr. B. R. Ambedkar College",Andhra Pradesh,Law,"1,92,065","3,22,720",8.5,9.5,7.5,9.5,8,8,8.5,Andhra University,EXACT,False
K L University,Andhra Pradesh,Law,"1,45,000","1,55,000",8.3,8.5,7.6,8.3,8.8,8.3,8.2,K L University,EXACT,False
"Sri Venkateswara College of Law, Tirupati",Andhra Pradesh,Law,"32,000","18,000",8.3,--,--,8.8,--,8,8,Sri Venkateswara College of Law,EXACT,False
Sri Venkateswara University,Andhra Pradesh,Law,--,--,8.1,7.9,8.3,8.2,7.9,7.7,8.4,Sri Venkateswara University,EXACT,False
"NVP Law College, Visakhapatnam",Andhra Pradesh,Law,"10,600",--,8.5,9,7,9,9,8,9,"NVP Law College, Visakhapatnam",EXACT,False
"Daita Sriramulu Hindu College of Law, Machilipatnam",Andhra Pradesh,Law,--,--,--,--,--,--,--,--,--,Daita Sriramulu Hindu College of Law,EXACT,False
Acharya Nagarjuna University,Andhra Pradesh,Law,"11,750","37,290",7.3,7.7,7,7.2,8,5.7,8.2,Acharya Nagarjuna University,EXACT,False
"Sri Eshwar Reddy College of Law, Tirupati",Andhra Pradesh,Law,"12,900","12,400",10,--,--,--,--,--,--,Sri Eshwar Reddy College of Law,EXACT,False
Indira Priyadarshini Law College,Andhra Pradesh,Law,"36,000",--,8.3,8.5,8.5,8,8.5,8,8,Indira Priyadarshini Law College,EXACT,False
"MRVRGR Law College, Vizianagaram",Andhra Pradesh,Law,"11,600",--,9.5,--,--,--,--,--,--,"MRVRGR Law College, Vizianagaram",EXACT,False
"KKC College of Law, Puttur",Andhra Pradesh,Law,--,--,8.3,9,8,8.3,9,7.7,8,"KKC College of Law, Puttur",EXACT,False
VIT University,Andhra Pradesh,Law,"1,64,000","43,000",8.2,8.3,7.9,8.3,8.1,8.4,8.1,VIT University,EXACT,False
Siddartha Educational Academy Group of Institutions,Andhra Pradesh,Law,--,--,6.2,6.3,4.6,6.9,7.6,5.3,6.4,Siddartha Educational Academy Group of Institutions,EXACT,False
"Anantha College of Law, Tirupati",Andhra Pradesh,Law,"7,605",--,9.2,--,--,--,--,--,--,"Anantha College of Law, Tirupati",EXACT,False
"JC College of Law, Guntur",Andhra Pradesh,Law,"36,000",--,8.3,8.5,8.5,8.5,8,8,8,"JC College of Law, Guntur",EXACT,False
"PS Raju Law College, Kakinada",Andhra Pradesh,Law,--,--,8,9,2,--,--,--,--,"PS Raju Law College, Kakinada",EXACT,False
"Smt Velagapudi Durgamba Siddhartha Law College, Vijayawada",Andhra Pradesh,Law,"1,11,840",--,--,--,--,--,--,--,--,Smt Velagapudi Durgamba Siddhartha Law College,EXACT,False
Sri Padmavati Mahila Visvavidyalayam,Andhra Pradesh,Law,"1,42,000","6,000",7.6,8.3,7.4,7.8,7.5,6.2,8.1,Sri Padmavati Mahila Visvavidyalayam,EXACT,False
"Sri R.K.M. Law College, Chittoor",Andhra Pradesh,Law,"30,000","25,000",8.1,--,--,8.3,--,8,8,"Sri R.K.M. Law College, Chittoor",EXACT,False
"Veeravalli College of Law, Rajahmundhry",Andhra Pradesh,Law,"15,000","15,000",4,--,--,--,--,--,--,"Veeravalli College of Law, Rajahmundhry",EXACT,False
"Visakha Law College, Visakhapatnam",Andhra Pradesh,Law,--,--,8.7,--,--,8.5,--,8.8,8.8,"Visakha Law College, Visakhapatnam",EXACT,False
Andhra University,Andhra Pradesh,Law,"92,396","2,29,548",7.9,8.3,7.1,8.3,7.9,7.4,8.1,Andhra University,EXACT,False
Damodaram Sanjivayya National Law University,Andhra Pradesh,Law,"1,55,000","1,80,000",7.9,8.6,6.4,7.9,7.9,8.1,8.3,Damodaram Sanjivayya National Law University,EXACT,False
Dr. B. R. Ambedkar University,Andhra Pradesh,Law,--,--,7.7,8.2,7.5,7.8,8.2,6.7,8,Dr. B. R. Ambedkar University,EXACT,False
Krishna University,Andhra Pradesh,Law,"12,400",--,7.7,8.3,7.1,8.4,7.3,7.5,7.8,Krishna University,EXACT,False
Sri Krishnadevaraya University,Andhra Pradesh,Law,--,--,6.9,6.9,6.6,7.4,6.7,6.4,7.2,Sri Krishnadevaraya University,EXACT,False
"Andhra University, School of Distance Education, Visakhapatnam",Andhra Pradesh,Law,"2,000","9,000",7.9,8.1,7.1,8.4,8,7.6,8.4,Andhra University,EXACT,False
"Sri Padmavati Mahila Visvavidyalayam University, Directorate of",Andhra Pradesh,Law,"6,000",--,--,--,--,--,--,--,--,Sri Padmavati Mahila Visvavidyalayam University,EXACT,False
"GITAM School of Law, Visakhapatnam",Andhra Pradesh,Law,"1,05,000","1,05,000",--,--,--,--,--,--,--,"GITAM School of Law, Visakhapatnam",EXACT,False
National Law School of India University,Karnataka,Law,"1,37,850","1,15,000",8.8,9.1,8.6,9.3,8.1,9.1,8.8,National Law School of India University,EXACT,False
"School of Law, Christ University",Karnataka,Law,"1,95,000","1,37,000",8.7,9,8.3,7.8,--,--,--,"School of Law, Christ University",EXACT,False
M.S. Ramaiah College of Law,Karnataka,Law,"9,00,000","8,00,000",7.9,8.4,7.5,8.1,7.8,7.6,8,M.S. Ramaiah College of Law,EXACT,False
"University College of Law Bangalore University, Bangalore",Karnataka,Law,"82,000",--,7.6,8.5,6,8.5,7.5,8,7,University College of Law Bangalore University,EXACT,False
"CMR University, School of Legal Studies",Karnataka,Law,"1,20,000","1,40,000",8.2,8.6,6.6,8.7,7.8,8.7,8.8,"CMR University, School of Legal Studies",EXACT,False
"SDM Law College Kodialbail, Mangalore",Karnataka,Law,"29,000","96,000",7.4,7.8,5.4,8.2,6.9,7.6,8.7,"SDM Law College Kodialbail, Mangalore",EXACT,False
"K.L.E. Society's S.A. Manvi Law College, Gadag",Karnataka,Law,--,--,--,--,--,--,--,--,--,K.L.E. Society's S.A. Manvi Law College,EXACT,False
"KLE Society's Law College, Bangalore",Karnataka,Law,"7,500","90,000",6.8,6.8,6,7.3,7.2,6.3,7,"KLE Society's Law College, Bangalore",EXACT,False
Bangalore Institute of Legal Studies,Karnataka,Law,--,--,7.1,7,6.2,8.2,5.2,7.9,7.9,Bangalore Institute of Legal Studies,EXACT,False
Vaikunta Baliga College of Law,Karnataka,Law,"22,140",--,7.5,8.4,6.8,7.8,6.6,7,8.6,Vaikunta Baliga College of Law,EXACT,False
"The Oxford College of Law, Bangalore",Karnataka,Law,"50,000",--,6.8,8,5,8,8,7,5,"The Oxford College of Law, Bangalore",EXACT,False
"Christ University, Bangalore",Karnataka,Law,"1,30,000","30,000",8.3,8.5,7.4,8.2,8.9,8.1,8.8,"Christ University, Bangalore",EXACT,False
Kristu Jayanti College,Karnataka,Law,"60,000",--,8.4,8.9,7.7,8.4,8.9,8.1,8.5,Kristu Jayanti College,EXACT,False
"JSS Academy of Higher Education & Research,",Karnataka,Law,--,--,8.2,8.3,7.5,8.6,8.5,8,8,JSS Academy of Higher Education & Research,EXACT,False
"Alliance University, Bangalore",Karnataka,Law,"1,50,000","2,00,000",8,8.2,7.2,8.2,8.8,7.6,8,"Alliance University, Bangalore",EXACT,False
"AJ Aviation Academy, Bangalore",Karnataka,Law,--,--,--,--,--,--,--,--,--,"AJ Aviation Academy, Bangalore",EXACT,False
"Bengaluru Law College, Bangalore",Karnataka,Law,"2,50,000",--,9.3,9.5,9,9.5,8.5,--,--,"Bengaluru Law College, Bangalore",EXACT,False
PES University,Karnataka,Law,"2,00,000","2,01,050",8,8.5,7.7,8.1,8.1,8.1,7.6,PES University,EXACT,False
"Vivekananda Law College, Puttur",Karnataka,Law,"16,570",--,8.5,--,--,8,--,8.8,8.8,"Vivekananda Law College, Puttur",EXACT,False
"University College of Law, Karnatak University, Dharwad",Karnataka,Law,--,--,--,--,--,--,--,--,--,University College of Law,EXACT,False
"Al Ameen College of Law, Bangalore",Karnataka,Law,"55,000",--,8.4,8.3,8.3,8.7,8.7,8,8.5,"Al Ameen College of Law, Bangalore",EXACT,False
Bishop Cotton Women's Christian Law College,Karnataka,Law,"3,17,000",--,6.9,7.5,6.5,7.5,6.8,7,5.8,Bishop Cotton Women's Christian Law College,EXACT,False
"Hurakadli Ajja Law College, Dharwad",Karnataka,Law,"15,000",--,--,--,--,--,--,--,--,"Hurakadli Ajja Law College, Dharwad",EXACT,False
"Vivekananda College of Law, Bangalore",Karnataka,Law,"2,60,000",--,5.1,6,5.5,5,4.5,4.5,5,"Vivekananda College of Law, Bangalore",EXACT,False
"M Krishna Law College, Hassan",Karnataka,Law,--,--,--,--,--,--,--,--,--,"M Krishna Law College, Hassan",EXACT,False
"Seshadripuram Law College, Bangalore",Karnataka,Law,"65,000",--,6.1,8.7,3.5,8,6.3,4.3,6,"Seshadripuram Law College, Bangalore",EXACT,False
Vidyavardhaka Law College,Karnataka,Law,"35,000",--,7.9,9.5,6.5,9,8,6,8.5,Vidyavardhaka Law College,EXACT,False
"PES Law College, Mandya",Karnataka,Law,"2,00,000",--,--,--,--,--,--,--,--,"PES Law College, Mandya",EXACT,False
"Sarada Vilas Law College, Mysore",Karnataka,Law,"13,456",--,--,--,--,--,--,--,--,"Sarada Vilas Law College, Mysore",EXACT,False
"Azim Premji University, Bangalore",Karnataka,Law,"90,000",--,8.8,9.8,7.4,9,9,8.8,8.7,"Azim Premji University, Bangalore",EXACT,False
NALSAR University of Law,Telangana,Law,"7,20,000","20,500",8.5,8.7,8,9,8.5,8.4,8.4,NALSAR University of Law,EXACT,False
"ICFAI Law School, Hyderabad",Telangana,Law,"1,30,000","12,000",8.4,8.5,8,8.7,8.5,8.1,8.4,"ICFAI Law School, Hyderabad",EXACT,False
ICFAI Foundation for Higher Education,Telangana,Law,"2,60,000","1,30,000",8.2,8.3,7.5,8.1,8.6,7.8,8.9,ICFAI Foundation for Higher Education,EXACT,False
"University college of Law, Osmania University, Hyderabad",Telangana,Law,"2,900","3,000",7.8,8,8,9,7,7,8,University college of Law,EXACT,False
"Sultan-Ul-Uloom College of Law, Hyderabad",Telangana,Law,"30,600","35,100",8.3,9,6,9,8,8.7,9,Sultan-Ul-Uloom College of Law,EXACT,False
Narsee Monjee Institute of Management Studies,Telangana,Law,"1,02,000",--,8.8,8.9,8.4,9.2,8.9,8.5,8.9,Narsee Monjee Institute of Management Studies,EXACT,False
Osmania University,Telangana,Law,"9,890","2,900",7.9,8.3,7.5,8,8,7.7,7.9,Osmania University,EXACT,False
Kakatiya University,Telangana,Law,"4,800","15,220",7.2,7.4,6.8,7.6,7.2,6.8,7.4,Kakatiya University,EXACT,False
"Padala Rami Reddy Law College, Hyderabad",Telangana,Law,--,--,6.7,8.3,2.7,9,7.2,5.7,7.1,"Padala Rami Reddy Law College, Hyderabad",EXACT,False
Dr. B.R. Ambedkar Open University,Telangana,Law,"2,500",--,6.7,7.3,5.6,7.8,7.2,5.5,6.8,Dr. B.R. Ambedkar Open University,EXACT,False
"Adarsha Law College, Warangal",Telangana,Law,--,--,9.5,9.5,9,--,--,--,--,"Adarsha Law College, Warangal",EXACT,False
"Manair College of Law, Khammam",Telangana,Law,"40,520",--,--,--,--,--,--,--,--,"Manair College of Law, Khammam",EXACT,False
Symbiosis International University,Telangana,Law,"2,80,000",--,8.9,9,8.7,9,8.9,9,8.8,Symbiosis International University,EXACT,False
"Mahindra University, Hyderabad",Telangana,Law,"70,000",--,8.8,9.1,8.6,9,9.1,7.8,8.9,"Mahindra University, Hyderabad",EXACT,False
Indian School of Business Management and Administration,Telangana,Law,"14,900",--,6.9,7.1,6.8,6.8,7.1,6.8,6.7,Indian School of Business Management and Administration,EXACT,False
"Aurora Group of Institutions, Hyderabad",Telangana,Law,--,--,6.9,6.9,6.4,8,6.6,6.3,6.9,"Aurora Group of Institutions, Hyderabad",EXACT,False
"College of Law for Women, Hyderabad",Telangana,Law,--,--,--,--,--,--,--,--,--,"College of Law for Women, Hyderabad",EXACT,False
Mahatma Gandhi Law College,Telangana,Law,"70,000","1,40,000",9.5,9.8,--,--,--,--,--,Mahatma Gandhi Law College,EXACT,False
"Pendekanti Law College, Hyderabad",Telangana,Law,"80,000","52,000",7.7,8.5,6.5,8.2,7.8,7.2,7.9,"Pendekanti Law College, Hyderabad",EXACT,False
Satavahana University,Telangana,Law,"10,000",--,8,8.2,7.3,7.9,8.2,8.3,7.9,Satavahana University,EXACT,False
"Telangana University, Nizamabad",Telangana,Law,"25,340","13,270",7.5,8,7.1,7.5,7.7,7.2,7.3,"Telangana University, Nizamabad",EXACT,False
"Kakatiya University, School Of Distance Learning And",Telangana,Law,"20,000",--,8,8.5,7.8,7.9,8.5,7.6,7.8,Kakatiya University,EXACT,False
Symbiosis Law School Hyderabad,Telangana,Law,"3,10,000","1,50,000",8.3,8.3,8.4,8,8.4,7.9,8.5,Symbiosis Law School Hyderabad,EXACT,False
"K.V. Ranga Reddy Law College, Hyderabad",Telangana,Law,--,--,--,--,--,--,--,--,--,"K.V. Ranga Reddy Law College, Hyderabad",EXACT,False
NMIMS School of Law,Telangana,Law,"1,02,000",--,--,--,--,--,--,--,--,NMIMS School of Law,EXACT,False
National Law Institute University,Madhya Pradesh,Law,"1,49,500","1,89,500",8.4,8.6,7.9,7.9,9.1,8.5,8.4,National Law Institute University,EXACT,False
Rabindranath Tagore University,Madhya Pradesh,Law,"90,000","30,000",7.7,8,7.4,7.8,8.6,6.4,7.8,Rabindranath Tagore University,EXACT,False
"Rajeev Gandhi College, Bhopal",Madhya Pradesh,Law,"20,000","30,000",6.7,7,5.9,7.3,7.1,5.6,7.2,"Rajeev Gandhi College, Bhopal",EXACT,False
"Amity University, Gwalior",Madhya Pradesh,Law,"64,000","90,000",8.6,8.8,8.5,8.4,9.3,8,8.3,"Amity University, Gwalior",EXACT,False
"Career College of Law, Bhopal",Madhya Pradesh,Law,"55,000","77,000",--,--,--,--,--,--,--,"Career College of Law, Bhopal",EXACT,False
"Devi Ahilya Vishwavidyalaya, Indore",Madhya Pradesh,Law,"52,600","23,500",7.5,8,6.5,7.8,7.5,7,7.9,"Devi Ahilya Vishwavidyalaya, Indore",EXACT,False
Barkatullah University,Madhya Pradesh,Law,"21,000","5,500",6.9,7.3,6.1,7.4,6.9,6,7.5,Barkatullah University,EXACT,False
Atal Bihari Vajpayee Hindi Vishwavidyalaya,Madhya Pradesh,Law,"17,250","36,600",7.7,8.3,6.3,8.7,7.3,7.8,7.9,Atal Bihari Vajpayee Hindi Vishwavidyalaya,EXACT,False
Awadhesh Pratap Singh University,Madhya Pradesh,Law,"16,000","12,000",7.1,7.9,6.5,8.1,7.2,5.3,7.3,Awadhesh Pratap Singh University,EXACT,False
Madhya Pradesh Bhoj (Open) University,Madhya Pradesh,Law,"3,612",--,7.8,8.6,7.4,8.7,7.5,7.6,7.2,Madhya Pradesh Bhoj (Open) University,EXACT,False
Bonnie foi College,Madhya Pradesh,Law,"35,000",--,--,--,--,--,--,--,--,Bonnie foi College,EXACT,False
Jagran Lakecity University,Madhya Pradesh,Law,"3,75,000","1,00,000",8,8,7.9,7.8,8.6,7.4,8.1,Jagran Lakecity University,EXACT,False
Narsee Monjee Institute of Management Studies -[NMIMS,Madhya Pradesh,Law,"1,27,000",--,8.7,8.4,8.9,9.7,9.2,6.2,9.6,Narsee Monjee Institute of Management Studies -[NMIMS,EXACT,False
"RKDF University, Bhopal",Madhya Pradesh,Law,"30,000","55,000",7.6,8,7,7.8,8,6.5,8.2,"RKDF University, Bhopal",EXACT,False
LNCT University,Madhya Pradesh,Law,"33,000",--,9,9,8.8,9.3,8.8,8.9,8.9,LNCT University,EXACT,False
"SAGE University, Indore",Madhya Pradesh,Law,"45,000","60,000",8.7,8.7,7.9,8.8,9.2,8.5,9,"SAGE University, Indore",EXACT,False
Sardar Patel University,Madhya Pradesh,Law,"51,500","66,500",7.9,7.9,7.4,8.4,8,7.7,8,Sardar Patel University,EXACT,False
Oriental University,Madhya Pradesh,Law,"10,000","2,41,775",7.2,7.5,6.7,7.2,7.7,7.1,7.1,Oriental University,EXACT,False
Shri Krishna University,Madhya Pradesh,Law,"66,500","36,000",8.1,8.1,7.4,8.3,8.5,8,8,Shri Krishna University,EXACT,False
"People's University, Bhopal",Madhya Pradesh,Law,"60,000","1,00,000",7,6.7,6.6,7.5,7.2,6.6,7.4,"People's University, Bhopal",EXACT,False
"Swami Vivekanand University, Sagar",Madhya Pradesh,Law,"29,000","22,000",6.3,6.9,5,7,6.4,5.6,6.6,"Swami Vivekanand University, Sagar",EXACT,False
Bhabha University,Madhya Pradesh,Law,"38,000",--,9,9.4,8.8,9,9.3,8.7,8.9,Bhabha University,EXACT,False
Sarvepalli Radhakrishnan University,Madhya Pradesh,Law,"34,500",--,7.4,7.9,6.3,7.8,7.1,7.4,8.1,Sarvepalli Radhakrishnan University,EXACT,False
"Renaissance University, Indore",Madhya Pradesh,Law,"30,000","50,000",8.9,9,8.9,9,9.1,9,8.4,"Renaissance University, Indore",EXACT,False
"Indore Christian College, Indore",Madhya Pradesh,Law,"31,000",--,--,--,--,--,--,--,--,"Indore Christian College, Indore",EXACT,False
National University of Advanced Legal Studies,Kerala,Law,"21,000","1,25,000",7.4,7.3,6,8.2,6.3,8.3,8.1,National University of Advanced Legal Studies,EXACT,False
"Government Law College, Thiruvananthapuram",Kerala,Law,"6,500","9,010",7.4,8.8,8,8.2,7.8,4.6,7,Government Law College,EXACT,False
Mahatma Gandhi University,Kerala,Law,--,--,7.7,8,7.5,8,8,6.2,8.2,Mahatma Gandhi University,EXACT,False
"Cochin University of Science and Technology, School",Kerala,Law,--,--,7.2,8.1,7.1,7.5,6.6,5,8.7,Cochin University of Science and Technology,EXACT,False
"Christ College Irinjalakuda, Thrissur",Kerala,Law,--,--,8,8.3,7.7,8.2,8.4,7.2,8.3,"Christ College Irinjalakuda, Thrissur",EXACT,False
"MES College Marampally, Aluva",Kerala,Law,--,--,8.8,8.9,8.4,9.1,9.3,8,9,"MES College Marampally, Aluva",EXACT,False
Kerala University of Fisheries and Ocean Studies,Kerala,Law,"91,050",--,7.6,7.9,7.7,7.9,7.2,7,7.9,Kerala University of Fisheries and Ocean Studies,EXACT,False
Cochin University of Science and Technology,Kerala,Law,"7,555","26,815",7.9,8.4,7.5,7.8,7.8,7.7,8.1,Cochin University of Science and Technology,EXACT,False
Indian School of Business Management and Administration,Kerala,Law,"7,900",--,9.2,9.7,9.7,9.3,9.3,9,8.3,Indian School of Business Management and Administration,EXACT,False
Global Institute of Integral Management Studies,Kerala,Law,--,--,7.3,8,7.2,7,6.2,7.7,7.6,Global Institute of Integral Management Studies,EXACT,False
"Alphonsa College, Kottayam",Kerala,Law,--,--,6.7,7.8,6.2,6.3,7,5.8,7.3,"Alphonsa College, Kottayam",EXACT,False
Baselios Poulose ll Catholicos College,Kerala,Law,--,--,7.8,8,7.6,8.1,7.3,7.3,8.2,Baselios Poulose ll Catholicos College,EXACT,False
"EMEA College of Arts and Science Kondotty,",Kerala,Law,--,--,7.3,7.2,7.1,7.3,7.8,5.5,8.7,EMEA College of Arts and Science Kondotty,EXACT,False
"Little Flower College Guruvayoor, Thrissur",Kerala,Law,--,--,8.1,8,7,9,8.5,7.6,8.6,Little Flower College Guruvayoor,EXACT,False
Kerala Law Academy,Kerala,Law,"40,000",--,7.7,7.7,7.2,8.5,7.2,7.6,7.8,Kerala Law Academy,EXACT,False
Holy Cross College of Management and Technology,Kerala,Law,"2,000",--,8,9,8,9,7,8,7,Holy Cross College of Management and Technology,EXACT,False
Central University of Kerala,Kerala,Law,"29,320","15,040",7.9,9,8.1,8.8,8,5.8,7.5,Central University of Kerala,EXACT,False
Kannur University,Kerala,Law,"15,755","16,155",6.1,6.3,5.5,6.9,6.7,5,5.9,Kannur University,EXACT,False
Kerala University,Kerala,Law,"30,300","4,720",6.3,7.5,4.8,7.2,6.6,5.1,6.3,Kerala University,EXACT,False
"Mahatma Gandhi University, School of Indian Legal",Kerala,Law,"20,000","20,000",6.4,8,2,8,7,6,7.5,Mahatma Gandhi University,EXACT,False
"St Mary's College, Thrissur",Kerala,Law,--,--,7.4,8.1,6.6,7.9,7.7,6.7,7.5,"St Mary's College, Thrissur",EXACT,False
Nehru Academy of Law,Kerala,Law,--,--,8,8,6,8,8,8,--,Nehru Academy of Law,EXACT,False
"Government Law College, Kozhikode",Kerala,Law,"20,000","3,000",7.9,7.8,7.9,8.5,7.3,7,8.6,"Government Law College, Kozhikode",EXACT,False
"Al-Ameen Law College, Palakkad",Kerala,Law,--,--,8.5,8.7,9.7,8.4,9.3,7,7.8,"Al-Ameen Law College, Palakkad",EXACT,False
"Al Azhar Law College, Idukki",Kerala,Law,"60,000",--,8.2,8.3,8.3,8.2,9,7.6,7.8,"Al Azhar Law College, Idukki",EXACT,False
Government Law College,Kerala,Law,"2,70,000","6,110",6.6,7.9,5.2,7.3,6.7,5.9,6.8,Government Law College,EXACT,False
"Government Law College, Kochi",Kerala,Law,--,--,8,8,7.4,8.1,8.2,6.9,9.3,"Government Law College, Kochi",EXACT,False
CSI Institute Of Legal Studies,Kerala,Law,"40,000",--,8.8,8.8,9.8,8.5,9,8,8.5,CSI Institute Of Legal Studies,EXACT,False
"KMCT Law College, Malappuram",Kerala,Law,"35,000",--,6.8,7,6.7,8,7,5.3,7,"KMCT Law College, Malappuram",EXACT,False
"Sree Narayana Law College, Ernakulam",Kerala,Law,"90,000",--,5.6,5,2,7.7,7,3.3,8.3,"Sree Narayana Law College, Ernakulam",EXACT,False
National Law University,Rajasthan,Law,"1,99,000","2,59,000",8.4,8.8,8.1,7.5,8.6,8.8,8.5,National Law University,EXACT,False
"Jaipur National University, Seedling School of Law",Rajasthan,Law,"1,17,500","70,300",--,--,--,--,--,--,--,Jaipur National University,EXACT,False
"Amity University, Jaipur",Rajasthan,Law,"62,000","1,68,000",8,7.8,7.6,7.8,8.9,7.4,8.7,"Amity University, Jaipur",EXACT,False
"Banasthali Vidyapith, Jaipur",Rajasthan,Law,"1,61,500","1,61,500",8.5,8.8,8.2,8.9,8.6,7.9,8.8,"Banasthali Vidyapith, Jaipur",EXACT,False
Madhav University,Rajasthan,Law,"1,00,000","10,000",7.8,7.9,7.5,8.2,7.9,7.3,7.8,Madhav University,EXACT,False
Janardan Rai Nagar Rajasthan Vidyapeeth University,Rajasthan,Law,"10,000",--,7.8,8.3,7.5,8.3,7.9,7.3,7.5,Janardan Rai Nagar Rajasthan Vidyapeeth University,EXACT,False
Jai Narain Vyas University,Rajasthan,Law,720,"1,320",6.2,6.9,5.2,7.1,6.4,4.9,6.4,Jai Narain Vyas University,EXACT,False
Mahatma Jyoti Rao Phoole University,Rajasthan,Law,"1,00,000","32,000",6.8,6.9,6.2,7.4,7.7,6.4,6.4,Mahatma Jyoti Rao Phoole University,EXACT,False
Career Point University,Rajasthan,Law,"31,000","1,32,000",8.3,8.4,7.9,8.4,8.4,7.6,8.9,Career Point University,EXACT,False
"SPC Education Center, Jaipur",Rajasthan,Law,"2,500",--,10,--,--,--,--,--,--,"SPC Education Center, Jaipur",EXACT,False
Mewar University,Rajasthan,Law,"28,000","53,000",8,7.9,7.1,8.1,8.8,7.3,8.6,Mewar University,EXACT,False
University of Rajasthan,Rajasthan,Law,"41,650","5,440",7.6,8.1,7.1,8.1,7.9,6.5,7.8,University of Rajasthan,EXACT,False
"S.S. Jain Subodh Law College, Jaipur",Rajasthan,Law,"83,000",--,7.8,8.8,7.2,8.8,7.8,6.3,7.6,"S.S. Jain Subodh Law College, Jaipur",EXACT,False
"Vidyasthali Law College, Jaipur",Rajasthan,Law,"71,000","35,000",8.4,9,8,8.2,9,8,8.4,"Vidyasthali Law College, Jaipur",EXACT,False
"Singhania University, Jhunjhunu",Rajasthan,Law,"66,500","42,000",7.1,7.1,6.7,7.1,7.1,7,7.3,"Singhania University, Jhunjhunu",EXACT,False
"Kanoria PG Mahila Mahavidyalaya, Jaipur",Rajasthan,Law,"10,200","80,000",7.7,8,7.9,7.8,8.3,5.8,8.2,"Kanoria PG Mahila Mahavidyalaya, Jaipur",EXACT,False
Jaipur National University,Rajasthan,Law,"41,000","1,17,500",7.5,7.9,7,7.7,7.8,6.7,7.6,Jaipur National University,EXACT,False
Manipal University,Rajasthan,Law,"36,000","67,500",8.4,8.2,8.3,8.2,9.2,7.7,9,Manipal University,EXACT,False
"Tantia University, Sriganganagar",Rajasthan,Law,"75,000","50,000",8.6,8.8,8.4,9.3,8.8,7.1,9.1,"Tantia University, Sriganganagar",EXACT,False
JECRC University,Rajasthan,Law,"30,000","1,00,000",8.1,8.1,7.4,8.2,8.2,8.1,8.7,JECRC University,EXACT,False
SunRise University,Rajasthan,Law,"42,200","67,200",8.1,8.1,7.3,8.7,8.1,7.9,8.4,SunRise University,EXACT,False
"OPJS University, Churu",Rajasthan,Law,"82,000","31,200",7.2,7.1,7.6,7.6,7.7,6.3,6.8,"OPJS University, Churu",EXACT,False
Jayoti Vidyapeeth Women's University,Rajasthan,Law,"2,30,000","55,000",7.6,7.7,8.4,7.9,7.7,6.4,7.4,Jayoti Vidyapeeth Women's University,EXACT,False
"Apex University, Jaipur",Rajasthan,Law,"90,000","50,000",8.7,8.9,8.9,8.6,8.7,8.5,8.7,"Apex University, Jaipur",EXACT,False
Suresh Gyan Vihar University,Rajasthan,Law,"90,000",--,7.5,7.8,6.7,7.5,8.8,6.3,8,Suresh Gyan Vihar University,EXACT,False
"Jagannath University, Jaipur",Rajasthan,Law,"81,000","85,000",7.3,7.1,6.7,7.9,7.7,6.9,7.4,"Jagannath University, Jaipur",EXACT,False
"Pacific University, Udaipur",Rajasthan,Law,"1,46,000","40,000",7.7,7.8,7.3,8.1,7.8,7.2,8,"Pacific University, Udaipur",EXACT,False
"Department of Laws Panjab University, Chandigarh",Haryana,Law,"13,452","48,187",--,--,--,--,--,--,--,Department of Laws Panjab University,EXACT,False
Geeta Institute of Law,Haryana,Law,"1,11,200","66,600",9,9.3,8.4,9.1,9.1,9,8.8,Geeta Institute of Law,EXACT,False
Apeejay Stya University,Haryana,Law,"2,90,200",--,7.9,8.2,7.5,7.9,7.5,7.7,8.3,Apeejay Stya University,EXACT,False
"Maharishi Markandeshwar, Department of Law, Ambala",Haryana,Law,"65,500","65,500",7.4,7.8,7.7,7,8,6.3,7.3,Maharishi Markandeshwar,EXACT,False
Panjab University,Haryana,Law,"9,480","86,200",7.7,8.2,7.7,8,7.7,6.5,8.2,Panjab University,EXACT,False
Maharshi Dayanand University,Haryana,Law,"9,000","5,835",7.8,8,7.7,8,8.4,6.6,8,Maharshi Dayanand University,EXACT,False
Indian Institute of Management,Haryana,Law,"6,94,000",--,8.5,8.7,8.6,8.4,8.4,8.6,8.2,Indian Institute of Management,EXACT,False
Chandigarh University,Haryana,Law,"70,000","1,20,000",8.6,8.6,8.2,8.4,9,8.6,8.8,Chandigarh University,EXACT,False
"University Institute of Legal Studies, Panjab University,",Haryana,Law,"88,695","1,02,685",7.7,8.6,7,8.4,7.4,6.5,8.3,University Institute of Legal Studies,EXACT,False
Kurukshetra University,Haryana,Law,"72,200","8,070",7.5,8.1,7,8,7.7,6.5,7.7,Kurukshetra University,EXACT,False
"Arya Post Graduate College, Panipat",Haryana,Law,"1,200",--,7.8,8.4,6.8,8.8,8,6.3,8.6,"Arya Post Graduate College, Panipat",EXACT,False
"SRM University Delhi NCR, Sonepat",Haryana,Law,"1,88,250","1,72,250",7.8,8,7.5,7.9,8.1,7.6,7.9,"SRM University Delhi NCR, Sonepat",EXACT,False
Goswami Ganesh Dutt Sanatan Dharama College,Haryana,Law,--,--,8.1,8.6,7.6,8.5,8.1,7.1,8.8,Goswami Ganesh Dutt Sanatan Dharama College,EXACT,False
"Smt Shanti Devi Law College, Rewari",Haryana,Law,"1,75,000",--,4,5,5,5,6,1,2,"Smt Shanti Devi Law College, Rewari",EXACT,False
"Gurugram University, Gurgaon",Haryana,Law,"20,000","20,000",8.2,8.6,7.4,8.4,8.6,8,8.1,"Gurugram University, Gurgaon",EXACT,False
"PDM University, Bahadurgarh, Bahadurgarh",Haryana,Law,"74,700",--,7.4,7.1,7.6,7.4,7.5,7.1,7.7,"PDM University, Bahadurgarh, Bahadurgarh",EXACT,False
"Amity University, Gurgaon",Haryana,Law,"1,96,000","68,000",7.7,7.8,7.1,7.6,8.6,7.1,8.1,"Amity University, Gurgaon",EXACT,False
O. P. Jindal Global University,Haryana,Law,"1,20,000","4,00,000",8.3,8.4,8.2,8.3,8.8,7.5,8.7,O. P. Jindal Global University,EXACT,False
"IILM University, Gurgaon",Haryana,Law,"3,30,000","2,30,000",8.4,8.2,7.4,8.5,8.6,8.6,8.8,"IILM University, Gurgaon",EXACT,False
"Starex University, Gurgaon",Haryana,Law,"75,000","75,000",8.8,9.1,9.1,8.7,8.6,8.5,8.7,"Starex University, Gurgaon",EXACT,False
Modern Vidya Niketan,Haryana,Law,"90,000","90,000",7,7.2,6.4,7.7,7,6.8,6.8,Modern Vidya Niketan,EXACT,False
"NIILM University, Kaithal",Haryana,Law,"75,000","75,000",8.1,8.6,7.9,8.5,7.9,7.8,8.1,"NIILM University, Kaithal",EXACT,False
"Lingaya's Vidyapeeth, Faridabad",Haryana,Law,"4,000","90,000",7.8,8,7.5,8.1,7.7,7.3,8.1,"Lingaya's Vidyapeeth, Faridabad",EXACT,False
Manav Rachna University,Haryana,Law,"1,30,000","1,83,000",7.8,7.6,7.5,7.7,8.8,7.3,7.9,Manav Rachna University,EXACT,False
"Sushant University / Ansal University, Gurgaon",Haryana,Law,"1,83,120","2,13,120",7.8,8,8,7.9,8.4,7,7.5,Sushant University / Ansal University,EXACT,False
G D Goenka University,Haryana,Law,"1,70,000","2,39,000",8.2,7.7,8.3,8.3,8.9,7.6,8.4,G D Goenka University,EXACT,False
Gujarat National Law University,Gujarat,Law,"1,86,000","1,47,000",8.5,8.6,8,8.7,9.3,8.1,8.1,Gujarat National Law University,EXACT,False
"Institute of Law, Nirma University",Gujarat,Law,"1,30,000","2,97,700",7.5,7.6,7.4,7.2,8.7,6.7,7.3,"Institute of Law, Nirma University",EXACT,False
Nirma University,Gujarat,Law,"97,200","1,30,000",8.4,8.6,8,8.4,9.1,8.1,8.2,Nirma University,EXACT,False
"University School of Law, Gujarat University",Gujarat,Law,"4,380",--,--,--,--,--,--,--,--,University School of Law,EXACT,False
Maharaja Sayajirao University of Baroda,Gujarat,Law,"8,560","12,260",7.9,8.3,7,8.4,8,7.2,8.4,Maharaja Sayajirao University of Baroda,EXACT,False
Dr Babasaheb Ambedkar Open University,Gujarat,Law,"1,400","7,500",7.7,8.5,5.5,8.5,8,7.5,8.1,Dr Babasaheb Ambedkar Open University,EXACT,False
Navrachana University,Gujarat,Law,"1,10,000",--,7.7,7.7,7.4,8.2,8,7.2,7.8,Navrachana University,EXACT,False
Sardar Patel University,Gujarat,Law,--,--,7.8,8.6,7,8.5,7.7,7.3,7.8,Sardar Patel University,EXACT,False
"VT Choksi Sarvajanik Law College, Surat",Gujarat,Law,"45,000","54,789",5.8,8,8,6,7,1,5,"VT Choksi Sarvajanik Law College, Surat",EXACT,False
Anand Law College,Gujarat,Law,"92,000","62,000",7,6.5,7.5,6.5,6.5,6.5,8.5,Anand Law College,EXACT,False
Gujarat Vidyapith,Gujarat,Law,--,--,8.4,9,7.9,9.1,8.4,7.6,8.1,Gujarat Vidyapith,EXACT,False
"GLS University, Ahmedabad",Gujarat,Law,"50,000",--,7.9,8,6.9,8.5,8.1,7.6,8.5,"GLS University, Ahmedabad",EXACT,False
Indian School of Business Management and Administration,Gujarat,Law,"14,900",--,8,8.8,7.6,8.1,8,7.9,7.8,Indian School of Business Management and Administration,EXACT,False
"Auro University, Surat",Gujarat,Law,"1,30,000","1,65,000",8.3,8.2,8.5,8.6,8.7,7.2,8.6,"Auro University, Surat",EXACT,False
"Atmiya University, Rajkot",Gujarat,Law,--,--,8.1,8.8,7.5,8.6,8.4,7.4,7.9,"Atmiya University, Rajkot",EXACT,False
Ganpat University,Gujarat,Law,"1,00,000",--,8.1,8.2,7.2,8.1,8.5,7.8,8.6,Ganpat University,EXACT,False
"C. U. Shah University, Wadhwan",Gujarat,Law,"35,600","84,500",7.7,7.6,7,8.2,7.8,7.4,7.9,"C. U. Shah University, Wadhwan",EXACT,False
"Indus University, Ahmedabad",Gujarat,Law,"9,500",--,7.5,7.9,7,7.7,7.8,6.8,7.9,"Indus University, Ahmedabad",EXACT,False
Marwadi University,Gujarat,Law,"50,000","1,25,000",8.3,8.2,8.3,8.2,9.1,7.7,8.2,Marwadi University,EXACT,False
"Daulatbhai Trivedi Law College, Ahmedabad",Gujarat,Law,--,--,7.9,8.5,8,8.5,8,6.5,8,Daulatbhai Trivedi Law College,EXACT,False
Adani Institute of Infrastructure Management,Gujarat,Law,"7,60,000",--,8.1,7.9,8.1,8.3,9.3,7.9,6.9,Adani Institute of Infrastructure Management,EXACT,False
Gokul Global University,Gujarat,Law,"48,000","25,000",8.5,9,7,9.3,8.7,8,8.7,Gokul Global University,EXACT,False
"Khyati Foundation, Ahmedabad",Gujarat,Law,"68,700",--,9.2,9.3,9,9.3,9.5,8.8,9,"Khyati Foundation, Ahmedabad",EXACT,False
BK Majumdar Institute of Business Administration,Gujarat,Law,--,--,8.3,8.8,7.8,8.4,9,7.6,8.4,BK Majumdar Institute of Business Administration,EXACT,False
Bapu Gujarat Knowledge Village,Gujarat,Law,"20,000",--,--,--,--,--,--,--,--,Bapu Gujarat Knowledge Village,EXACT,False
LJ University,Gujarat,Law,"2,00,000",--,8,8.8,7,8.3,8.8,8,7,LJ University,EXACT,False
Rajiv Gandhi National University of Law,Punjab,Law,"27,000","1,76,000",7.7,7.6,7.3,7.2,9.4,6.3,8.2,Rajiv Gandhi National University of Law,EXACT,False
Army Institute of Law,Punjab,Law,"1,42,168","1,54,739",7.8,7.5,8.5,7,7.7,7.6,8.7,Army Institute of Law,EXACT,False
"Department of Laws Panjab University, Chandigarh",Punjab,Law,"13,452","48,187",--,--,--,--,--,--,--,Department of Laws Panjab University,EXACT,False
Panjab University,Punjab,Law,"9,480","86,200",7.7,8.2,7.7,8,7.7,6.5,8.2,Panjab University,EXACT,False
Chandigarh University,Punjab,Law,"70,000","1,20,000",8.6,8.6,8.2,8.4,9,8.6,8.8,Chandigarh University,EXACT,False
"University Institute of Legal Studies, Panjab University,",Punjab,Law,"88,695","1,02,685",7.7,8.6,7,8.4,7.4,6.5,8.3,University Institute of Legal Studies,EXACT,False
Baba Kundan Singh Memorial Law College,Punjab,Law,"40,000",--,--,--,--,--,--,--,--,Baba Kundan Singh Memorial Law College,EXACT,False
Goswami Ganesh Dutt Sanatan Dharama College,Punjab,Law,--,--,8.1,8.6,7.6,8.5,8.1,7.1,8.8,Goswami Ganesh Dutt Sanatan Dharama College,EXACT,False
"RIMT University, Gobindgarh",Punjab,Law,"85,000","1,04,000",7.6,7.9,7.3,7.8,8,6.7,7.8,"RIMT University, Gobindgarh",EXACT,False
"Guru Kashi University, Bathinda",Punjab,Law,--,--,7.5,7.4,7.2,8,7.2,7.2,7.8,"Guru Kashi University, Bathinda",EXACT,False
"DAV University, Jalandhar",Punjab,Law,"85,000",--,7.9,8.4,7,8.4,7,8,8.5,"DAV University, Jalandhar",EXACT,False
Sant Baba Bhag Singh University,Punjab,Law,"82,500","53,400",8.5,9,8.2,8.6,8,8.5,8.6,Sant Baba Bhag Singh University,EXACT,False
"Rayat Bahra University, Mohali",Punjab,Law,"1,10,000","85,000",7.7,7.8,7.4,8,7.7,7.4,7.6,"Rayat Bahra University, Mohali",EXACT,False
Sri Guru Granth Sahib World University,Punjab,Law,"64,000","1,26,000",8.8,8.6,9,9,9.1,8.4,8.7,Sri Guru Granth Sahib World University,EXACT,False
Amritsar Group of Colleges,Punjab,Law,"4,75,000",--,8.8,8.7,8.9,9,8.8,8.6,9,Amritsar Group of Colleges,EXACT,False
"CT Group of Institutions, Jalandhar",Punjab,Law,"49,000",--,7.6,7.5,7,8.2,7.5,7.9,7.4,"CT Group of Institutions, Jalandhar",EXACT,False
"Aryans Group of Colleges, Rajpura",Punjab,Law,"1,10,000",--,7.5,7.6,7,7.9,7.6,7.3,7.6,"Aryans Group of Colleges, Rajpura",EXACT,False
"Rayat Bahra Hoshiarpur Campus, Hoshiarpur",Punjab,Law,"80,000","1,10,000",8.9,9.2,8.5,9.2,8.3,8.8,9.1,Rayat Bahra Hoshiarpur Campus,EXACT,False
P.U. Swami Sarvanand Giri Regional Centre,Punjab,Law,"78,405",--,6.5,6.6,7.4,6.1,6.5,5.5,7,P.U. Swami Sarvanand Giri Regional Centre,EXACT,False
"Rayat Bahra Patiala Campus, Patiala",Punjab,Law,"80,000","1,10,000",6,6.3,7.8,6,6,4,6,"Rayat Bahra Patiala Campus, Patiala",EXACT,False
"Rayat Bahra Group of Institutions: Ropar Campus,",Punjab,Law,"3,23,000",--,6.7,6.5,8,7.5,7,5,6,Rayat Bahra Group of Institutions: Ropar Campus,EXACT,False
"Guru Nanak Dev University Regional Campus, Gurdaspur",Punjab,Law,"53,305","48,785",6.3,6.9,6.6,6,6.3,6,5.8,Guru Nanak Dev University Regional Campus,EXACT,False
Universal Group of Institutions,Punjab,Law,--,--,7.8,7.3,7.2,7.9,8.3,7.9,8.1,Universal Group of Institutions,EXACT,False
"University School of Management Studies, Rayat Bahra",Punjab,Law,"50,000",--,--,--,--,--,--,--,--,University School of Management Studies,EXACT,False
"Guru Nanak Khalsa College, Kapurthala",Punjab,Law,--,--,--,--,--,--,--,--,--,"Guru Nanak Khalsa College, Kapurthala",EXACT,False
Hans Raj Mahila Maha Vidyalaya,Punjab,Law,"33,000",--,8.2,8.4,8,8.4,8.7,7.3,8.3,Hans Raj Mahila Maha Vidyalaya,EXACT,False
"Baba Farid Law College, Faridkot",Punjab,Law,"48,000",--,5.2,6.3,4.8,6.2,5.3,3.6,4.8,"Baba Farid Law College, Faridkot",EXACT,False
Indian Institute of Technology,West Bengal,Law,"1,63,900","1,23,900",8.5,8.8,7.2,8.2,8.9,8.8,9,IIT,EXACT,False
The West Bengal National University of Juridical,West Bengal,Law,"36,000","2,43,600",8.5,8.6,8.2,8.7,6.8,9.2,9.4,The West Bengal National University of Juridical,EXACT,False
"Faculty of Law University of Calcutta, Kolkata",West Bengal,Law,--,--,7.3,8.5,6.2,8.2,7.2,6.5,7,Faculty of Law University of Calcutta,EXACT,False
"South Calcutta Law College, Kolkata",West Bengal,Law,"25,920","20,000",7.2,8.4,6,8,7.9,5.4,7.7,"South Calcutta Law College, Kolkata",EXACT,False
Bengal Institute of Technology and Management,West Bengal,Law,--,--,6.7,6.7,6.2,7.2,6.8,6.3,7,Bengal Institute of Technology and Management,EXACT,False
"University of Calcutta, Kolkata",West Bengal,Law,"1,844","3,944",7.7,8.6,6.9,8.5,7.7,6.5,7.7,"University of Calcutta, Kolkata",EXACT,False
St. Xavier's College,West Bengal,Law,"10,000",--,8.3,8.8,7.4,8.4,8.6,7.8,8.8,St. Xavier's College,EXACT,False
"George Group of Colleges, Kolkata",West Bengal,Law,"2,50,000",--,7.8,8.7,6.4,8.6,8,7.5,7.5,"George Group of Colleges, Kolkata",EXACT,False
"Jalpaiguri Law College, Jalpaiguri",West Bengal,Law,"30,200",--,8,8.8,7.6,8.7,7.6,7.4,8.1,"Jalpaiguri Law College, Jalpaiguri",EXACT,False
Maulana Abul Kalam Azad University of Technology,West Bengal,Law,"27,000",--,7.7,8.1,6.9,8,7.8,7.7,7.6,Maulana Abul Kalam Azad University of Technology,EXACT,False
Bimal Chandra College of Law,West Bengal,Law,"37,500",--,7.2,8,7,8,7,6,7,Bimal Chandra College of Law,EXACT,False
"Amity University, Kolkata",West Bengal,Law,"2,11,000","1,00,000",8.2,8.1,7.7,8.4,8.8,7.4,8.5,"Amity University, Kolkata",EXACT,False
"Midnapore Law College, Midnapore",West Bengal,Law,"60,000",--,7.8,8.3,6.8,8.8,8,7.3,7.8,"Midnapore Law College, Midnapore",EXACT,False
"Adamas University, Kolkata",West Bengal,Law,"1,59,100","1,71,100",8.2,8.3,7.5,8.5,9,7.8,7.8,"Adamas University, Kolkata",EXACT,False
Jyotirmoy School of Law,West Bengal,Law,"65,000","30,000",8.9,9,9,9,8.5,8.6,9.2,Jyotirmoy School of Law,EXACT,False
Sister Nivedita University,West Bengal,Law,"1,02,400","1,09,800",8.2,8.2,7.6,8.9,7.9,7.8,8.7,Sister Nivedita University,EXACT,False
"Techno India University, Kolkata",West Bengal,Law,--,--,8,8.2,7.4,8.2,8.1,7.8,8.4,"Techno India University, Kolkata",EXACT,False
Seacom Skills University,West Bengal,Law,"60,000","70,000",7.5,8.4,6.4,8.9,7.4,6.7,7.3,Seacom Skills University,EXACT,False
University of Engineering and Management,West Bengal,Law,"1,01,500",--,8.1,8.6,7.2,8.5,7.9,8.8,7.7,University of Engineering and Management,EXACT,False
The Neotia University,West Bengal,Law,"1,20,000",--,8.2,8.7,7.5,8.5,8.2,7.8,8.6,The Neotia University,EXACT,False
"JIS University, Kolkata",West Bengal,Law,"1,19,080","1,42,600",8,8.3,7.7,8,8.2,7.8,7.8,"JIS University, Kolkata",EXACT,False
IAS Academy,West Bengal,Law,"58,000",--,7.9,8.2,8,8,7.8,7.6,7.8,IAS Academy,EXACT,False
Institute of International Trade,West Bengal,Law,--,--,7.9,8.2,7.6,7.8,7.8,8,7.8,Institute of International Trade,EXACT,False
"Basanti Devi College, Kolkata",West Bengal,Law,--,--,7.6,8.2,6.2,8.3,7.7,6.7,8.2,"Basanti Devi College, Kolkata",EXACT,False
"St. Peter's College, Kolkata",West Bengal,Law,--,--,7,7.1,6.8,6.8,6.7,7.2,7.5,"St. Peter's College, Kolkata",EXACT,False
"Balurghat Law College, Dakshin Dinajpur",West Bengal,Law,"20,215",--,7.2,8,6,8,6,8,7,"Balurghat Law College, Dakshin Dinajpur",EXACT,False
"Bikash Bharati Law College, South 24 Parganas",West Bengal,Law,"46,000",--,6.8,8,7,8,7,5,6,Bikash Bharati Law College,EXACT,False
"Durgapur Institute of Legal Studies, Bardhaman",West Bengal,Law,"39,700",--,8.1,8.8,7.2,8.6,8.2,6.6,9,Durgapur Institute of Legal Studies,EXACT,False
National Law University Odisha,Odisha,Law,"1,39,000","1,86,000",8.8,9,8.8,8.8,8.5,8.8,8.8,National Law University Odisha,EXACT,False
KIIT School of Law,Odisha,Law,"2,00,000","1,50,000",7.6,7.7,7.2,7.7,8.4,6.5,8.1,KIIT School of Law,EXACT,False
Siksha 'O' Anusandhan University,Odisha,Law,"1,10,000","1,10,000",8.3,8.6,7.6,8.3,8.7,8,8.5,Siksha 'O' Anusandhan University,EXACT,False
"Dhenkanal Law College, Dhenkanal",Odisha,Law,--,--,7.6,8,7.5,8.5,8,6.5,7,"Dhenkanal Law College, Dhenkanal",EXACT,False
"University Law College, Bhubaneswar",Odisha,Law,"45,000","24,000",7.8,8.8,6.1,8.4,7.4,7.9,8.3,"University Law College, Bhubaneswar",EXACT,False
"Madhusudan Law College, Cuttack",Odisha,Law,"1,75,000",--,6.8,8.4,4.5,8,6.6,5.1,8.2,"Madhusudan Law College, Cuttack",EXACT,False
"Ganjam Law College, Berhampur",Odisha,Law,"22,500",--,8.5,9,8,9,8,8,9,"Ganjam Law College, Berhampur",EXACT,False
Sri Sri University,Odisha,Law,--,--,7.1,7.3,6.7,7,7.3,6.3,8.2,Sri Sri University,EXACT,False
"Baji Rout Memorial College, Bhubaneswar",Odisha,Law,--,--,6.9,8.3,5,8.7,7.3,5,7,"Baji Rout Memorial College, Bhubaneswar",EXACT,False
"Berhampur University, Berhampur",Odisha,Law,"7,651","11,750",7.7,8.4,7.4,8.2,7.2,6.4,8.3,"Berhampur University, Berhampur",EXACT,False
Fakir Mohan University,Odisha,Law,"25,000",--,7.8,8.7,7.6,8.5,8,5.8,8.3,Fakir Mohan University,EXACT,False
North Orissa University,Odisha,Law,"13,000",--,7.7,7.8,7.6,8.3,7.2,7.3,8.1,North Orissa University,EXACT,False
"Sambalpur University, Sambalpur",Odisha,Law,"42,500","7,583",7.2,7.9,7.4,7.8,7.5,5.5,7,"Sambalpur University, Sambalpur",EXACT,False
"Utkal University, Bhubaneswar",Odisha,Law,"9,500","2,135",7.5,7.9,7.1,7.8,7.4,6.6,7.9,"Utkal University, Bhubaneswar",EXACT,False
"Berhampur University, HariHar Mardaraj Distance Education Centre",Odisha,Law,--,--,8.8,--,--,--,--,--,--,Berhampur University,EXACT,False
Odisha State Open University,Odisha,Law,"2,000",--,7.5,8.1,7.2,8.1,8,6.7,7.1,Odisha State Open University,EXACT,False
IMS Unison University,Uttarakhand,Law,"90,700","97,838",8.2,8.2,8,8.5,8.5,7.5,8.2,IMS Unison University,EXACT,False
"ICFAI University, Dehradun",Uttarakhand,Law,"2,40,000","6,00,000",7.8,8.2,7.5,8.2,7.4,7.3,7.9,"ICFAI University, Dehradun",EXACT,False
Law College Dehradun,Uttarakhand,Law,"1,43,510","1,12,430",7.7,8.5,6.7,8.6,7.7,6.4,8.3,Law College Dehradun,EXACT,False
University of Petroleum and Energy Studies,Uttarakhand,Law,"16,48,500","2,08,000",8.1,8.1,7.8,7.9,8.6,7.7,8.2,University of Petroleum and Energy Studies,EXACT,False
"MotherHood University, Roorkee",Uttarakhand,Law,"1,05,000",--,8,8.3,7.9,7.6,8,8,8.3,"MotherHood University, Roorkee",EXACT,False
"Uttaranchal University, Dehradun",Uttarakhand,Law,"1,55,000","1,89,200",7.5,7.8,6.8,7.7,8.6,6.5,7.5,"Uttaranchal University, Dehradun",EXACT,False
Graphic Era Hill University,Uttarakhand,Law,"1,36,400","1,49,600",8.1,7.9,7.8,8.1,8.4,7.7,8.4,Graphic Era Hill University,EXACT,False
Himgiri Zee University,Uttarakhand,Law,"70,000","60,000",7.9,8.5,5.5,9,8,7.7,8.8,Himgiri Zee University,EXACT,False
BFIT Group of Institutions,Uttarakhand,Law,"60,000","80,000",7.5,7.7,7.1,7.7,7.6,7.1,8,BFIT Group of Institutions,EXACT,False
"PAL College of Technology and Management, Haldwani",Uttarakhand,Law,--,--,8.2,8.3,8.3,8.2,8.3,7.7,8.3,PAL College of Technology and Management,EXACT,False
Amrapali Institute of Applied Sciences,Uttarakhand,Law,--,--,7.7,7,7.3,8.3,8,7,8.3,Amrapali Institute of Applied Sciences,EXACT,False
"B.S.M. Law College, Nainital",Uttarakhand,Law,--,--,--,--,--,--,--,--,--,"B.S.M. Law College, Nainital",EXACT,False
"Bishamber Sahai Law Instititue, Roorkee",Uttarakhand,Law,--,--,--,--,--,--,--,--,--,"Bishamber Sahai Law Instititue, Roorkee",EXACT,False
"Chanakya Law College, Udham Singh Nagar",Uttarakhand,Law,"36,400","15,900",9.5,9.5,9.5,9.5,9,9.5,--,"Chanakya Law College, Udham Singh Nagar",EXACT,False
"DAV PG College, Dehradun",Uttarakhand,Law,"1,542",--,6.3,7.4,5.5,7.4,6.5,4.3,6.9,"DAV PG College, Dehradun",EXACT,False
"Jagran School of Law, Dehradun",Uttarakhand,Law,"93,500","95,000",8.1,7.5,8.5,8,8.5,7.5,8.5,"Jagran School of Law, Dehradun",EXACT,False
"Libra College of Law, Dehradun",Uttarakhand,Law,"60,000","80,000",--,--,--,--,--,--,--,"Libra College of Law, Dehradun",EXACT,False
Siddhartha Law College,Uttarakhand,Law,"94,100","1,50,500",8.2,8.8,8,8,8.5,8,8,Siddhartha Law College,EXACT,False
"Unity Law College, Rudra pur",Uttarakhand,Law,"30,000",--,8.2,8.5,7.5,7.8,9,8.5,7.7,"Unity Law College, Rudra pur",EXACT,False
"Hemwati Nandan Bahuguna Garhwal University, Garhwal",Uttarakhand,Law,"9,790","10,640",7.4,7.7,6.9,7.7,8.1,6,7.9,Hemwati Nandan Bahuguna Garhwal University,EXACT,False
Kumaun University,Uttarakhand,Law,"17,790","26,998",6.5,7.2,5.8,7.7,6.7,4.3,7.3,Kumaun University,EXACT,False
"Kumaun University SSJ Campus, Almora",Uttarakhand,Law,"17,790","26,998",6.1,6.9,5.9,6.8,7.3,3.4,6,"Kumaun University SSJ Campus, Almora",EXACT,False
Uttarakhand Open University,Uttarakhand,Law,"6,100","1,400",6.8,6.9,5.3,8,6.3,6.8,7.2,Uttarakhand Open University,EXACT,False
"Uttarakhand Technical University, Dehradun",Uttarakhand,Law,"91,300",--,8.6,8.9,8.2,8.8,8.7,8.4,8.7,Uttarakhand Technical University,EXACT,False
"Graphic Era Hill University Dehradun Campus, School",Uttarakhand,Law,"1,36,400","1,49,600",--,--,--,--,--,--,--,Graphic Era Hill University Dehradun Campus,EXACT,False
"UPES, School of Law, Dehradun",Uttarakhand,Law,"16,48,500","2,22,000",9,9.8,9,--,9,8.3,--,"UPES, School of Law, Dehradun",EXACT,False
"UIHMT Group of Colleges, Dehradun",Uttarakhand,Law,--,--,--,--,--,--,--,--,--,"UIHMT Group of Colleges, Dehradun",EXACT,False
International Maritime Business Academy,Uttarakhand,Law,--,--,--,--,--,--,--,--,--,International Maritime Business Academy,EXACT,False
Indian Institute of Technology,Assam,Engineering,"2,19,350","2,01,800",8.6,8.6,8.2,8.1,9.1,8.4,8.9,IIT,EXACT,False
National Institute of Technology,Assam,Engineering,"1,47,640","35,240",8.1,8.1,7.6,7.7,8.3,8.2,8.7,NIT,EXACT,False
Indian Institute of Information Technology,Assam,Engineering,"2,25,000","2,00,000",7.6,8.6,7,7.9,7.9,7.5,6.5,IIIT,EXACT,False
Central Institute of Technology,Assam,Engineering,"1,11,200","67,200",7,7.4,5.5,7.7,8.2,5.3,8,Central Institute of Technology,EXACT,False
Assam Don Bosco University,Assam,Engineering,"1,57,000","1,49,000",7.8,8.3,7.8,8.1,8.8,6.4,7.3,Assam Don Bosco University,EXACT,False
Assam Engineering College,Assam,Engineering,"11,000",--,7.5,8,7.5,7.5,6.7,7,8.3,Assam Engineering College,EXACT,False
Jorhat Engineering College,Assam,Engineering,"11,000",--,7.7,8.3,7.4,7.9,7.8,7.1,7.9,Jorhat Engineering College,EXACT,False
Assam Science and Technology University,Assam,Engineering,"21,000",--,7.8,7.9,7.6,8,7.7,7.6,7.9,Assam Science and Technology University,EXACT,False
Assam Down Town University,Assam,Engineering,"1,30,000",--,8.2,8.4,7.6,8.4,8.2,7.8,8.6,Assam Down Town University,EXACT,False
"Girijananda Chowdhury Institute of Management & Technology,",Assam,Engineering,"1,44,000","90,000",7.3,8,6.2,8.3,6.7,6.4,8,Girijananda Chowdhury Institute of Management & Technology,EXACT,False
Assam Engineering Institute,Assam,Engineering,"2,130",--,8.6,--,--,--,--,--,--,Assam Engineering Institute,EXACT,False
"Bineswar Brahma Engineering College- [BBEC], Kokrajhar",Assam,Engineering,"12,800",--,7.3,7.8,6.7,7.2,7,7.2,7.7,Bineswar Brahma Engineering College- [BBEC],EXACT,False
Jorhat Institute of Science and Technology,Assam,Engineering,--,--,6.4,7.6,6.3,7.2,5.5,5.2,6.4,Jorhat Institute of Science and Technology,EXACT,False
NETES Institute of Technology and Science,Assam,Engineering,"90,000",--,6.8,7,7,7,6,7,7,NETES Institute of Technology and Science,EXACT,False
Don Bosco College of Engineering and Technology,Assam,Engineering,"1,57,000","1,14,000",8.5,9.3,7.7,9,9.3,7.3,8.3,Don Bosco College of Engineering and Technology,EXACT,False
"Tezpur University, School of Engineering Tezpur, Sonitpur",Assam,Engineering,"47,186","38,186",8.1,8.7,7.7,8.3,8.7,6.7,8.3,Tezpur University,EXACT,False
Barak Valley Engineering College,Assam,Engineering,--,--,6.2,7,5.3,6,7.8,4.6,6.6,Barak Valley Engineering College,EXACT,False
Assam Institute of Technology,Assam,Engineering,--,--,8.9,9,9,9,9,8.5,8.8,Assam Institute of Technology,EXACT,False
Royal Global University,Assam,Engineering,"1,42,000","75,000",7.6,7.8,6.6,8,9,6.5,7.7,Royal Global University,EXACT,False
Royal School of Engineering and Technology,Assam,Engineering,"1,42,000","75,000",6.2,5.8,7.3,5.8,7.5,4,6.8,Royal School of Engineering and Technology,EXACT,False
Scholar's Institute of Technology and Management,Assam,Engineering,"1,25,000",--,5.5,7,4.5,7.5,8,3,3,Scholar's Institute of Technology and Management,EXACT,False
"Dibrugarh University, Dibrugarh",Assam,Engineering,"1,10,130","62,380",7.8,7.9,7.7,8,8.4,6.5,8.2,"Dibrugarh University, Dibrugarh",EXACT,False
Tezpur University,Assam,Engineering,"58,186","42,186",8,8.2,8,7.9,8.8,6.7,8.5,Tezpur University,EXACT,False
"B. Borooah College, Guwahati",Assam,Engineering,--,--,7.6,8.2,7.3,8.6,7.5,5.8,8.2,"B. Borooah College, Guwahati",EXACT,False
Gauhati University,Assam,Engineering,"40,950","27,900",8.2,8.4,7.5,8.7,8.4,7.2,8.7,Gauhati University,EXACT,False
"Pragjyotish College, Guwahati",Assam,Engineering,"24,000",--,6.5,7.3,5.8,7.6,7.3,4.3,6.9,"Pragjyotish College, Guwahati",EXACT,False
"Duliajan College, Dibrugarh",Assam,Engineering,--,--,8.7,8.7,9,9,8.7,8.7,8.3,"Duliajan College, Dibrugarh",EXACT,False
"Assam University, Silchar",Assam,Engineering,"59,375","44,375",7.5,7.8,6.5,8,7.6,6.6,8.4,"Assam University, Silchar",EXACT,False
Kaziranga University,Assam,Engineering,"1,30,500","90,500",7.5,7.3,6.7,8.1,7.4,7.2,8.1,Kaziranga University,EXACT,False
Dibrugarh Polytechnic,Assam,Engineering,"7,600",--,2,--,--,1,--,1,4,Dibrugarh Polytechnic,EXACT,False
Indian Institute of Technology,Bihar,Engineering,"2,23,100","43,600",8,8.4,7.1,8.1,8.2,7.9,8.2,IIT,EXACT,False
National Institute of Technology,Bihar,Engineering,"1,65,700","1,09,200",7.7,7.9,6.9,7.9,7.3,8,8,NIT,EXACT,False
"Sandip University, Madhuban",Bihar,Engineering,"1,60,000","1,17,600",8.4,8.2,9,8.6,7.6,8.2,8.5,"Sandip University, Madhuban",EXACT,False
Government Engineering College,Bihar,Engineering,"1,00,000",--,8.5,8.8,9,8.4,9,7.8,8.2,Government Engineering College,EXACT,False
"Amity University, Patna",Bihar,Engineering,"1,59,000",--,7.8,8.5,7.2,7.8,7.7,7.8,7.9,"Amity University, Patna",EXACT,False
Aryabhatta Knowledge University,Bihar,Engineering,"42,000","42,000",8,8.7,7.1,8.1,8.3,7.6,8.1,Aryabhatta Knowledge University,EXACT,False
Bhagalpur College of Engineering,Bihar,Engineering,"1,12,500",--,7.5,8.1,7.8,7.9,7.2,6,8,Bhagalpur College of Engineering,EXACT,False
Birla Institute of Technology,Bihar,Engineering,"2,95,000","2,31,000",7.2,7.3,8,6.5,7.4,6.7,7.2,Birla Institute of Technology,EXACT,False
"Gaya College of Engineering, Gaya",Bihar,Engineering,"1,00,000",--,7.1,7.8,7.5,7.3,7,5.3,7.7,"Gaya College of Engineering, Gaya",EXACT,False
Netaji Subhas Institute of Technology,Bihar,Engineering,"1,08,300","67,700",7,7.4,6.6,7.8,7.2,5.8,7.2,Netaji Subhas Institute of Technology,EXACT,False
Muzaffarpur Institute of Technology,Bihar,Engineering,"1,00,000",--,7.1,7.3,6.8,7.6,7.2,6.2,7.4,Muzaffarpur Institute of Technology,EXACT,False
Nalanda College of Engineering,Bihar,Engineering,"12,920","22,230",8.1,8.3,8.1,8.2,8.2,7.5,8,Nalanda College of Engineering,EXACT,False
Bakhtiyarpur College of Engineering,Bihar,Engineering,--,--,7.7,7.9,8.2,7.5,8.2,6.5,8,Bakhtiyarpur College of Engineering,EXACT,False
Darbhanga College of Engineering,Bihar,Engineering,"29,130",--,6.7,7.1,7.5,7.9,6.3,4.6,6.7,Darbhanga College of Engineering,EXACT,False
Motihari College of Engineering,Bihar,Engineering,--,--,6.7,7.5,7.4,8,6.2,4.7,6.1,Motihari College of Engineering,EXACT,False
Central Institute of Plastics Engineering and Technology,Bihar,Engineering,"35,750","42,350",7.5,7.7,5.7,8.4,6.7,8.4,7.9,Central Institute of Plastics Engineering and Technology,EXACT,False
Loknayak Jai Prakash Institute Of Technology,Bihar,Engineering,--,--,7.9,8.6,7.5,8.5,8.3,6.3,8.1,Loknayak Jai Prakash Institute Of Technology,EXACT,False
Purnea College of Engineering,Bihar,Engineering,--,--,8.5,9,8.7,8,--,--,--,Purnea College of Engineering,EXACT,False
Katihar Engineering College,Bihar,Engineering,--,--,7.5,8.2,6.3,8.7,7,7,7.7,Katihar Engineering College,EXACT,False
Saharsa College of Engineering,Bihar,Engineering,--,--,7.7,8.7,7.8,8.7,8,6,7.2,Saharsa College of Engineering,EXACT,False
Supaul College of Engineering,Bihar,Engineering,--,--,6.5,7,5,8,8,6,5,Supaul College of Engineering,EXACT,False
Millia Institute of Technology,Bihar,Engineering,"81,050",--,6.9,8.2,6.3,7,7.2,5.5,7.2,Millia Institute of Technology,EXACT,False
"Sityog Institute of Technology, Aurangabad",Bihar,Engineering,"1,11,000","95,600",7.3,8,7.6,7.5,7.4,6.2,7,Sityog Institute of Technology,EXACT,False
Vidya Vihar Institute of Technology,Bihar,Engineering,"75,000",--,7,7.5,6,7,7.8,6.8,6.8,Vidya Vihar Institute of Technology,EXACT,False
Shershah College of Engineering,Bihar,Engineering,"5,000",--,7.6,8.5,6.3,8.8,7.9,6.5,7.6,Shershah College of Engineering,EXACT,False
"RP Sharma Institute of Technology, Patna",Bihar,Engineering,"85,000","65,000",6.8,7.9,6.6,7.7,7.3,5.1,6.1,"RP Sharma Institute of Technology, Patna",EXACT,False
Sitamarhi Institute of Technology,Bihar,Engineering,--,--,5.6,6.7,4.4,7,6.5,4.7,4.3,Sitamarhi Institute of Technology,EXACT,False
Government Engineering College,Bihar,Engineering,--,--,5.3,--,--,6,--,3,7,Government Engineering College,EXACT,False
Maulana Azad College of Engineering and Technology,Bihar,Engineering,"70,000",--,5.4,6.3,4,6.8,6.2,3.5,5.5,Maulana Azad College of Engineering and Technology,EXACT,False
Rashtrakavi Ramdhari Singh Dinkar College of Engineering,Bihar,Engineering,"2,630",--,6.5,7.6,5.3,7.1,7.4,4.7,6.9,Rashtrakavi Ramdhari Singh Dinkar College of Engineering,EXACT,False
National Institute of Technology,Chhattisgarh,Engineering,"1,38,000","83,000",7.4,7.8,6.4,7.5,7,7.7,8.1,NIT,EXACT,False
Indian Institute of Technology,Chhattisgarh,Engineering,"2,35,300","2,33,000",7.7,8.1,6.6,7.8,7,7.6,8.8,IIT,EXACT,False
"Amity University, Raipur",Chhattisgarh,Engineering,"1,08,000","94,000",7.8,7.8,8.3,8,8,6.3,8.2,"Amity University, Raipur",EXACT,False
International Institute of Information Technology,Chhattisgarh,Engineering,"1,80,150","1,50,150",8.2,8.1,8.6,7.6,8.7,7.6,8.6,International Institute of Information Technology,EXACT,False
"ITM University, Raipur",Chhattisgarh,Engineering,"1,20,000","83,000",7.4,8,6.4,7,8.3,7.2,7.6,"ITM University, Raipur",EXACT,False
Bhilai Institute of Technology,Chhattisgarh,Engineering,"77,750","72,400",7.3,7.7,6.7,7.6,7.7,6.4,7.5,Bhilai Institute of Technology,EXACT,False
Bhilai Institute of Technology,Chhattisgarh,Engineering,"32,810","79,214",7.5,8.4,6.4,8.3,7.5,6.9,7.3,Bhilai Institute of Technology,EXACT,False
"Govt Engineering College, Bilaspur",Chhattisgarh,Engineering,"12,725",--,6.9,7.8,6.5,7.7,6.9,5.5,6.9,"Govt Engineering College, Bilaspur",EXACT,False
OP Jindal University,Chhattisgarh,Engineering,"1,31,000","1,39,000",8.9,9.1,8.3,9,9.5,8.4,9,OP Jindal University,EXACT,False
Lakhmi Chand Institute of Technology,Chhattisgarh,Engineering,"71,230",--,7.2,7.9,6.4,7.6,8.3,5.1,7.6,Lakhmi Chand Institute of Technology,EXACT,False
"ICFAI University, Raipur",Chhattisgarh,Engineering,"1,00,000",--,8.6,8.6,8.4,8.8,8.8,8.6,8.4,"ICFAI University, Raipur",EXACT,False
Raipur Institute of Technology,Chhattisgarh,Engineering,"2,73,000","1,21,000",8,8.6,7.4,7.5,8.5,8,7.7,Raipur Institute of Technology,EXACT,False
Shri Shankaracharya Institute of Professional Management and,Chhattisgarh,Engineering,"73,880","56,050",8,8.3,7.7,8.6,7.8,7.7,7.9,Shri Shankaracharya Institute of Professional Management and,EXACT,False
Chhatrapati Shivaji Institute of Technology,Chhattisgarh,Engineering,"75,000","67,440",7.2,7.7,6,7.1,8.2,6.9,7.2,Chhatrapati Shivaji Institute of Technology,EXACT,False
Shri Rawatpura Sarkar University,Chhattisgarh,Engineering,"40,600","50,200",8.5,9,8,8.5,8.5,8.5,8.5,Shri Rawatpura Sarkar University,EXACT,False
Government Engineering College,Chhattisgarh,Engineering,"82,780",--,6,6.6,5.3,6.2,6.9,4.6,6.2,Government Engineering College,EXACT,False
Columbia Institute of Engineering and Technology,Chhattisgarh,Engineering,"59,940","35,312",8.1,8.7,7.3,8.3,8,8.7,7.7,Columbia Institute of Engineering and Technology,EXACT,False
AAFT University of Media and Arts,Chhattisgarh,Engineering,--,--,--,--,--,--,--,--,--,AAFT University of Media and Arts,EXACT,False
Chouksey Engineering College,Chhattisgarh,Engineering,"72,230","69,750",8,8.2,8.3,8.1,8,7,8.5,Chouksey Engineering College,EXACT,False
Christian College of Engineering and Technology,Chhattisgarh,Engineering,"76,900","66,400",6.8,7.6,6.7,7.2,7.4,5.8,5.8,Christian College of Engineering and Technology,EXACT,False
Chhattisgarh Engineering College,Chhattisgarh,Engineering,"60,000","30,000",5.8,6.3,5,6.3,6,5,6,Chhattisgarh Engineering College,EXACT,False
Disha Institute of Management and Technology,Chhattisgarh,Engineering,--,--,8.1,8,8.8,7.9,9.7,6.3,8,Disha Institute of Management and Technology,EXACT,False
Rungta College of Engineering and Technology,Chhattisgarh,Engineering,"76,100","69,750",7.7,8.2,7.3,7.7,8.2,8.2,6.7,Rungta College of Engineering and Technology,EXACT,False
"Kirodimal Institute of Technology, Raigarh",Chhattisgarh,Engineering,"31,500",--,7,8,6,7,7,7,7,Kirodimal Institute of Technology,EXACT,False
Krishna Engineering College,Chhattisgarh,Engineering,"75,200",--,7.4,9,5.5,8.7,8,6.6,6.4,Krishna Engineering College,EXACT,False
RSR Rungta College of Engineering and Technology,Chhattisgarh,Engineering,"75,100","60,000",7.5,7.7,7.5,7.2,7.5,7.3,7.6,RSR Rungta College of Engineering and Technology,EXACT,False
Shri Shankaracharya Group of Institutions,Chhattisgarh,Engineering,"2,83,000","36,525",7.6,7.7,7.2,7.5,7.9,7,8.1,Shri Shankaracharya Group of Institutions,EXACT,False
Indian Institute of Technology,Jharkhand,Engineering,"2,27,500","59,400",8.3,8.6,7.8,7.8,8.5,8.3,8.6,IIT,EXACT,False
Birla Institute of Technology,Jharkhand,Engineering,"2,85,000","2,44,000",8.1,8.3,7.6,7.9,8.3,8.1,8.4,Birla Institute of Technology,EXACT,False
National Institute of Technology,Jharkhand,Engineering,"1,88,000","1,03,000",7.8,7.4,8.2,7.2,6.9,8.6,8.5,NIT,EXACT,False
Birsa Institute of Technology,Jharkhand,Engineering,"20,362","21,562",7.7,8,7.7,7.7,7.6,7.2,7.7,Birsa Institute of Technology,EXACT,False
"RKDF University, Ranchi",Jharkhand,Engineering,"1,10,000","1,07,500",--,--,--,--,--,--,--,"RKDF University, Ranchi",EXACT,False
YBN University,Jharkhand,Engineering,"69,600","84,500",8.2,8.5,7.5,8.5,8,8.3,8.4,YBN University,EXACT,False
Indian Institute of Information Technology,Jharkhand,Engineering,"1,30,000","90,000",7.9,8.1,8.2,7.8,7.6,7.5,8.3,IIIT,EXACT,False
"Sai Nath University, Ranchi",Jharkhand,Engineering,"53,000",--,6.8,7.4,6.7,6.8,6.9,6.9,6.3,"Sai Nath University, Ranchi",EXACT,False
National Institute of Foundry & Forge Technology,Jharkhand,Engineering,"47,450","49,450",8.4,8.1,7.9,8.5,8.4,8.8,8.4,National Institute of Foundry & Forge Technology,EXACT,False
"Arka Jain University, Jamshedpur",Jharkhand,Engineering,"93,000","53,000",8.1,8.1,7.7,8.1,8,7.5,9,"Arka Jain University, Jamshedpur",EXACT,False
"Amity University, Ranchi",Jharkhand,Engineering,"1,35,000",--,7.8,8.2,7.5,8.5,7.2,7,8.2,"Amity University, Ranchi",EXACT,False
Jharkhand Rai University,Jharkhand,Engineering,"85,000","95,000",7.7,8,7.5,8.8,7.3,6.9,7.8,Jharkhand Rai University,EXACT,False
Netaji Subhas University,Jharkhand,Engineering,"50,000","50,000",9,9.5,9.4,8.7,9.2,8.5,8.7,Netaji Subhas University,EXACT,False
Radha Govind University,Jharkhand,Engineering,"60,000","40,000",8.6,8.9,8,8.7,8.9,8.4,8.5,Radha Govind University,EXACT,False
Cambridge Institute of Technology,Jharkhand,Engineering,"71,250","1,07,000",5.5,5.8,5.6,6.3,5.1,4.8,5.4,Cambridge Institute of Technology,EXACT,False
Sarala Birla University,Jharkhand,Engineering,"1,31,200","62,200",8.5,8.6,8.3,8.4,8.8,8.4,8.2,Sarala Birla University,EXACT,False
Birla Institute of Technology Extension Centre,Jharkhand,Engineering,"2,85,000",--,7.8,7.8,7.5,8.1,7.1,8,8.1,Birla Institute of Technology Extension Centre,EXACT,False
"Chaibasa Engineering College, Techno India Group, Chaibasa",Jharkhand,Engineering,--,--,7.2,7.7,6.9,7.3,7.7,6.4,7,Chaibasa Engineering College,EXACT,False
Ramgarh Engineering College,Jharkhand,Engineering,--,--,6.7,7.1,6.2,7.6,6.8,4.6,7.7,Ramgarh Engineering College,EXACT,False
Capital University,Jharkhand,Engineering,"1,10,000",--,8.2,8.3,8.1,8,8.3,8.1,8.1,Capital University,EXACT,False
RTC Institute of Technology,Jharkhand,Engineering,"78,800","62,400",7.7,8.3,7.4,8.7,8.3,7.4,6,RTC Institute of Technology,EXACT,False
"University College of Engineering and Technology, Vinoba",Jharkhand,Engineering,"65,100",--,7,7.5,6.9,7.5,7.3,6.1,6.9,University College of Engineering and Technology,EXACT,False
RVS College of Engineering and Technology,Jharkhand,Engineering,"89,400","81,000",7.7,8.1,6.5,8.1,8.3,7.5,7.8,RVS College of Engineering and Technology,EXACT,False
"KK College of Engineering and Management, Dhanbad",Jharkhand,Engineering,"89,570","61,990",6.5,7,6.3,7.2,7.9,4.7,5.9,KK College of Engineering and Management,EXACT,False
"Ramgovind Institute of Technology, Kodarma",Jharkhand,Engineering,"34,000",--,4.9,6.5,6.5,6,4,2.5,4,Ramgovind Institute of Technology,EXACT,False
Nilai Institute of Technology,Jharkhand,Engineering,"75,000","35,000",--,--,--,--,--,--,--,Nilai Institute of Technology,EXACT,False
"Maryland Institute of Technology And Management, Jamshedpur",Jharkhand,Engineering,"62,000",--,6.8,7.5,7.5,7,5.5,6.3,7,Maryland Institute of Technology And Management,EXACT,False
Ramchandra Chandarvansi Institute of Technology,Jharkhand,Engineering,"63,200",--,7.7,8,8,8,7,7,8,Ramchandra Chandarvansi Institute of Technology,EXACT,False
Vidya Memorial Institute of Technology,Jharkhand,Engineering,"53,400",--,7.5,8.7,6.5,7.5,8,8,6.5,Vidya Memorial Institute of Technology,EXACT,False
Indian Institute of Technology,Himachal Pradesh,Engineering,"2,14,000","2,16,700",7.8,7.8,8,7.7,7.5,7.5,8.1,IIT,EXACT,False
National Institute of Technology,Himachal Pradesh,Engineering,"1,46,100","34,050",8.2,7.9,8.1,7.7,9,7.8,8.5,NIT,EXACT,False
Jaypee University of Information Technology,Himachal Pradesh,Engineering,"2,19,500","1,00,000",7.9,8,8.4,7,8.7,7.9,7.6,Jaypee University of Information Technology,EXACT,False
Indian Institute of Information Technology,Himachal Pradesh,Engineering,"2,01,400",--,7.6,7.8,8.2,7.3,7.6,7.5,7.3,IIIT,EXACT,False
Baddi University of Emerging Sciences and Technologies,Himachal Pradesh,Engineering,"1,35,636","1,35,125",7.1,6.7,6.9,7.2,7.3,7,7.7,Baddi University of Emerging Sciences and Technologies,EXACT,False
Maharishi Markandeshwar,Himachal Pradesh,Engineering,"1,48,500","1,13,500",8.6,9,8.2,8.9,8.2,8.4,8.9,Maharishi Markandeshwar,EXACT,False
"Arni University, Kangra",Himachal Pradesh,Engineering,"1,05,000","85,000",8,8.2,7.4,8.1,8.4,7.7,8.4,"Arni University, Kangra",EXACT,False
Bahra University,Himachal Pradesh,Engineering,"1,20,150","80,000",7.6,7.8,7.5,8,7.7,7,7.6,Bahra University,EXACT,False
Eternal University,Himachal Pradesh,Engineering,"1,18,000","73,000",7.5,7.4,7.1,7.8,8.2,7.1,7.4,Eternal University,EXACT,False
Abhilashi University,Himachal Pradesh,Engineering,"90,000",--,8.4,8.9,8.3,8.4,8.6,8.1,8.1,Abhilashi University,EXACT,False
IEC University Baddi,Himachal Pradesh,Engineering,"1,18,600","88,600",7.6,7.5,7.5,7.4,7.7,8,7.5,IEC University Baddi,EXACT,False
"University Institute of Information Technology, Himachal Pradesh",Himachal Pradesh,Engineering,"1,22,010",--,7.1,7.9,5.3,7,7.2,7.5,7.9,University Institute of Information Technology,EXACT,False
Career Point University,Himachal Pradesh,Engineering,"1,05,000","83,000",7.5,7.5,7.4,7,7.6,6.6,8.6,Career Point University,EXACT,False
Sri Sai University,Himachal Pradesh,Engineering,"90,000","60,000",7.4,7.3,6.3,8.2,7.7,6.8,8,Sri Sai University,EXACT,False
"Green Hills Engineering College, Solan",Himachal Pradesh,Engineering,"80,700","94,700",6,6.7,4.8,6.3,7.2,4.4,6.6,"Green Hills Engineering College, Solan",EXACT,False
"Rajiv Gandhi govt. Engineering college -[RGGEC], Kangra",Himachal Pradesh,Engineering,"61,070",--,7.5,7.8,7.4,7.6,8.4,5.6,7.9,Rajiv Gandhi govt. Engineering college -[RGGEC],EXACT,False
Indus International University,Himachal Pradesh,Engineering,"1,20,000","1,20,000",6.8,8,7,7,6,7,6,Indus International University,EXACT,False
Jawaharlal Nehru Government Engineering College,Himachal Pradesh,Engineering,"55,000",--,6.6,7.4,5.4,7.5,6.5,5.5,7.5,Jawaharlal Nehru Government Engineering College,EXACT,False
Maharaja Agrasen University,Himachal Pradesh,Engineering,"1,19,000","1,15,000",7.5,7.7,7.5,7.6,8.7,7,6.2,Maharaja Agrasen University,EXACT,False
"ICFAI University, Baddi",Himachal Pradesh,Engineering,"95,000",--,8,9,7,8,8,8,8,"ICFAI University, Baddi",EXACT,False
Himachal Institute of Engineering and Technology,Himachal Pradesh,Engineering,"73,000","46,000",7.5,8.7,6.2,7.8,7.4,6.6,8,Himachal Institute of Engineering and Technology,EXACT,False
"LR Institute of Engineering and Technology, Solan",Himachal Pradesh,Engineering,"2,96,000",--,6.4,6.5,6.5,6.5,7.5,5,6.5,LR Institute of Engineering and Technology,EXACT,False
"Himalayan Group of Professional Institutions, Sirmaur",Himachal Pradesh,Engineering,"84,200","90,200",8.2,8.4,7.6,8.4,8.4,8.2,8,Himalayan Group of Professional Institutions,EXACT,False
Manav Bharti University,Himachal Pradesh,Engineering,"90,000",--,6.2,5.3,4.7,6.7,7,6.3,7,Manav Bharti University,EXACT,False
"Chitkara University, Solan",Himachal Pradesh,Engineering,"1,60,000","1,20,000",8.2,8.2,7.5,8.2,8.4,8.8,8.3,"Chitkara University, Solan",EXACT,False
"Bells Institute of Management & Technology, Shimla",Himachal Pradesh,Engineering,"74,700","96,200",6.8,8,8,6,8,4,7,Bells Institute of Management & Technology,EXACT,False
"Shiva Group of Institutions, Bilaspur",Himachal Pradesh,Engineering,"72,200","41,600",5,5.5,4,6,4,3.5,7,"Shiva Group of Institutions, Bilaspur",EXACT,False
Mahatma Gandhi Government Engineering College,Himachal Pradesh,Engineering,"1,20,000",--,5.8,6.7,5.7,6.7,5.7,4,6,Mahatma Gandhi Government Engineering College,EXACT,False
Shri Mata Vaishno Devi University,Jammu & Kashmir,Engineering,"1,69,750","1,03,750",7.6,7.5,7.9,7,8.3,6.7,8.3,Shri Mata Vaishno Devi University,EXACT,False
National Institute of Technology,Jammu & Kashmir,Engineering,"5,30,000","1,60,000",6.8,7.1,6.3,7.1,6.8,6.6,6.9,NIT,EXACT,False
Indian Institute of Technology,Jammu & Kashmir,Engineering,"1,00,266","70,500",8.3,8.9,8.8,8,7.8,7.6,8.6,IIT,EXACT,False
Government College of Engineering and Technology,Jammu & Kashmir,Engineering,"35,830","61,200",5.7,6.5,5.3,6.3,6.2,4.6,5.1,Government College of Engineering and Technology,EXACT,False
Islamic University of Science and Technology,Jammu & Kashmir,Engineering,"66,200","2,840",7.4,8.4,6.9,8.2,8,5.5,7.2,Islamic University of Science and Technology,EXACT,False
SSM College of Engineering and Technology,Jammu & Kashmir,Engineering,--,--,6.9,7.4,6.7,7.3,7.6,4.9,7.4,SSM College of Engineering and Technology,EXACT,False
"Yogananda College of Engineering & Technology -[YCET],",Jammu & Kashmir,Engineering,"1,80,000",--,5.7,6.6,5.2,6.3,6.1,4,6,Yogananda College of Engineering & Technology -[YCET],EXACT,False
"MBS College of Engineering and Technology, Jammu",Jammu & Kashmir,Engineering,"49,000",--,5.7,7.3,5,6.5,7,3.8,4.4,MBS College of Engineering and Technology,EXACT,False
Sher-e-Kashmir University of Agricultural Sciences and Technology,Jammu & Kashmir,Engineering,"60,000","30,600",7.4,8.4,7.4,7.7,8,5.9,7.2,Sher-e-Kashmir University of Agricultural Sciences and Technology,EXACT,False
"Government Degree College for Boys, Udhampur",Jammu & Kashmir,Engineering,--,--,6.6,6.7,5.7,7,6.7,5.3,8,Government Degree College for Boys,EXACT,False
Baba Ghulam Shah Badshah University,Jammu & Kashmir,Engineering,"2,49,300","67,500",7.2,7.9,7.6,7.4,7.1,5.9,7.1,Baba Ghulam Shah Badshah University,EXACT,False
"Central University of Jammu, Jammu",Jammu & Kashmir,Engineering,"11,715",--,8.2,8.4,7.8,8.5,8.6,7.3,8.5,"Central University of Jammu, Jammu",EXACT,False
Central University of Kashmir,Jammu & Kashmir,Engineering,"55,900",--,7.8,8.2,7.8,8.4,7.2,7.4,7.6,Central University of Kashmir,EXACT,False
University of Kashmir,Jammu & Kashmir,Engineering,--,--,6.7,7,6.9,7.1,7.2,5.1,6.8,University of Kashmir,EXACT,False
"Govt. Gandhi Memorial Science College, Jammu",Jammu & Kashmir,Engineering,--,--,6.7,7.3,6.1,7.9,6.8,4.2,7.6,Govt. Gandhi Memorial Science College,EXACT,False
Kashmir Government Polytechnic,Jammu & Kashmir,Engineering,"2,130","2,130",7.5,9.5,6.5,8.5,8.5,7,5,Kashmir Government Polytechnic,EXACT,False
Cluster University of Srinagar,Jammu & Kashmir,Engineering,--,--,8.2,8.7,8.3,8.1,8.3,7.2,8.5,Cluster University of Srinagar,EXACT,False
Bhargava College of Engineering & Technology,Jammu & Kashmir,Engineering,--,--,--,--,--,--,--,--,--,Bhargava College of Engineering & Technology,EXACT,False
"Government Polytechnic College -[GPC], Anantnag",Jammu & Kashmir,Engineering,"2,130",--,--,--,--,--,--,--,--,Government Polytechnic College -[GPC],EXACT,False
"Masterpro Institute of Technology, Srinagar",Jammu & Kashmir,Engineering,--,--,--,--,--,--,--,--,--,Masterpro Institute of Technology,EXACT,False
"Kite Polytechnic College, Budgam",Jammu & Kashmir,Engineering,--,--,--,--,--,--,--,--,--,"Kite Polytechnic College, Budgam",EXACT,False
"Government Polytechnic Kargil, Kargil",Jammu & Kashmir,Engineering,"2,130",--,--,--,--,--,--,--,--,"Government Polytechnic Kargil, Kargil",EXACT,False
"Government Polytechnic College, Baramulla",Jammu & Kashmir,Engineering,"2,130","2,130",--,--,--,--,--,--,--,Government Polytechnic College,EXACT,False
Government Polytechnic College,Jammu & Kashmir,Engineering,"2,130","2,130",--,--,--,--,--,--,--,Government Polytechnic College,EXACT,False
"Government Polytechnic For Women-[GPW], Jammu",Jammu & Kashmir,Engineering,"2,130",--,--,--,--,--,--,--,--,Government Polytechnic For Women-[GPW],EXACT,False
"Government Polytechnic College, Bandipora",Jammu & Kashmir,Engineering,"2,330",--,--,--,--,--,--,--,--,Government Polytechnic College,EXACT,False
"Government Polytechnic, Kulgam",Jammu & Kashmir,Engineering,"4,500",--,--,--,--,--,--,--,--,"Government Polytechnic, Kulgam",EXACT,False
"Government Polytechnic College, Budgam",Jammu & Kashmir,Engineering,"2,130",--,--,--,--,--,--,--,--,"Government Polytechnic College, Budgam",EXACT,False
"Government Polytechnic College, Sopore",Jammu & Kashmir,Engineering,"2,130",--,--,--,--,--,--,--,--,"Government Polytechnic College, Sopore",EXACT,False
Panjab University,Chandigarh,Engineering,"96,300","27,500",7.7,8.2,7.7,8,7.7,6.5,8.2,Panjab University,EXACT,False
Punjab Engineering College University of Technology,Chandigarh,Engineering,"96,750","93,500",8,7.9,7.3,7.6,7.7,8.4,9,Punjab Engineering College University of Technology,EXACT,False
"University Institute of Engineering, Chandigarh University",Chandigarh,Engineering,"1,60,000","80,000",8.4,8.6,7.9,8.1,8.7,8.7,8.3,University Institute of Engineering,EXACT,False
National Institute of Technical Teachers Training and,Chandigarh,Engineering,"44,696","24,500",7.7,7.7,6.7,8.6,7.7,7.7,8,National Institute of Technical Teachers Training and,EXACT,False
"University Institute of Engineering and Technology -[UIET],",Chandigarh,Engineering,"82,197","16,160",7.4,7.5,7.5,7.4,7,7,8.2,University Institute of Engineering and Technology -[UIET],EXACT,False
Chandigarh College of Engineering and Technology,Chandigarh,Engineering,"64,240",--,6.9,7.2,6.4,7.1,6.9,6.5,7.3,Chandigarh College of Engineering and Technology,EXACT,False
Apex Institute of Technology,Chandigarh,Engineering,"2,10,000",--,--,--,--,--,--,--,--,Apex Institute of Technology,EXACT,False
"IITT Institutions, Chandigarh",Chandigarh,Engineering,"80,750","78,150",--,--,--,--,--,--,--,"IITT Institutions, Chandigarh",EXACT,False
Dr. S. S. Bhatnagar University Institute of,Chandigarh,Engineering,"3,94,000","30,355",7.1,7,7.9,6.9,5.7,7.1,8,Dr. S. S. Bhatnagar University Institute of,EXACT,False
Swami Vivekanand Institute of Engineering & Technology,Chandigarh,Engineering,"88,960","70,000",7.6,8.3,6.9,7.4,8.1,7.4,7.2,Swami Vivekanand Institute of Engineering & Technology,EXACT,False
"Gurukul Vidyapeeth, Chandigarh",Chandigarh,Engineering,--,--,3.5,5,3,4,3,2,4,"Gurukul Vidyapeeth, Chandigarh",EXACT,False
"Morph Academy, Chandigarh",Chandigarh,Engineering,"1,70,000",--,8.3,9,6,9,8.5,8.5,9,"Morph Academy, Chandigarh",EXACT,False
Indo Swiss Training Centre,Chandigarh,Engineering,"51,000","51,000",8.6,8.3,8.5,9.2,8.8,8.5,8,Indo Swiss Training Centre,EXACT,False
"Artex Informatic Solutions, Chandigarh",Chandigarh,Engineering,--,--,--,--,--,--,--,--,--,"Artex Informatic Solutions, Chandigarh",EXACT,False
Swami Vivekanand Polytechnic College,Chandigarh,Engineering,"32,840",--,--,--,--,--,--,--,--,Swami Vivekanand Polytechnic College,EXACT,False
"PG Government College for Girls, Chandigarh",Chandigarh,Engineering,"55,260",--,8.1,7.7,7.4,8.9,8.3,8.2,8,PG Government College for Girls,EXACT,False
Government Industrial Training Institute,Chandigarh,Engineering,--,--,--,--,--,--,--,--,--,Government Industrial Training Institute,EXACT,False
Government Polytechnic for Women,Chandigarh,Engineering,"7,225","7,225",--,--,--,--,--,--,--,Government Polytechnic for Women,EXACT,False
"Longowal Polytechnic College, Chandigarh",Chandigarh,Engineering,--,--,--,--,--,--,--,--,--,"Longowal Polytechnic College, Chandigarh",EXACT,False
"Universal Polytechnic College, Chandigarh",Chandigarh,Engineering,--,--,--,--,--,--,--,--,--,Universal Polytechnic College,EXACT,False
Swami Vivekanand Industrial Training Centre,Chandigarh,Engineering,"15,960",--,--,--,--,--,--,--,--,Swami Vivekanand Industrial Training Centre,EXACT,False
Swami Vivekanand Group Of Institutes,Chandigarh,Engineering,"88,960","75,000",8.5,9,7.8,--,9,8.1,--,Swami Vivekanand Group Of Institutes,EXACT,False
Tezpur University,Assam,Management,"30,386","39,186",8,8.2,8,7.9,8.8,6.7,8.5,Tezpur University,EXACT,False
Royal Global University,Assam,Management,"1,54,000","2,10,000",7.6,7.8,6.6,8,9,6.5,7.7,Royal Global University,EXACT,False
Assam Don Bosco University,Assam,Management,"1,29,000","2,19,000",7.8,8.3,7.8,8.1,8.8,6.4,7.3,Assam Don Bosco University,EXACT,False
Assam Down Town University,Assam,Management,"1,60,000","90,000",8.2,8.4,7.6,8.4,8.2,7.8,8.6,Assam Down Town University,EXACT,False
"Department of Business Administration, Tezpur University, Tezpur",Assam,Management,"86,144","29,186",--,--,--,--,--,--,--,Department of Business Administration,EXACT,False
"Assam Women's University, Jorhat",Assam,Management,"20,958",--,7.7,8.3,7.3,8.2,6.7,7.5,8.3,"Assam Women's University, Jorhat",EXACT,False
"Assam Institute of Management- [ AIM ],",Assam,Management,"2,11,000",--,8.2,8.8,7.8,8.7,8,8.1,8,"Assam Institute of Management- [ AIM ],",EXACT,False
Assam Rajiv Gandhi University of Cooperative Management,Assam,Management,"51,000","80,500",8.4,9,7.5,9,8.5,8,8.5,Assam Rajiv Gandhi University of Cooperative Management,EXACT,False
Centre for Management Studies,Assam,Management,"26,558","58,708",8.1,7.8,8.8,7.5,7,7.8,9.5,Centre for Management Studies,EXACT,False
"Jawaharlal Nehru School of Management Studies, Assam",Assam,Management,"78,975","26,545",--,--,--,--,--,--,--,Jawaharlal Nehru School of Management Studies,EXACT,False
National Institute of Technology,Assam,Management,"1,31,440","35,240",8.1,8.1,7.6,7.7,8.3,8.2,8.7,NIT,EXACT,False
"Dibrugarh University, Dibrugarh",Assam,Management,"7,380","6,000",7.8,7.9,7.7,8,8.4,6.5,8.2,"Dibrugarh University, Dibrugarh",EXACT,False
Institute of Hotel Management Catering Technology and,Assam,Management,"39,900",--,8,8.1,7.6,8.5,8,8.5,7.4,Institute of Hotel Management Catering Technology and,EXACT,False
"Dispur College, Guwahati",Assam,Management,"26,420",--,6.1,6.9,4.6,7.4,6.3,4.5,7,"Dispur College, Guwahati",EXACT,False
"Guwahati College, Guwahati",Assam,Management,--,--,6.8,7.1,5.8,7.8,6.6,5.9,7.3,"Guwahati College, Guwahati",EXACT,False
"B. Borooah College, Guwahati",Assam,Management,"30,000",--,7.6,8.2,7.3,8.6,7.5,5.8,8.2,"B. Borooah College, Guwahati",EXACT,False
Gauhati University,Assam,Management,"63,170",--,8.2,8.4,7.5,8.7,8.4,7.2,8.7,Gauhati University,EXACT,False
NERIM Group of Institutions,Assam,Management,"1,75,200","65,200",7.1,7.7,6.1,7.5,7.8,6.9,6.6,NERIM Group of Institutions,EXACT,False
Assam Agricultural University,Assam,Management,"77,610",--,8.1,8.3,7.6,8.3,8.5,7.6,8.2,Assam Agricultural University,EXACT,False
Assam Science and Technology University,Assam,Management,"21,000",--,7.8,7.9,7.6,8,7.7,7.6,7.9,Assam Science and Technology University,EXACT,False
Asian Institute of Management and Technology,Assam,Management,"68,000",--,8.2,7.5,8,8.5,8.5,8.1,8.3,Asian Institute of Management and Technology,EXACT,False
"Girijananda Chowdhury Institute of Management & Technology,",Assam,Management,"53,000","1,35,000",7.3,8,6.2,8.3,6.7,6.4,8,Girijananda Chowdhury Institute of Management & Technology,EXACT,False
"Lalit Chandra Bharali College, Guwahati",Assam,Management,"25,000",--,7.1,7.5,6.8,7.8,8.3,5.2,6.8,"Lalit Chandra Bharali College, Guwahati",EXACT,False
"Pragjyotish College, Guwahati",Assam,Management,"24,000",--,6.5,7.3,5.8,7.6,7.3,4.3,6.9,"Pragjyotish College, Guwahati",EXACT,False
"Bhattadev University, Pathsala",Assam,Management,--,--,7.2,7.3,5.9,7.5,7.7,7.2,7.8,"Bhattadev University, Pathsala",EXACT,False
"Bengtol College, Guwahati",Assam,Management,--,--,7.5,8,8,8,7,8,6,"Bengtol College, Guwahati",EXACT,False
"Bikali College, Goalpara",Assam,Management,"1,500",--,7.6,8.5,7.5,8.5,8,7,6,"Bikali College, Goalpara",EXACT,False
"Jagannath Barooah College, Jorhat",Assam,Management,--,--,8.3,9,7.3,9.4,7.6,7.4,9.2,"Jagannath Barooah College, Jorhat",EXACT,False
"Jagiroad College, Marigaon",Assam,Management,--,--,8,8.4,7.9,8.2,8.1,6.9,8.2,"Jagiroad College, Marigaon",EXACT,False
"Kaliabor College, Nagaon",Assam,Management,"12,000",--,8.5,9,8.3,8.8,9.1,7.6,8.2,"Kaliabor College, Nagaon",EXACT,False
Tilka Manjhi Bhagalpur University,Bihar,Management,--,--,7.5,7.7,6.8,8.1,7.6,6.4,8.1,Tilka Manjhi Bhagalpur University,EXACT,False
Vaishali Institute of Business and Rural Management,Bihar,Management,"26,000","75,000",7,8,5,9,8,6,6,Vaishali Institute of Business and Rural Management,EXACT,False
International School of Management,Bihar,Management,"1,94,000",--,7.7,7.9,7.5,8.1,8.3,7,7.3,International School of Management,EXACT,False
Lalit Narayan Mishra Institute of Economic Development,Bihar,Management,"1,60,000","1,60,000",7.4,8.2,5.7,8.1,7.6,6.8,7.8,Lalit Narayan Mishra Institute of Economic Development,EXACT,False
"Sandip University, Madhuban",Bihar,Management,"1,30,000","1,70,000",8.4,8.2,9,8.6,7.6,8.2,8.5,"Sandip University, Madhuban",EXACT,False
"Amity University, Patna",Bihar,Management,"1,48,000","2,93,000",7.8,8.5,7.2,7.8,7.7,7.8,7.9,"Amity University, Patna",EXACT,False
Aryabhatta Knowledge University,Bihar,Management,--,--,8,8.7,7.1,8.1,8.3,7.6,8.1,Aryabhatta Knowledge University,EXACT,False
Indian Institute of Management,Bihar,Management,"5,08,750","12,00,000",8.7,8.6,8.5,8.9,8.6,8.9,8.7,Indian Institute of Management,EXACT,False
"Arcade Business College, Patna",Bihar,Management,--,--,6.8,7.8,3.9,8.2,6.1,7.1,7.4,"Arcade Business College, Patna",EXACT,False
Catalyst Institute of Management and Advance Global,Bihar,Management,--,--,8.3,8.8,7.7,8.8,8.2,8.7,7.7,Catalyst Institute of Management and Advance Global,EXACT,False
Gopal Narayan Singh University,Bihar,Management,"1,20,000","60,000",8.5,8.6,8.6,8.2,8.9,8.1,8.4,Gopal Narayan Singh University,EXACT,False
Indian Institute of Business Management,Bihar,Management,"60,500","1,61,667",5.8,7,4.7,6,5.7,6.3,5.3,Indian Institute of Business Management,EXACT,False
Chandragupt Institute of Management,Bihar,Management,"4,00,000",--,8.4,8.5,8.5,8.4,8.7,8.4,7.8,Chandragupt Institute of Management,EXACT,False
Development Management Institute,Bihar,Management,"6,00,000",--,8.3,8,7.8,8.4,8,8.8,8.6,Development Management Institute,EXACT,False
"L. N. Mishra College of Business Management,",Bihar,Management,"1,28,000","2,07,000",7.2,8.2,6.1,7.9,7.6,6.7,6.9,L. N. Mishra College of Business Management,EXACT,False
DNS Regional Institute of Cooperative Management,Bihar,Management,--,--,--,--,--,--,--,--,--,DNS Regional Institute of Cooperative Management,EXACT,False
"Dr. Rajendra Prasad Central Agricultural University, Samastipur",Bihar,Management,"92,550",--,7.1,7.5,7.1,7.6,7.6,6.3,6.4,Dr. Rajendra Prasad Central Agricultural University,EXACT,False
"Gaya College, Gaya",Bihar,Management,"16,000","1,00,000",7.1,7.8,6,7.8,7.7,5.6,7.8,"Gaya College, Gaya",EXACT,False
Ram Krishna Dwarika College,Bihar,Management,"11,250",--,6.9,7.8,6.1,7.7,7,5.1,7.6,Ram Krishna Dwarika College,EXACT,False
"Magadh Mahila College, Patna",Bihar,Management,"21,880",--,7.8,8.5,7.3,9,8,6.1,7.8,"Magadh Mahila College, Patna",EXACT,False
Anugrah Narayan College,Bihar,Management,"30,000","80,000",6.8,7.5,5.4,7.5,7.7,5.5,7.4,Anugrah Narayan College,EXACT,False
Magadh University,Bihar,Management,"1,60,000","61,200",6,7.1,5,6.9,6.4,4.7,5.8,Magadh University,EXACT,False
"Vanijya Mahavidhyalaya, Patna",Bihar,Management,--,--,--,--,--,--,--,--,--,"Vanijya Mahavidhyalaya, Patna",EXACT,False
Patna Women's College,Bihar,Management,--,--,7.8,8.3,7.3,8.2,8.6,6.2,8.1,Patna Women's College,EXACT,False
"College of Commerce, Arts & Science, Patna",Bihar,Management,--,--,6.9,7.9,4.7,8.1,7.6,5.6,7.3,College of Commerce,EXACT,False
Patna University,Bihar,Management,"18,000","9,000",7,7.6,6.2,8.2,7.3,5.1,7.4,Patna University,EXACT,False
Birla Institute of Technology,Bihar,Management,"75,000","1,48,000",7.2,7.3,8,6.5,7.4,6.7,7.2,Birla Institute of Technology,EXACT,False
"Patna College, Patna",Bihar,Management,"15,000",--,6.3,7.5,5.3,7.3,6.5,4.6,6.4,"Patna College, Patna",EXACT,False
Nalanda Open University,Bihar,Management,"5,500","6,600",7.3,9,5.8,8.3,7.2,5.4,7.8,Nalanda Open University,EXACT,False
"St Xavier's College of Management and Technology,",Bihar,Management,"72,000",--,8.3,8.8,7.6,8.7,8.4,7.4,8.9,St Xavier's College of Management and Technology,EXACT,False
Indian Institute of Management,Chhattisgarh,Management,"7,27,600","4,03,000",8.9,8.8,8.8,9.1,8.7,8.9,8.8,Indian Institute of Management,EXACT,False
"ITM University, Raipur",Chhattisgarh,Management,"2,73,000","30,000",7.4,8,6.4,7,8.3,7.2,7.6,"ITM University, Raipur",EXACT,False
"MATS University, Raipur",Chhattisgarh,Management,"1,55,000","1,15,000",7.4,7.4,7,7.8,7.4,7.2,7.4,"MATS University, Raipur",EXACT,False
"Amity University, Raipur",Chhattisgarh,Management,"2,32,000","64,000",7.8,7.8,8.3,8,8,6.3,8.2,"Amity University, Raipur",EXACT,False
Dr. C.V. Raman University,Chhattisgarh,Management,"25,000","30,000",7,6.9,6.2,7.4,7.5,6.7,7.3,Dr. C.V. Raman University,EXACT,False
OP Jindal University,Chhattisgarh,Management,"1,95,000","1,00,000",8.9,9.1,8.3,9,9.5,8.4,9,OP Jindal University,EXACT,False
"Disha College of Management Studies- [DCMS], Raipur",Chhattisgarh,Management,--,--,8,8,8,8.3,8.3,7.3,8,Disha College of Management Studies- [DCMS],EXACT,False
Shivalik Institute of Management Education and Research,Chhattisgarh,Management,"90,000",--,8.6,9.5,6.5,9.5,7,9.5,9.5,Shivalik Institute of Management Education and Research,EXACT,False
MATS School of Management Studies and Research,Chhattisgarh,Management,"60,000","1,75,000",8,8.4,7.3,7.7,8.1,8.3,8,MATS School of Management Studies and Research,EXACT,False
Indira Gandhi Krishi Vishwavidyalaya,Chhattisgarh,Management,"57,780",--,7.5,7.6,7.3,8.3,7.1,6.8,7.6,Indira Gandhi Krishi Vishwavidyalaya,EXACT,False
"Mahant Laxminarayan Das College, Raipur",Chhattisgarh,Management,--,--,6.6,7,4,7.5,7,7,7,"Mahant Laxminarayan Das College, Raipur",EXACT,False
Pt. Ravishankar Shukla University,Chhattisgarh,Management,"16,530","19,050",6.1,7,4.8,6.8,6.8,4.1,6.8,Pt. Ravishankar Shukla University,EXACT,False
"Kushabhau Thakre Patrakarita Avam Jansanchar Vishwavidyalaya, Raipur",Chhattisgarh,Management,"20,400","18,700",7,7.3,7,7,7,6.3,7.3,Kushabhau Thakre Patrakarita Avam Jansanchar Vishwavidyalaya,EXACT,False
International Institute of Information Technology,Chhattisgarh,Management,"80,150",--,8.2,8.1,8.6,7.6,8.7,7.6,8.6,International Institute of Information Technology,EXACT,False
Bhilai Institute of Technology,Chhattisgarh,Management,"78,232",--,7.3,7.7,6.7,7.6,7.7,6.4,7.5,Bhilai Institute of Technology,EXACT,False
Lakhmi Chand Institute of Technology,Chhattisgarh,Management,"61,600",--,7.2,7.9,6.4,7.6,8.3,5.1,7.6,Lakhmi Chand Institute of Technology,EXACT,False
"ICFAI University, Raipur",Chhattisgarh,Management,"63,000","1,30,000",8.6,8.6,8.4,8.8,8.8,8.6,8.4,"ICFAI University, Raipur",EXACT,False
Raipur Institute of Technology,Chhattisgarh,Management,"1,25,000",--,8,8.6,7.4,7.5,8.5,8,7.7,Raipur Institute of Technology,EXACT,False
Shri Shankaracharya Institute of Professional Management and,Chhattisgarh,Management,"32,000","65,310",8,8.3,7.7,8.6,7.8,7.7,7.9,Shri Shankaracharya Institute of Professional Management and,EXACT,False
Shri Rawatpura Sarkar University,Chhattisgarh,Management,"33,200","56,200",8.5,9,8,8.5,8.5,8.5,8.5,Shri Rawatpura Sarkar University,EXACT,False
Columbia Institute of Engineering and Technology,Chhattisgarh,Management,"60,900",--,8.1,8.7,7.3,8.3,8,8.7,7.7,Columbia Institute of Engineering and Technology,EXACT,False
Maharishi University of Management and Technology Bilaspur,Chhattisgarh,Management,"14,000","45,500",6.4,7.5,7,6,7.5,5.3,5,Maharishi University of Management and Technology Bilaspur,EXACT,False
AAFT University of Media and Arts,Chhattisgarh,Management,--,--,--,--,--,--,--,--,--,AAFT University of Media and Arts,EXACT,False
Chouksey Engineering College,Chhattisgarh,Management,"75,582",--,8,8.2,8.3,8.1,8,7,8.5,Chouksey Engineering College,EXACT,False
Disha Institute of Management and Technology,Chhattisgarh,Management,--,--,8.1,8,8.8,7.9,9.7,6.3,8,Disha Institute of Management and Technology,EXACT,False
Rungta College of Engineering and Technology,Chhattisgarh,Management,"50,000",--,7.7,8.2,7.3,7.7,8.2,8.2,6.7,Rungta College of Engineering and Technology,EXACT,False
RSR Rungta College of Engineering and Technology,Chhattisgarh,Management,"68,000",--,7.5,7.7,7.5,7.2,7.5,7.3,7.6,RSR Rungta College of Engineering and Technology,EXACT,False
Shri Shankaracharya Group of Institutions,Chhattisgarh,Management,"39,441",--,7.6,7.7,7.2,7.5,7.9,7,8.1,Shri Shankaracharya Group of Institutions,EXACT,False
XLRI,Jharkhand,Management,"20,95,000","9,50,000",9.1,9.1,8.9,9.2,9.2,9.2,8.8,XLRI,EXACT,False
Indian Institute of Management,Jharkhand,Management,"15,30,000","6,50,000",9,8.8,8.9,9.4,8.3,9.3,9.5,Indian Institute of Management,EXACT,False
"Department of Management Studies, Indian Institute of",Jharkhand,Management,"1,76,320",--,8.1,8,7.7,7.7,9,8,8,Department of Management Studies,EXACT,False
Birla Institute of Technology,Jharkhand,Management,"2,93,000","75,000",8.1,8.3,7.6,7.9,8.3,8.1,8.4,Birla Institute of Technology,EXACT,False
Xavier Institute of Social Service,Jharkhand,Management,"8,00,000",--,8,8.4,7.2,8.2,6.8,8.3,8.8,Xavier Institute of Social Service,EXACT,False
Indian Institute of Technology,Jharkhand,Management,"59,400","1,77,500",8.3,8.6,7.8,7.8,8.5,8.3,8.6,IIT,EXACT,False
YBN University,Jharkhand,Management,"44,500","1,03,000",8.2,8.5,7.5,8.5,8,8.3,8.4,YBN University,EXACT,False
"AISECT University, Hazaribagh",Jharkhand,Management,"16,000","22,000",9.9,--,--,--,--,--,--,"AISECT University, Hazaribagh",EXACT,False
"Sai Nath University, Ranchi",Jharkhand,Management,"62,000","48,000",6.8,7.4,6.7,6.8,6.9,6.9,6.3,"Sai Nath University, Ranchi",EXACT,False
"Arka Jain University, Jamshedpur",Jharkhand,Management,"1,98,000","68,000",8.1,8.1,7.7,8.1,8,7.5,9,"Arka Jain University, Jamshedpur",EXACT,False
"Amity University, Ranchi",Jharkhand,Management,"1,70,000","3,03,000",7.8,8.2,7.5,8.5,7.2,7,8.2,"Amity University, Ranchi",EXACT,False
Jharkhand Rai University,Jharkhand,Management,"1,15,000","85,000",7.7,8,7.5,8.8,7.3,6.9,7.8,Jharkhand Rai University,EXACT,False
Netaji Subhas University,Jharkhand,Management,"2,70,000","60,000",9,9.5,9.4,8.7,9.2,8.5,8.7,Netaji Subhas University,EXACT,False
Radha Govind University,Jharkhand,Management,"40,000","78,000",8.6,8.9,8,8.7,8.9,8.4,8.5,Radha Govind University,EXACT,False
Sarala Birla University,Jharkhand,Management,"1,21,200","1,89,700",8.5,8.6,8.3,8.4,8.8,8.4,8.2,Sarala Birla University,EXACT,False
"Institute of Management Studies, Ranchi University",Jharkhand,Management,"40,000","60,000",8.1,8.6,6.8,8.6,7.8,8,8.8,Institute of Management Studies,EXACT,False
"ICFAI University, Ranchi",Jharkhand,Management,"80,000","1,35,000",7.2,7.8,6.1,8.6,6.4,6.7,7.4,"ICFAI University, Ranchi",EXACT,False
Institute of Science and Management,Jharkhand,Management,--,--,8.5,8.8,7.5,8.8,9.2,8.2,8.5,Institute of Science and Management,EXACT,False
Jain Institute of Management & Entrepreneurship,Jharkhand,Management,"1,40,000",--,--,--,--,--,--,--,--,Jain Institute of Management & Entrepreneurship,EXACT,False
"Coxtan Administrative & Management College, Dhanbad",Jharkhand,Management,"22,000","30,000",--,--,--,--,--,--,--,Coxtan Administrative & Management College,EXACT,False
Nilai Institute of Management,Jharkhand,Management,"32,000",--,--,--,--,--,--,--,--,Nilai Institute of Management,EXACT,False
"S.N. Sinha Institute of Business Manangement, Ranchi",Jharkhand,Management,"5,76,000","5,76,000",--,--,--,--,--,--,--,S.N. Sinha Institute of Business Manangement,EXACT,False
Kejriwal Institute of Management & Development Studies,Jharkhand,Management,"4,72,000",--,9,9,9.5,8,9.8,9.5,8,Kejriwal Institute of Management & Development Studies,EXACT,False
Birsa Agricultural University,Jharkhand,Management,"14,300",--,7.3,7.6,8.3,7.2,7.6,5,8.3,Birsa Agricultural University,EXACT,False
"Ranchi University, Ranchi",Jharkhand,Management,"2,850","30,000",7.5,7.9,6.8,8,8.3,6.2,7.8,"Ranchi University, Ranchi",EXACT,False
St. Xavier's College,Jharkhand,Management,"66,200","1,25,000",8,8.5,7.5,8.3,8.4,6.9,8.2,St. Xavier's College,EXACT,False
Central University of Jharkhand,Jharkhand,Management,"28,640","23,720",7.5,8.3,7.5,8.5,7.2,5.3,8.1,Central University of Jharkhand,EXACT,False
"Ranchi Women's College, Ranchi",Jharkhand,Management,"14,150",--,7.4,8,7,8.1,7.1,6.9,7.5,"Ranchi Women's College, Ranchi",EXACT,False
"RKDF University, Ranchi",Jharkhand,Management,"70,000","1,40,000",--,--,--,--,--,--,--,"RKDF University, Ranchi",EXACT,False
"Faculty of Management Sciences and Liberal Arts,",Himachal Pradesh,Management,"94,556","2,56,540",8.9,8.4,8.3,9.3,8.9,9,9.5,Faculty of Management Sciences and Liberal Arts,EXACT,False
Indian Institute of Management,Himachal Pradesh,Management,"11,75,000","2,000",8.7,8.5,8.6,8.8,8.8,8.8,8.8,Indian Institute of Management,EXACT,False
Baddi University of Emerging Sciences and Technologies,Himachal Pradesh,Management,"1,73,000","74,123",7.1,6.7,6.9,7.2,7.3,7,7.7,Baddi University of Emerging Sciences and Technologies,EXACT,False
Maharishi Markandeshwar,Himachal Pradesh,Management,"76,000","2,00,000",8.6,9,8.2,8.9,8.2,8.4,8.9,Maharishi Markandeshwar,EXACT,False
"Arni University, Kangra",Himachal Pradesh,Management,"1,05,000","45,000",8,8.2,7.4,8.1,8.4,7.7,8.4,"Arni University, Kangra",EXACT,False
Bahra University,Himachal Pradesh,Management,"1,15,100","80,000",7.6,7.8,7.5,8,7.7,7,7.6,Bahra University,EXACT,False
Eternal University,Himachal Pradesh,Management,"73,000","45,000",7.5,7.4,7.1,7.8,8.2,7.1,7.4,Eternal University,EXACT,False
Abhilashi University,Himachal Pradesh,Management,"30,000","80,000",8.4,8.9,8.3,8.4,8.6,8.1,8.1,Abhilashi University,EXACT,False
IEC University Baddi,Himachal Pradesh,Management,"88,600","43,600",7.6,7.5,7.5,7.4,7.7,8,7.5,IEC University Baddi,EXACT,False
Career Point University,Himachal Pradesh,Management,"40,000","50,000",7.5,7.5,7.4,7,7.6,6.6,8.6,Career Point University,EXACT,False
Sri Sai University,Himachal Pradesh,Management,"50,000","90,000",7.4,7.3,6.3,8.2,7.7,6.8,8,Sri Sai University,EXACT,False
Himachal Pradesh University Business School,Himachal Pradesh,Management,"7,100","39,600",8.1,8.4,7.7,8.3,8,8.1,8.1,Himachal Pradesh University Business School,EXACT,False
"Himalayan Institute of Management, Sirmaur",Himachal Pradesh,Management,"40,000","72,700",--,--,--,--,--,--,--,Himalayan Institute of Management,EXACT,False
Abhilashi Institute of Management Studies,Himachal Pradesh,Management,"81,700",--,--,--,--,--,--,--,--,Abhilashi Institute of Management Studies,EXACT,False
"LR Institute of Management, Solan",Himachal Pradesh,Management,"71,000",--,--,--,--,--,--,--,--,"LR Institute of Management, Solan",EXACT,False
Arni School of Hospitality and Tourism Management,Himachal Pradesh,Management,--,--,--,--,--,--,--,--,--,Arni School of Hospitality and Tourism Management,EXACT,False
"Akal College of Economics, Commerce and Management,",Himachal Pradesh,Management,"45,000","1,25,000",--,--,--,--,--,--,--,Akal College of Economics,EXACT,False
National Institute of Technology,Himachal Pradesh,Management,"34,050","94,100",8.2,7.9,8.1,7.7,9,7.8,8.5,NIT,EXACT,False
"St Bede's College, Shimla",Himachal Pradesh,Management,"43,350",--,7.9,8.3,8.3,7.7,8.5,7.1,7.6,"St Bede's College, Shimla",EXACT,False
Indus International University,Himachal Pradesh,Management,"83,000","1,20,000",6.8,8,7,7,6,7,6,Indus International University,EXACT,False
Dr YS Parmar University of Horticulture and,Himachal Pradesh,Management,"70,200",--,7.9,8.6,8.5,8.4,8.1,5.3,8.2,Dr YS Parmar University of Horticulture and,EXACT,False
Chaudhary Sarwan Kumar Himachal Pradesh Krishi Vishvavidyalaya,Himachal Pradesh,Management,"35,040",--,8.7,9.2,8.4,8.7,8.8,8.4,8.7,Chaudhary Sarwan Kumar Himachal Pradesh Krishi Vishvavidyalaya,EXACT,False
Heritage Institute of Hotel and Tourism,Himachal Pradesh,Management,"50,000",--,8.8,8.7,9.3,9,8,9,9,Heritage Institute of Hotel and Tourism,EXACT,False
Maharaja Agrasen University,Himachal Pradesh,Management,"57,000","1,03,000",7.5,7.7,7.5,7.6,8.7,7,6.2,Maharaja Agrasen University,EXACT,False
"ICFAI University, Baddi",Himachal Pradesh,Management,"35,800","85,000",8,9,7,8,8,8,8,"ICFAI University, Baddi",EXACT,False
"Himalayan Group of Professional Institutions, Sirmaur",Himachal Pradesh,Management,"54,500","87,200",8.2,8.4,7.6,8.4,8.4,8.2,8,Himalayan Group of Professional Institutions,EXACT,False
Manav Bharti University,Himachal Pradesh,Management,"50,000","70,000",6.2,5.3,4.7,6.7,7,6.3,7,Manav Bharti University,EXACT,False
"Chitkara University, Solan",Himachal Pradesh,Management,"1,00,000","1,10,000",8.2,8.2,7.5,8.2,8.4,8.8,8.3,"Chitkara University, Solan",EXACT,False
The Business School University of Jammu,Jammu & Kashmir,Management,"57,049",--,8,9,8.7,9,8.8,7.2,5,The Business School University of Jammu,EXACT,False
"University of Jammu, Jammu",Jammu & Kashmir,Management,"78,071",--,6.6,7.5,6.8,7.4,7.6,4.9,5.6,"University of Jammu, Jammu",EXACT,False
Model Institute of Engineering and Technology,Jammu & Kashmir,Management,"58,500","78,080",7.7,8.1,6.8,8.1,8,7.2,8,Model Institute of Engineering and Technology,EXACT,False
Indian Institute of Management,Jammu & Kashmir,Management,"6,65,000","4,50,000",9,8.7,8.7,9.2,8.8,8.7,9.6,Indian Institute of Management,EXACT,False
"Priyadarshini Institute of Management and Science, Jammu",Jammu & Kashmir,Management,--,--,8.8,9.3,--,--,9,8,--,Priyadarshini Institute of Management and Science,EXACT,False
School of Agri Business Management,Jammu & Kashmir,Management,"93,100",--,--,--,--,--,--,--,--,School of Agri Business Management,EXACT,False
Shri Mata Vaishno Devi University,Jammu & Kashmir,Management,"92,750","97,750",7.6,7.5,7.9,7,8.3,6.7,8.3,Shri Mata Vaishno Devi University,EXACT,False
Sher-e-Kashmir University of Agricultural Sciences and Technology,Jammu & Kashmir,Management,"60,000",--,7.4,8.4,7.4,7.7,8,5.9,7.2,Sher-e-Kashmir University of Agricultural Sciences and Technology,EXACT,False
Institute of Hotel Management Catering Technology and,Jammu & Kashmir,Management,--,--,7.2,7,8,7.8,8,7,5.3,Institute of Hotel Management Catering Technology and,EXACT,False
National Institute of Technology,Jammu & Kashmir,Management,"1,01,800",--,6.8,7.1,6.3,7.1,6.8,6.6,6.9,NIT,EXACT,False
Islamic University of Science and Technology,Jammu & Kashmir,Management,"96,200","2,55,000",7.4,8.4,6.9,8.2,8,5.5,7.2,Islamic University of Science and Technology,EXACT,False
SSM College of Engineering and Technology,Jammu & Kashmir,Management,"68,000",--,6.9,7.4,6.7,7.3,7.6,4.9,7.4,SSM College of Engineering and Technology,EXACT,False
Baldev Institute of Management Technology and Sciences,Jammu & Kashmir,Management,--,--,--,--,--,--,--,--,--,Baldev Institute of Management Technology and Sciences,EXACT,False
"Government College for Women, Srinagar",Jammu & Kashmir,Management,"6,832","10,000",6.8,7,7,7,8,3.5,8.5,"Government College for Women, Srinagar",EXACT,False
"Government Degree College for Boys, Udhampur",Jammu & Kashmir,Management,"10,450",--,6.6,6.7,5.7,7,6.7,5.3,8,Government Degree College for Boys,EXACT,False
"Government MAM College, Jammu",Jammu & Kashmir,Management,"9,268",--,7.1,7.4,6.3,8.3,7,5.1,8.4,"Government MAM College, Jammu",EXACT,False
"Government Degree College, Kathua",Jammu & Kashmir,Management,--,--,6.3,7,6.1,7.3,6.4,4.9,6.3,"Government Degree College, Kathua",EXACT,False
Sri Pratap Memorial Rajput College of Commerce,Jammu & Kashmir,Management,"9,545",--,6.9,7.6,6.2,8.1,5.6,5.7,8.2,Sri Pratap Memorial Rajput College of Commerce,EXACT,False
"SEM College, Budgam",Jammu & Kashmir,Management,--,--,--,--,--,--,--,--,--,"SEM College, Budgam",EXACT,False
Baba Ghulam Shah Badshah University,Jammu & Kashmir,Management,"2,42,800","67,500",7.2,7.9,7.6,7.4,7.1,5.9,7.1,Baba Ghulam Shah Badshah University,EXACT,False
"Central University of Jammu, Jammu",Jammu & Kashmir,Management,"11,715","26,050",8.2,8.4,7.8,8.5,8.6,7.3,8.5,"Central University of Jammu, Jammu",EXACT,False
Central University of Kashmir,Jammu & Kashmir,Management,"19,900",--,7.8,8.2,7.8,8.4,7.2,7.4,7.6,Central University of Kashmir,EXACT,False
University of Kashmir,Jammu & Kashmir,Management,"6,050","30,000",6.7,7,6.9,7.1,7.2,5.1,6.8,University of Kashmir,EXACT,False
"Gandhi Memorial College, Srinagar",Jammu & Kashmir,Management,--,--,5.6,6.7,4.4,7.9,5.7,3.3,5.6,"Gandhi Memorial College, Srinagar",EXACT,False
"Government Degree College, Baramulla",Jammu & Kashmir,Management,"6,644",--,7.4,8.2,6.4,8.4,8,6.3,7.3,"Government Degree College, Baramulla",EXACT,False
Government Degree College,Jammu & Kashmir,Management,--,--,7.2,8.4,5.4,8.4,8.4,4.7,7.9,Government Degree College,EXACT,False
"Islamia College of Science and Commerce, Srinagar",Jammu & Kashmir,Management,"16,500","8,470",7.3,8.1,7.2,7.8,7.7,5.7,7.5,Islamia College of Science and Commerce,EXACT,False
Sher-e-Kashmir University of Agricultural Sciences and Technology,Jammu & Kashmir,Management,"93,100",--,7.7,8.4,7,8.4,7.4,7,7.9,Sher-e-Kashmir University of Agricultural Sciences and Technology,EXACT,False
"Directorate of Distance Education, University of Jammu,",Jammu & Kashmir,Management,"7,335",--,7.4,8,6.6,8.4,7.6,6.4,7.6,Directorate of Distance Education,EXACT,False
Cluster University of Srinagar,Jammu & Kashmir,Management,"25,875",--,8.2,8.7,8.3,8.1,8.3,7.2,8.5,Cluster University of Srinagar,EXACT,False
"University Business School, Panjab University",Chandigarh,Management,"25,660",--,8.3,8.1,8.4,8.4,7.9,8.1,8.7,University Business School,EXACT,False
"University School of Business, Chandigarh University",Chandigarh,Management,"1,05,000","1,95,000",9.1,9.1,8.8,9.1,9.2,9.3,8.9,University School of Business,EXACT,False
LM Thapar School of Management,Chandigarh,Management,"4,15,860","4,80,000",7.9,7.7,8.1,8,7.9,7.7,7.8,LM Thapar School of Management,EXACT,False
Amity Global Business School,Chandigarh,Management,"1,32,000","3,10,000",8.2,8.7,7.6,8.2,8.1,7.9,8.5,Amity Global Business School,EXACT,False
Post Graduate Institute of Medical Education &,Chandigarh,Management,--,--,8,8.3,6.8,8.8,8.2,8,8,Post Graduate Institute of Medical Education &,EXACT,False
Panjab University,Chandigarh,Management,"34,355",--,7.7,8.2,7.7,8,7.7,6.5,8.2,Panjab University,EXACT,False
Chandigarh Institute of Hotel Management and Catering,Chandigarh,Management,"29,900",--,8.3,8.8,8.3,7.9,8.9,8.7,7,Chandigarh Institute of Hotel Management and Catering,EXACT,False
"University Institute of Tourism and Hospitality Management,",Chandigarh,Management,"1,66,000",--,9.6,9.8,9.4,9.8,9.6,9.6,9.6,University Institute of Tourism and Hospitality Management,EXACT,False
Punjab Engineering College University of Technology,Chandigarh,Management,"28,000",--,8,7.9,7.3,7.6,7.7,8.4,9,Punjab Engineering College University of Technology,EXACT,False
Mehr Chand Mahajan Dayanand Anglo Vedic College,Chandigarh,Management,"31,820",--,8.2,8.4,8,8.5,8.2,7.6,8.4,Mehr Chand Mahajan Dayanand Anglo Vedic College,EXACT,False
Hotel & Catering Management Institute,Chandigarh,Management,"82,000","72,000",--,--,--,--,--,--,--,Hotel & Catering Management Institute,EXACT,False
DAV College,Chandigarh,Management,"36,571","24,500",8,8.4,7.4,8.3,8,6.8,8.8,DAV College,EXACT,False
Goswami Ganesh Dutt Sanatan Dharama College,Chandigarh,Management,"24,000",--,8.1,8.6,7.6,8.5,8.1,7.1,8.8,Goswami Ganesh Dutt Sanatan Dharama College,EXACT,False
"Post Graduate Government College, Chandigarh",Chandigarh,Management,"35,116",--,7.7,8.4,7.3,8.4,7.4,6.5,7.9,Post Graduate Government College,EXACT,False
Institute of Technology and Future Management Trends,Chandigarh,Management,"91,050","1,27,450",7,6.8,7.3,6.6,7,6.6,7.4,Institute of Technology and Future Management Trends,EXACT,False
Apex Institute of Technology,Chandigarh,Management,"2,10,000",--,--,--,--,--,--,--,--,Apex Institute of Technology,EXACT,False
"IITT Institutions, Chandigarh",Chandigarh,Management,"46,850","80,750",--,--,--,--,--,--,--,"IITT Institutions, Chandigarh",EXACT,False
"Gurukul Vidyapeeth, Chandigarh",Chandigarh,Management,--,--,3.5,5,3,4,3,2,4,"Gurukul Vidyapeeth, Chandigarh",EXACT,False
"Dev Samaj College for Women, Chandigarh",Chandigarh,Management,"32,450",--,8.3,8.3,8.7,9.4,8.3,6.5,8.4,"Dev Samaj College for Women, Chandigarh",EXACT,False
International Institute of Fashion Technology,Chandigarh,Management,"2,34,500",--,8.7,9.3,8.7,9,9,8,8.3,International Institute of Fashion Technology,EXACT,False
Indira Gandhi Institute of Aeronautics,Chandigarh,Management,--,--,8.8,--,--,--,--,--,--,Indira Gandhi Institute of Aeronautics,EXACT,False
Shivalik Institute of Paramedical Technology,Chandigarh,Management,"60,000",--,7.7,8.5,7.3,7.8,7.3,7.3,7.8,Shivalik Institute of Paramedical Technology,EXACT,False
"Government College of Commerce and Business Administration,",Chandigarh,Management,"89,186",--,8.2,8.9,6.7,8.8,8.7,7.4,8.9,Government College of Commerce and Business Administration,EXACT,False
"Bhavik College of Management and Information Technology,",Chandigarh,Management,--,--,--,--,--,--,--,--,--,Bhavik College of Management and Information Technology,EXACT,False
"Artex Informatic Solutions, Chandigarh",Chandigarh,Management,--,--,--,--,--,--,--,--,--,"Artex Informatic Solutions, Chandigarh",EXACT,False
"UEI Global, Chandigarh",Chandigarh,Management,"1,10,000","3,01,550",8.3,8.2,8.3,8.3,8.5,8.5,8.2,"UEI Global, Chandigarh",EXACT,False
"PG Government College for Girls, Chandigarh",Chandigarh,Management,"36,571",--,8.1,7.7,7.4,8.9,8.3,8.2,8,PG Government College for Girls,EXACT,False
Indian Institute of Fashion & Design,Chandigarh,Management,"1,55,000",--,8.4,8,8.4,8.7,8.3,8.6,8.4,Indian Institute of Fashion & Design,EXACT,False
"University School of Open Learning, Panjab University",Chandigarh,Management,"33,130","11,000",7.8,8.6,6.5,8.6,7.9,7.2,8.2,University School of Open Learning,EXACT,False
Indian Institute of Technology,Assam,Science,"30,350","18,150",8.6,8.6,8.2,8.1,9.1,8.4,8.9,IIT,EXACT,False
National Institute of Technology,Assam,Science,"36,940","35,240",8.1,8.1,7.6,7.7,8.3,8.2,8.7,NIT,EXACT,False
"Dibrugarh University, Dibrugarh",Assam,Science,"9,560","52,380",7.8,7.9,7.7,8,8.4,6.5,8.2,"Dibrugarh University, Dibrugarh",EXACT,False
Tezpur University,Assam,Science,"37,586","33,986",8,8.2,8,7.9,8.8,6.7,8.5,Tezpur University,EXACT,False
Royal Global University,Assam,Science,"70,000","67,000",7.6,7.8,6.6,8,9,6.5,7.7,Royal Global University,EXACT,False
"Mangaldai Law College, Marigaon",Assam,Science,--,--,--,--,--,--,--,--,--,"Mangaldai Law College, Marigaon",EXACT,False
Dibrugarh Hanumanbux Surajmal Kanoi College,Assam,Science,--,--,8,8.6,7.5,8.8,9.2,5.3,8.5,Dibrugarh Hanumanbux Surajmal Kanoi College,EXACT,False
"Guwahati College, Guwahati",Assam,Science,"4,500",--,6.8,7.1,5.8,7.8,6.6,5.9,7.3,"Guwahati College, Guwahati",EXACT,False
Arya Vidyapeeth College,Assam,Science,"6,370","40,000",7.1,7.7,6.5,8.7,7,5,7.4,Arya Vidyapeeth College,EXACT,False
"B. Borooah College, Guwahati",Assam,Science,"7,160","15,000",7.6,8.2,7.3,8.6,7.5,5.8,8.2,"B. Borooah College, Guwahati",EXACT,False
"Handique Girls College, Guwahati",Assam,Science,"12,900",--,7.8,8.7,7,8.5,8.2,6.2,8.1,"Handique Girls College, Guwahati",EXACT,False
Assam Don Bosco University,Assam,Science,"1,14,000","1,49,000",7.8,8.3,7.8,8.1,8.8,6.4,7.3,Assam Don Bosco University,EXACT,False
Gauhati University,Assam,Science,"12,000",--,8.2,8.4,7.5,8.7,8.4,7.2,8.7,Gauhati University,EXACT,False
Indian Institute of Information Technology,Assam,Science,"10,000",--,7.6,8.6,7,7.9,7.9,7.5,6.5,IIIT,EXACT,False
Assam Down Town University,Assam,Science,"1,00,000","1,00,000",8.2,8.4,7.6,8.4,8.2,7.8,8.6,Assam Down Town University,EXACT,False
Central Institute of Technology,Assam,Science,"70,200",--,7,7.4,5.5,7.7,8.2,5.3,8,Central Institute of Technology,EXACT,False
NERIM Group of Institutions,Assam,Science,"65,200",--,7.1,7.7,6.1,7.5,7.8,6.9,6.6,NERIM Group of Institutions,EXACT,False
Assam Agricultural University,Assam,Science,"20,210","13,150",8.1,8.3,7.6,8.3,8.5,7.6,8.2,Assam Agricultural University,EXACT,False
Assam Science and Technology University,Assam,Science,"21,000",--,7.8,7.9,7.6,8,7.7,7.6,7.9,Assam Science and Technology University,EXACT,False
Asian Institute of Management and Technology,Assam,Science,"76,000",--,8.2,7.5,8,8.5,8.5,8.1,8.3,Asian Institute of Management and Technology,EXACT,False
"Girijananda Chowdhury Institute of Management & Technology,",Assam,Science,"50,000",--,7.3,8,6.2,8.3,6.7,6.4,8,Girijananda Chowdhury Institute of Management & Technology,EXACT,False
"Lalit Chandra Bharali College, Guwahati",Assam,Science,"7,180",--,7.1,7.5,6.8,7.8,8.3,5.2,6.8,"Lalit Chandra Bharali College, Guwahati",EXACT,False
"Pragjyotish College, Guwahati",Assam,Science,"14,230","40,000",6.5,7.3,5.8,7.6,7.3,4.3,6.9,"Pragjyotish College, Guwahati",EXACT,False
Jorhat Institute of Science and Technology,Assam,Science,--,--,6.4,7.6,6.3,7.2,5.5,5.2,6.4,Jorhat Institute of Science and Technology,EXACT,False
Assam Rajiv Gandhi University of Cooperative Management,Assam,Science,"62,000",--,8.4,9,7.5,9,8.5,8,8.5,Assam Rajiv Gandhi University of Cooperative Management,EXACT,False
Scholar's Institute of Technology and Management,Assam,Science,"2,00,000",--,5.5,7,4.5,7.5,8,3,3,Scholar's Institute of Technology and Management,EXACT,False
Anandaram Dhekial Phookan College,Assam,Science,"24,670",--,8.2,9,7.2,8.8,9.2,6.2,8.6,Anandaram Dhekial Phookan College,EXACT,False
Baosi Banikanta Kakati College,Assam,Science,--,--,8.7,9,9,--,--,--,--,Baosi Banikanta Kakati College,EXACT,False
"BH College, Barpeta",Assam,Science,--,--,7.2,7.7,6.6,8.4,7.9,4.4,7.9,"BH College, Barpeta",EXACT,False
"Bimala Prasad Chaliha College, Kamrup",Assam,Science,--,--,--,--,--,--,--,--,--,"Bimala Prasad Chaliha College, Kamrup",EXACT,False
Indian Institute of Technology,Bihar,Science,"33,600","23,168",8,8.4,7.1,8.1,8.2,7.9,8.2,IIT,EXACT,False
"Dr. Rajendra Prasad Central Agricultural University, Samastipur",Bihar,Science,"29,100","29,100",7.1,7.5,7.1,7.6,7.6,6.3,6.4,Dr. Rajendra Prasad Central Agricultural University,EXACT,False
Indira Gandhi Institute of Medical Sciences,Bihar,Science,"48,000","20,000",8.7,8.8,8.6,8.3,8.7,9.3,8.3,Indira Gandhi Institute of Medical Sciences,EXACT,False
"Gaya College, Gaya",Bihar,Science,"1,595","1,00,000",7.1,7.8,6,7.8,7.7,5.6,7.8,"Gaya College, Gaya",EXACT,False
Ram Krishna Dwarika College,Bihar,Science,"11,250",--,6.9,7.8,6.1,7.7,7,5.1,7.6,Ram Krishna Dwarika College,EXACT,False
"T.N.B. College, Bhagalpur",Bihar,Science,"1,194",--,6.9,7.6,6.5,8.1,7,4.2,7.9,"T.N.B. College, Bhagalpur",EXACT,False
"Magadh Mahila College, Patna",Bihar,Science,"7,027","7,850",7.8,8.5,7.3,9,8,6.1,7.8,"Magadh Mahila College, Patna",EXACT,False
National Institute of Technology,Bihar,Science,"1,65,700","56,300",7.7,7.9,6.9,7.9,7.3,8,8,NIT,EXACT,False
Tilka Manjhi Bhagalpur University,Bihar,Science,"3,850","20,300",7.5,7.7,6.8,8.1,7.6,6.4,8.1,Tilka Manjhi Bhagalpur University,EXACT,False
Anugrah Narayan College,Bihar,Science,"30,000",--,6.8,7.5,5.4,7.5,7.7,5.5,7.4,Anugrah Narayan College,EXACT,False
Bihar Agricultural University,Bihar,Science,"13,200","12,970",8.3,8.5,7.8,8.6,8.4,8.2,8.4,Bihar Agricultural University,EXACT,False
"Maltidhari College, Patna",Bihar,Science,"12,333",--,8.3,9,9,7,8,7,--,"Maltidhari College, Patna",EXACT,False
Magadh University,Bihar,Science,"50,610",--,6,7.1,5,6.9,6.4,4.7,5.8,Magadh University,EXACT,False
Patna Women's College,Bihar,Science,--,--,7.8,8.3,7.3,8.2,8.6,6.2,8.1,Patna Women's College,EXACT,False
"Tirhut College of Agriculture, Muzaffarpur",Bihar,Science,"25,010",--,5.6,7,6,5.7,4.7,5.7,4.3,Tirhut College of Agriculture,EXACT,False
Ram Lakhan Singh Yadav College,Bihar,Science,--,--,--,--,--,--,--,--,--,Ram Lakhan Singh Yadav College,EXACT,False
Aryabhatta Knowledge University,Bihar,Science,"42,000",--,8,8.7,7.1,8.1,8.3,7.6,8.1,Aryabhatta Knowledge University,EXACT,False
"College of Commerce, Arts & Science, Patna",Bihar,Science,--,--,6.9,7.9,4.7,8.1,7.6,5.6,7.3,College of Commerce,EXACT,False
Patna University,Bihar,Science,"3,448","6,620",7,7.6,6.2,8.2,7.3,5.1,7.4,Patna University,EXACT,False
Birla Institute of Technology,Bihar,Science,"75,000",--,7.2,7.3,8,6.5,7.4,6.7,7.2,Birla Institute of Technology,EXACT,False
Catalyst Institute of Management and Advance Global,Bihar,Science,--,--,8.3,8.8,7.7,8.8,8.2,8.7,7.7,Catalyst Institute of Management and Advance Global,EXACT,False
Gopal Narayan Singh University,Bihar,Science,"64,000","64,000",8.5,8.6,8.6,8.2,8.9,8.1,8.4,Gopal Narayan Singh University,EXACT,False
Indian Institute of Business Management,Bihar,Science,--,--,5.8,7,4.7,6,5.7,6.3,5.3,Indian Institute of Business Management,EXACT,False
Nalanda Open University,Bihar,Science,"4,400","2,400",7.3,9,5.8,8.3,7.2,5.4,7.8,Nalanda Open University,EXACT,False
Muzaffarpur Institute of Technology,Bihar,Science,--,--,7.1,7.3,6.8,7.6,7.2,6.2,7.4,Muzaffarpur Institute of Technology,EXACT,False
"Bihar National College, Patna",Bihar,Science,--,--,6.3,7.7,5.6,7.6,5.8,4.3,6.9,"Bihar National College, Patna",EXACT,False
"Al-Karim University, Katihar",Bihar,Science,--,--,--,--,--,--,--,--,--,"Al-Karim University, Katihar",EXACT,False
Anugrah Memorial College,Bihar,Science,"2,525",--,6.4,7.3,4,9,8,4.3,5.7,Anugrah Memorial College,EXACT,False
Anugrah Narayan Singh College,Bihar,Science,--,--,5.8,5,5,6,7.5,5,6,Anugrah Narayan Singh College,EXACT,False
National Institute of Technology,Chhattisgarh,Science,"28,000",--,7.4,7.8,6.4,7.5,7,7.7,8.1,NIT,EXACT,False
Dr. C.V. Raman University,Chhattisgarh,Science,"16,000","10,000",7,6.9,6.2,7.4,7.5,6.7,7.3,Dr. C.V. Raman University,EXACT,False
Government Jamuna Prasad Verma Post Graduate Arts,Chhattisgarh,Science,"1,365",--,5.3,6,3,8,5,3,7,Government Jamuna Prasad Verma Post Graduate Arts,EXACT,False
Indira Gandhi Krishi Vishwavidyalaya,Chhattisgarh,Science,"14,669","22,165",7.5,7.6,7.3,8.3,7.1,6.8,7.6,Indira Gandhi Krishi Vishwavidyalaya,EXACT,False
Pt. Ravishankar Shukla University,Chhattisgarh,Science,"4,885","26,330",6.1,7,4.8,6.8,6.8,4.1,6.8,Pt. Ravishankar Shukla University,EXACT,False
"RMD College of Agriculture and Research Station,",Chhattisgarh,Science,--,--,--,--,--,--,--,--,--,RMD College of Agriculture and Research Station,EXACT,False
"Kushabhau Thakre Patrakarita Avam Jansanchar Vishwavidyalaya, Raipur",Chhattisgarh,Science,"21,085","20,400",7,7.3,7,7,7,6.3,7.3,Kushabhau Thakre Patrakarita Avam Jansanchar Vishwavidyalaya,EXACT,False
Chhattisgarh Kamdhenu Vishwavidyalaya,Chhattisgarh,Science,--,--,6.8,7,6.5,7,7,6,7,Chhattisgarh Kamdhenu Vishwavidyalaya,EXACT,False
"MATS University, Raipur",Chhattisgarh,Science,"25,000","25,000",7.4,7.4,7,7.8,7.4,7.2,7.4,"MATS University, Raipur",EXACT,False
Indian Institute of Technology,Chhattisgarh,Science,"45,300","40,300",7.7,8.1,6.6,7.8,7,7.6,8.8,IIT,EXACT,False
"Government Mahaprabhu Vallabhacharya Post Graduate College, Mahasamund",Chhattisgarh,Science,"1,111","1,231",--,--,--,--,--,--,--,Government Mahaprabhu Vallabhacharya Post Graduate College,EXACT,False
"Amity University, Raipur",Chhattisgarh,Science,"36,000","76,000",7.8,7.8,8.3,8,8,6.3,8.2,"Amity University, Raipur",EXACT,False
International Institute of Information Technology,Chhattisgarh,Science,"80,050",--,8.2,8.1,8.6,7.6,8.7,7.6,8.6,International Institute of Information Technology,EXACT,False
"ITM University, Raipur",Chhattisgarh,Science,"42,000","53,000",7.4,8,6.4,7,8.3,7.2,7.6,"ITM University, Raipur",EXACT,False
Bhilai Institute of Technology,Chhattisgarh,Science,--,--,7.3,7.7,6.7,7.6,7.7,6.4,7.5,Bhilai Institute of Technology,EXACT,False
OP Jindal University,Chhattisgarh,Science,"40,000","57,000",8.9,9.1,8.3,9,9.5,8.4,9,OP Jindal University,EXACT,False
"ICFAI University, Raipur",Chhattisgarh,Science,"45,000",--,8.6,8.6,8.4,8.8,8.8,8.6,8.4,"ICFAI University, Raipur",EXACT,False
Raipur Institute of Technology,Chhattisgarh,Science,--,--,8,8.6,7.4,7.5,8.5,8,7.7,Raipur Institute of Technology,EXACT,False
Shri Shankaracharya Institute of Professional Management and,Chhattisgarh,Science,"29,500","50,312",8,8.3,7.7,8.6,7.8,7.7,7.9,Shri Shankaracharya Institute of Professional Management and,EXACT,False
Shri Rawatpura Sarkar University,Chhattisgarh,Science,"33,200","37,200",8.5,9,8,8.5,8.5,8.5,8.5,Shri Rawatpura Sarkar University,EXACT,False
Maharishi University of Management and Technology Bilaspur,Chhattisgarh,Science,"9,000","15,500",6.4,7.5,7,6,7.5,5.3,5,Maharishi University of Management and Technology Bilaspur,EXACT,False
AAFT University of Media and Arts,Chhattisgarh,Science,--,--,--,--,--,--,--,--,--,AAFT University of Media and Arts,EXACT,False
Chouksey Engineering College,Chhattisgarh,Science,--,--,8,8.2,8.3,8.1,8,7,8.5,Chouksey Engineering College,EXACT,False
Disha Institute of Management and Technology,Chhattisgarh,Science,--,--,8.1,8,8.8,7.9,9.7,6.3,8,Disha Institute of Management and Technology,EXACT,False
Rungta College of Engineering and Technology,Chhattisgarh,Science,--,--,7.7,8.2,7.3,7.7,8.2,8.2,6.7,Rungta College of Engineering and Technology,EXACT,False
"Rungta Group of Institutions Bhilai Campus, Bhilai",Chhattisgarh,Science,"12,000","28,000",8.6,9.1,8.7,7.9,9.2,9.1,7.6,Rungta Group of Institutions Bhilai Campus,EXACT,False
Kruti Institute of Technology and Engineering,Chhattisgarh,Science,--,--,7.9,8.3,7.7,8.3,9.5,6.5,7.3,Kruti Institute of Technology and Engineering,EXACT,False
"ISBM University, Raipur",Chhattisgarh,Science,"19,900","30,900",--,--,--,--,--,--,--,"ISBM University, Raipur",EXACT,False
Rungta College of Science and Technology,Chhattisgarh,Science,"15,000","25,000",7.8,7.6,7.6,7.8,8.2,7.6,7.7,Rungta College of Science and Technology,EXACT,False
"Rungta Group of Institutions Raipur Campus, Raipur",Chhattisgarh,Science,"21,000",--,8.7,9,8,8,9,9,9,Rungta Group of Institutions Raipur Campus,EXACT,False
Indian Institute of Technology,Jharkhand,Science,"43,500","47,400",8.3,8.6,7.8,7.8,8.5,8.3,8.6,IIT,EXACT,False
Birla Institute of Technology,Jharkhand,Science,"1,34,000","1,40,000",8.1,8.3,7.6,7.9,8.3,8.1,8.4,Birla Institute of Technology,EXACT,False
Birsa Agricultural University,Jharkhand,Science,"13,800",--,7.3,7.6,8.3,7.2,7.6,5,8.3,Birsa Agricultural University,EXACT,False
National Institute of Technology,Jharkhand,Science,"48,000","48,000",7.8,7.4,8.2,7.2,6.9,8.6,8.5,NIT,EXACT,False
"Ranchi University, Ranchi",Jharkhand,Science,"2,850","30,000",7.5,7.9,6.8,8,8.3,6.2,7.8,"Ranchi University, Ranchi",EXACT,False
St. Xavier's College,Jharkhand,Science,"27,200","37,000",8,8.5,7.5,8.3,8.4,6.9,8.2,St. Xavier's College,EXACT,False
Central University of Jharkhand,Jharkhand,Science,"30,120","27,720",7.5,8.3,7.5,8.5,7.2,5.3,8.1,Central University of Jharkhand,EXACT,False
Central Institute of Psychiatry,Jharkhand,Science,--,--,6.3,--,--,7,--,4.5,7.5,Central Institute of Psychiatry,EXACT,False
YBN University,Jharkhand,Science,"24,500","20,600",8.2,8.5,7.5,8.5,8,8.3,8.4,YBN University,EXACT,False
"Ranchi Women's College, Ranchi",Jharkhand,Science,"2,350","2,850",7.4,8,7,8.1,7.1,6.9,7.5,"Ranchi Women's College, Ranchi",EXACT,False
"RKDF University, Ranchi",Jharkhand,Science,"32,000","20,000",--,--,--,--,--,--,--,"RKDF University, Ranchi",EXACT,False
Jharkhand Rai University,Jharkhand,Science,"1,28,000",--,7.7,8,7.5,8.8,7.3,6.9,7.8,Jharkhand Rai University,EXACT,False
"Nirmala College, Ranchi",Jharkhand,Science,"21,000",--,8.5,9.2,8.1,8.9,8.7,7.3,8.8,"Nirmala College, Ranchi",EXACT,False
Nilamber Pitamber University,Jharkhand,Science,--,--,8.5,9,7.7,8.6,8.7,8.3,8.6,Nilamber Pitamber University,EXACT,False
Netaji Subhas University,Jharkhand,Science,"50,000","40,000",9,9.5,9.4,8.7,9.2,8.5,8.7,Netaji Subhas University,EXACT,False
"Sai Nath University, Ranchi",Jharkhand,Science,"58,000",--,6.8,7.4,6.7,6.8,6.9,6.9,6.3,"Sai Nath University, Ranchi",EXACT,False
Radha Govind University,Jharkhand,Science,"7,000","11,000",8.6,8.9,8,8.7,8.9,8.4,8.5,Radha Govind University,EXACT,False
"Arka Jain University, Jamshedpur",Jharkhand,Science,"58,000",--,8.1,8.1,7.7,8.1,8,7.5,9,"Arka Jain University, Jamshedpur",EXACT,False
"Amity University, Ranchi",Jharkhand,Science,"1,00,000",--,7.8,8.2,7.5,8.5,7.2,7,8.2,"Amity University, Ranchi",EXACT,False
Doranda College,Jharkhand,Science,"1,108",--,6.3,6.8,5.3,7.3,6.7,5,6.5,Doranda College,EXACT,False
"ICFAI University, Ranchi",Jharkhand,Science,"40,000",--,7.2,7.8,6.1,8.6,6.4,6.7,7.4,"ICFAI University, Ranchi",EXACT,False
Sarala Birla University,Jharkhand,Science,"47,800","97,000",8.5,8.6,8.3,8.4,8.8,8.4,8.2,Sarala Birla University,EXACT,False
"Marwari College, Ranchi",Jharkhand,Science,"4,035","40,750",6.9,8.1,5.2,7.9,6.8,6.9,6.7,"Marwari College, Ranchi",EXACT,False
Capital University,Jharkhand,Science,"1,10,000",--,8.2,8.3,8.1,8,8.3,8.1,8.1,Capital University,EXACT,False
Ramchandra Chandravansi University,Jharkhand,Science,"6,000",--,5.7,7,--,--,6,4,--,Ramchandra Chandravansi University,EXACT,False
"Coxtan Administrative & Management College, Dhanbad",Jharkhand,Science,"25,000","30,000",--,--,--,--,--,--,--,Coxtan Administrative & Management College,EXACT,False
"Annada College, Hazaribagh",Jharkhand,Science,"5,000",--,6.9,8.1,5.3,7.4,7.3,6.2,7.2,"Annada College, Hazaribagh",EXACT,False
"B.S.K. College, Barharwa, Sahibganj",Jharkhand,Science,--,--,6.8,8.2,5.8,8.3,7,4.2,7.5,"B.S.K. College, Barharwa, Sahibganj",EXACT,False
Indian Institute of Technology,Himachal Pradesh,Science,"23,500",--,7.8,7.8,8,7.7,7.5,7.5,8.1,IIT,EXACT,False
National Institute of Technology,Himachal Pradesh,Science,"39,100","34,050",8.2,7.9,8.1,7.7,9,7.8,8.5,NIT,EXACT,False
"Faculty of Management Sciences and Liberal Arts,",Himachal Pradesh,Science,"1,11,100","1,51,500",8.9,8.4,8.3,9.3,8.9,9,9.5,Faculty of Management Sciences and Liberal Arts,EXACT,False
"St Bede's College, Shimla",Himachal Pradesh,Science,"63,850","70,350",7.9,8.3,8.3,7.7,8.5,7.1,7.6,"St Bede's College, Shimla",EXACT,False
Indus International University,Himachal Pradesh,Science,"54,000","62,000",6.8,8,7,7,6,7,6,Indus International University,EXACT,False
Jaypee University of Information Technology,Himachal Pradesh,Science,"70,000","50,000",7.9,8,8.4,7,8.7,7.9,7.6,Jaypee University of Information Technology,EXACT,False
Dr YS Parmar University of Horticulture and,Himachal Pradesh,Science,"61,400","75,800",7.9,8.6,8.5,8.4,8.1,5.3,8.2,Dr YS Parmar University of Horticulture and,EXACT,False
Chaudhary Sarwan Kumar Himachal Pradesh Krishi Vishvavidyalaya,Himachal Pradesh,Science,"30,540","42,918",8.7,9.2,8.4,8.7,8.8,8.4,8.7,Chaudhary Sarwan Kumar Himachal Pradesh Krishi Vishvavidyalaya,EXACT,False
"Shoolini University, Solan",Himachal Pradesh,Science,"1,51,500","89,486",8.3,8.4,7.6,8.4,8.6,8.3,8.7,"Shoolini University, Solan",EXACT,False
Heritage Institute of Hotel and Tourism,Himachal Pradesh,Science,"3,88,000",--,8.8,8.7,9.3,9,8,9,9,Heritage Institute of Hotel and Tourism,EXACT,False
Maharishi Markandeshwar,Himachal Pradesh,Science,"53,500","58,500",8.6,9,8.2,8.9,8.2,8.4,8.9,Maharishi Markandeshwar,EXACT,False
Eternal University,Himachal Pradesh,Science,"65,000","60,000",7.5,7.4,7.1,7.8,8.2,7.1,7.4,Eternal University,EXACT,False
Abhilashi University,Himachal Pradesh,Science,"1,20,000","60,000",8.4,8.9,8.3,8.4,8.6,8.1,8.1,Abhilashi University,EXACT,False
Baddi University of Emerging Sciences and Technologies,Himachal Pradesh,Science,"84,223","74,123",7.1,6.7,6.9,7.2,7.3,7,7.7,Baddi University of Emerging Sciences and Technologies,EXACT,False
IEC University Baddi,Himachal Pradesh,Science,"53,600","53,600",7.6,7.5,7.5,7.4,7.7,8,7.5,IEC University Baddi,EXACT,False
Career Point University,Himachal Pradesh,Science,"60,000","37,000",7.5,7.5,7.4,7,7.6,6.6,8.6,Career Point University,EXACT,False
Sri Sai University,Himachal Pradesh,Science,"50,000","45,000",7.4,7.3,6.3,8.2,7.7,6.8,8,Sri Sai University,EXACT,False
"Arni University, Kangra",Himachal Pradesh,Science,"25,000","60,000",8,8.2,7.4,8.1,8.4,7.7,8.4,"Arni University, Kangra",EXACT,False
Bahra University,Himachal Pradesh,Science,"54,500","80,000",7.6,7.8,7.5,8,7.7,7,7.6,Bahra University,EXACT,False
Maharaja Agrasen University,Himachal Pradesh,Science,"40,000","52,000",7.5,7.7,7.5,7.6,8.7,7,6.2,Maharaja Agrasen University,EXACT,False
"ICFAI University, Baddi",Himachal Pradesh,Science,"32,500","35,000",8,9,7,8,8,8,8,"ICFAI University, Baddi",EXACT,False
Manav Bharti University,Himachal Pradesh,Science,"30,000",--,6.2,5.3,4.7,6.7,7,6.3,7,Manav Bharti University,EXACT,False
"Chitkara University, Solan",Himachal Pradesh,Science,"1,10,000",--,8.2,8.2,7.5,8.2,8.4,8.8,8.3,"Chitkara University, Solan",EXACT,False
"Akal College of Engineering and Technology, Sirmaur",Himachal Pradesh,Science,"40,000","65,000",--,--,--,--,--,--,--,Akal College of Engineering and Technology,EXACT,False
"Akal College of Economics, Commerce and Management,",Himachal Pradesh,Science,"63,000","55,000",--,--,--,--,--,--,--,Akal College of Economics,EXACT,False
"Faculty of Applied Sciences and Biotechnology, Shoolini",Himachal Pradesh,Science,"89,486","1,29,886",8.4,8.3,8.5,--,8.7,8,--,Faculty of Applied Sciences and Biotechnology,EXACT,False
Baba Balak Nath Post Graduate College,Himachal Pradesh,Science,"2,955",--,8,--,--,--,--,--,--,Baba Balak Nath Post Graduate College,EXACT,False
"GGDSD College, Palampur",Himachal Pradesh,Science,"16,150",--,--,--,--,--,--,--,--,"GGDSD College, Palampur",EXACT,False
"Government Post Graduate College, Una",Himachal Pradesh,Science,"2,939",--,8.6,9,8.3,8.3,9.5,7.5,8.7,"Government Post Graduate College, Una",EXACT,False
Shri Mata Vaishno Devi University,Jammu & Kashmir,Science,"92,750","92,750",7.6,7.5,7.9,7,8.3,6.7,8.3,Shri Mata Vaishno Devi University,EXACT,False
Central Institute of Temperate Horticultural,Jammu & Kashmir,Science,--,--,--,--,--,--,--,--,--,Central Institute of Temperate Horticultural,EXACT,False
"University of Jammu, Jammu",Jammu & Kashmir,Science,--,--,6.6,7.5,6.8,7.4,7.6,4.9,5.6,"University of Jammu, Jammu",EXACT,False
Sher-e-Kashmir University of Agricultural Sciences and Technology,Jammu & Kashmir,Science,"31,400","30,600",7.4,8.4,7.4,7.7,8,5.9,7.2,Sher-e-Kashmir University of Agricultural Sciences and Technology,EXACT,False
Indian Institute of Management,Jammu & Kashmir,Science,--,--,9,8.7,8.7,9.2,8.8,8.7,9.6,Indian Institute of Management,EXACT,False
"Government Degree College, Srinagar",Jammu & Kashmir,Science,--,--,7.1,7.7,6.9,7.6,7,5.7,7.8,"Government Degree College, Srinagar",EXACT,False
National Institute of Technology,Jammu & Kashmir,Science,"54,600",--,6.8,7.1,6.3,7.1,6.8,6.6,6.9,NIT,EXACT,False
Indian Institute of Technology,Jammu & Kashmir,Science,"40,750",--,8.3,8.9,8.8,8,7.8,7.6,8.6,IIT,EXACT,False
Islamic University of Science and Technology,Jammu & Kashmir,Science,"66,200","36,200",7.4,8.4,6.9,8.2,8,5.5,7.2,Islamic University of Science and Technology,EXACT,False
"Amar Singh Government Degree College, Srinagar",Jammu & Kashmir,Science,--,--,7.1,8.2,6.2,8.6,7.6,5.2,6.9,Amar Singh Government Degree College,EXACT,False
Government College for Women,Jammu & Kashmir,Science,"32,760",--,7.5,8.6,7.8,8.4,8.2,3.7,8.1,Government College for Women,EXACT,False
"Government College for Women, Srinagar",Jammu & Kashmir,Science,"3,458",--,6.8,7,7,7,8,3.5,8.5,"Government College for Women, Srinagar",EXACT,False
"Government Degree College, Jammu",Jammu & Kashmir,Science,"7,430",--,7,8,6.3,7.8,8,4.1,7.8,"Government Degree College, Jammu",EXACT,False
"Government Degree College for Boys, Anantnag",Jammu & Kashmir,Science,--,--,6.1,6.9,5.1,6.6,6.9,4.6,6.2,Government Degree College for Boys,EXACT,False
"Government Degree College for Boys, Udhampur",Jammu & Kashmir,Science,"21,960",--,6.6,6.7,5.7,7,6.7,5.3,8,Government Degree College for Boys,EXACT,False
"Government Degree College for Women, Anantnag",Jammu & Kashmir,Science,"2,780",--,8,9,6,9,9,7,8,Government Degree College for Women,EXACT,False
"Government MAM College, Jammu",Jammu & Kashmir,Science,"5,338",--,7.1,7.4,6.3,8.3,7,5.1,8.4,"Government MAM College, Jammu",EXACT,False
"Swami Vishwatamanand Saraswati Degree College, Rajauri",Jammu & Kashmir,Science,--,--,8.8,8,9,9,9,9,9,Swami Vishwatamanand Saraswati Degree College,EXACT,False
"Government Degree College, Doda",Jammu & Kashmir,Science,--,--,6.7,--,--,--,--,--,--,"Government Degree College, Doda",EXACT,False
Sher-i-Kashmir Institute of Medical Sciences,Jammu & Kashmir,Science,"67,000",--,6.6,8,4.7,6.3,6.8,8,5.7,Sher-i-Kashmir Institute of Medical Sciences,EXACT,False
"Government Degree College, Kathua",Jammu & Kashmir,Science,--,--,6.3,7,6.1,7.3,6.4,4.9,6.3,"Government Degree College, Kathua",EXACT,False
Sant Rocha Singh Degree College,Jammu & Kashmir,Science,--,--,--,--,--,--,--,--,--,Sant Rocha Singh Degree College,EXACT,False
Bhargava Degree College,Jammu & Kashmir,Science,--,--,--,--,--,--,--,--,--,Bhargava Degree College,EXACT,False
Baba Ghulam Shah Badshah University,Jammu & Kashmir,Science,"2,09,750","67,500",7.2,7.9,7.6,7.4,7.1,5.9,7.1,Baba Ghulam Shah Badshah University,EXACT,False
"Central University of Jammu, Jammu",Jammu & Kashmir,Science,"11,715","11,715",8.2,8.4,7.8,8.5,8.6,7.3,8.5,"Central University of Jammu, Jammu",EXACT,False
Central University of Kashmir,Jammu & Kashmir,Science,"16,900","30,000",7.8,8.2,7.8,8.4,7.2,7.4,7.6,Central University of Kashmir,EXACT,False
University of Kashmir,Jammu & Kashmir,Science,"27,800","30,000",6.7,7,6.9,7.1,7.2,5.1,6.8,University of Kashmir,EXACT,False
"Govt. Gandhi Memorial Science College, Jammu",Jammu & Kashmir,Science,"6,595",--,6.7,7.3,6.1,7.9,6.8,4.2,7.6,Govt. Gandhi Memorial Science College,EXACT,False
"Gandhi Memorial College, Srinagar",Jammu & Kashmir,Science,--,--,5.6,6.7,4.4,7.9,5.7,3.3,5.6,"Gandhi Memorial College, Srinagar",EXACT,False
"Government Degree College, Baramulla",Jammu & Kashmir,Science,"2,814",--,7.4,8.2,6.4,8.4,8,6.3,7.3,"Government Degree College, Baramulla",EXACT,False
Mehr Chand Mahajan Dayanand Anglo Vedic College,Chandigarh,Science,"37,200","22,900",8.2,8.4,8,8.5,8.2,7.6,8.4,Mehr Chand Mahajan Dayanand Anglo Vedic College,EXACT,False
"Post Graduate Government College, Chandigarh",Chandigarh,Science,"26,590","53,760",7.7,8.4,7.3,8.4,7.4,6.5,7.9,Post Graduate Government College,EXACT,False
"Government Home Science College, Chandigarh",Chandigarh,Science,"87,060","55,530",9.1,8.7,9.3,9.3,8.7,8.7,9.7,Government Home Science College,EXACT,False
Goswami Ganesh Dutt Sanatan Dharama College,Chandigarh,Science,"24,500",--,8.1,8.6,7.6,8.5,8.1,7.1,8.8,Goswami Ganesh Dutt Sanatan Dharama College,EXACT,False
Post Graduate Institute of Medical Education &,Chandigarh,Science,"7,320","3,470",8,8.3,6.8,8.8,8.2,8,8,Post Graduate Institute of Medical Education &,EXACT,False
Panjab University,Chandigarh,Science,"12,700","12,000",7.7,8.2,7.7,8,7.7,6.5,8.2,Panjab University,EXACT,False
Government Medical College and Hospital,Chandigarh,Science,"9,500","26,054",7.9,8.7,7,8.5,8.2,6.9,8.3,Government Medical College and Hospital,EXACT,False
"Chitkara School of Hospitality -[CSH], Chandigarh",Chandigarh,Science,--,--,8.4,8.7,7,9,8.3,8.7,8.5,Chitkara School of Hospitality -[CSH],EXACT,False
"University Institute of Tourism and Hospitality Management,",Chandigarh,Science,"1,16,000",--,9.6,9.8,9.4,9.8,9.6,9.6,9.6,University Institute of Tourism and Hospitality Management,EXACT,False
Punjab Engineering College University of Technology,Chandigarh,Science,"28,000",--,8,7.9,7.3,7.6,7.7,8.4,9,Punjab Engineering College University of Technology,EXACT,False
"University School of Business, Chandigarh University",Chandigarh,Science,"60,000",--,9.1,9.1,8.8,9.1,9.2,9.3,8.9,University School of Business,EXACT,False
DAV College,Chandigarh,Science,"29,065","58,910",8,8.4,7.4,8.3,8,6.8,8.8,DAV College,EXACT,False
"Morph Academy, Chandigarh",Chandigarh,Science,"70,000","80,000",8.3,9,6,9,8.5,8.5,9,"Morph Academy, Chandigarh",EXACT,False
"Post Graduate Government College for Girls, Chandigarh",Chandigarh,Science,"21,550","27,400",8.1,8.6,8.4,8.9,8.2,6.1,8.5,Post Graduate Government College for Girls,EXACT,False
"University Institute of Engineering and Technology -[UIET],",Chandigarh,Science,--,--,7.4,7.5,7.5,7.4,7,7,8.2,University Institute of Engineering and Technology -[UIET],EXACT,False
LM Thapar School of Management,Chandigarh,Science,"1,13,460",--,7.9,7.7,8.1,8,7.9,7.7,7.8,LM Thapar School of Management,EXACT,False
"Guru Gobind Singh College for Women, Chandigarh",Chandigarh,Science,"81,574",--,6.5,7.5,5.5,8.3,6,3.7,8,Guru Gobind Singh College for Women,EXACT,False
Institute of Technology and Future Management Trends,Chandigarh,Science,--,--,7,6.8,7.3,6.6,7,6.6,7.4,Institute of Technology and Future Management Trends,EXACT,False
"IITT Institutions, Chandigarh",Chandigarh,Science,"50,850","46,850",--,--,--,--,--,--,--,"IITT Institutions, Chandigarh",EXACT,False
Dr. S. S. Bhatnagar University Institute of,Chandigarh,Science,"33,065",--,7.1,7,7.9,6.9,5.7,7.1,8,Dr. S. S. Bhatnagar University Institute of,EXACT,False
"Gurukul Vidyapeeth, Chandigarh",Chandigarh,Science,--,--,3.5,5,3,4,3,2,4,"Gurukul Vidyapeeth, Chandigarh",EXACT,False
"Dev Samaj College for Women, Chandigarh",Chandigarh,Science,"24,700",--,8.3,8.3,8.7,9.4,8.3,6.5,8.4,"Dev Samaj College for Women, Chandigarh",EXACT,False
Indian National Portage Association,Chandigarh,Science,"2,000",--,--,--,--,--,--,--,--,Indian National Portage Association,EXACT,False
Inter National Institute of Fashion Design,Chandigarh,Science,"21,000",--,7.4,7.5,5.7,8.5,6,7.8,8.6,Inter National Institute of Fashion Design,EXACT,False
International Institute of Fashion Technology,Chandigarh,Science,"52,000",--,8.7,9.3,8.7,9,9,8,8.3,International Institute of Fashion Technology,EXACT,False
Shivalik Institute of Paramedical Technology,Chandigarh,Science,"80,000","60,000",7.7,8.5,7.3,7.8,7.3,7.3,7.8,Shivalik Institute of Paramedical Technology,EXACT,False
"Bhavik College of Management and Information Technology,",Chandigarh,Science,--,--,--,--,--,--,--,--,--,Bhavik College of Management and Information Technology,EXACT,False
"Artex Informatic Solutions, Chandigarh",Chandigarh,Science,--,--,--,--,--,--,--,--,--,"Artex Informatic Solutions, Chandigarh",EXACT,False
"Anovus Institute of Clinical Research, Chandigarh",Chandigarh,Science,--,--,--,--,--,--,--,--,--,Anovus Institute of Clinical Research,EXACT,False
"Dibrugarh University, Dibrugarh",Assam,Commerce,"6,000","4,880",7.8,7.9,7.7,8,8.4,6.5,8.2,"Dibrugarh University, Dibrugarh",EXACT,False
Tezpur University,Assam,Commerce,"30,186","30,186",8,8.2,8,7.9,8.8,6.7,8.5,Tezpur University,EXACT,False
Royal Global University,Assam,Commerce,"1,20,000","67,000",7.6,7.8,6.6,8,9,6.5,7.7,Royal Global University,EXACT,False
"Dispur College, Guwahati",Assam,Commerce,"8,890",--,6.1,6.9,4.6,7.4,6.3,4.5,7,"Dispur College, Guwahati",EXACT,False
"Guwahati College, Guwahati",Assam,Commerce,--,--,6.8,7.1,5.8,7.8,6.6,5.9,7.3,"Guwahati College, Guwahati",EXACT,False
Arya Vidyapeeth College,Assam,Commerce,"6,300","2,500",7.1,7.7,6.5,8.7,7,5,7.4,Arya Vidyapeeth College,EXACT,False
Assam Don Bosco University,Assam,Commerce,"93,000","94,000",7.8,8.3,7.8,8.1,8.8,6.4,7.3,Assam Don Bosco University,EXACT,False
Gauhati University,Assam,Commerce,"14,090",--,8.2,8.4,7.5,8.7,8.4,7.2,8.7,Gauhati University,EXACT,False
NERIM Group of Institutions,Assam,Commerce,"65,200","55,200",7.1,7.7,6.1,7.5,7.8,6.9,6.6,NERIM Group of Institutions,EXACT,False
"Lalit Chandra Bharali College, Guwahati",Assam,Commerce,"7,740",--,7.1,7.5,6.8,7.8,8.3,5.2,6.8,"Lalit Chandra Bharali College, Guwahati",EXACT,False
"Pragjyotish College, Guwahati",Assam,Commerce,"16,000",--,6.5,7.3,5.8,7.6,7.3,4.3,6.9,"Pragjyotish College, Guwahati",EXACT,False
Assam Rajiv Gandhi University of Cooperative Management,Assam,Commerce,"22,000",--,8.4,9,7.5,9,8.5,8,8.5,Assam Rajiv Gandhi University of Cooperative Management,EXACT,False
"BH College, Barpeta",Assam,Commerce,--,--,7.2,7.7,6.6,8.4,7.9,4.4,7.9,"BH College, Barpeta",EXACT,False
"Bagadhar Barahma Kishan College, Baksa",Assam,Commerce,"2,300",--,--,--,--,--,--,--,--,"Bagadhar Barahma Kishan College, Baksa",EXACT,False
"Barpeta Girls College, Barpeta",Assam,Commerce,"5,660",--,--,--,--,--,--,--,--,"Barpeta Girls College, Barpeta",EXACT,False
Bhawanipur Hastinapur Bijni College,Assam,Commerce,"5,000",--,9.2,--,--,--,--,--,--,Bhawanipur Hastinapur Bijni College,EXACT,False
"Bhola Nath College, Dhubri",Assam,Commerce,"9,480",--,7.3,8.5,6,8,8,5,8.5,"Bhola Nath College, Dhubri",EXACT,False
"Bihpuria College, Lakhimpur",Assam,Commerce,"5,540",--,7.5,8,7.5,8.7,7.5,6,7,"Bihpuria College, Lakhimpur",EXACT,False
"Bikali College, Goalpara",Assam,Commerce,"4,745","1,500",7.6,8.5,7.5,8.5,8,7,6,"Bikali College, Goalpara",EXACT,False
"Biswanath College, Sonitpur",Assam,Commerce,"12,260",--,8.2,9.8,8.3,--,--,--,--,"Biswanath College, Sonitpur",EXACT,False
"Bongaigaon College, Bongaigaon",Assam,Commerce,--,--,8.2,8.5,8,8.6,7.8,7.9,8.3,"Bongaigaon College, Bongaigaon",EXACT,False
"Cachar College, Silchar",Assam,Commerce,"11,080",--,7.6,8.1,6.8,8.4,7.7,6.7,8.1,"Cachar College, Silchar",EXACT,False
"Chaiduar College, Sonitpur",Assam,Commerce,"6,000",--,8,8.3,7.3,8.7,8,7.7,8,"Chaiduar College, Sonitpur",EXACT,False
Chandra Kamal Bezbaruah College,Assam,Commerce,--,--,--,--,--,--,--,--,--,Chandra Kamal Bezbaruah College,EXACT,False
"Dakshin Kamrup College, Nalbari",Assam,Commerce,"10,300",--,7,7.8,6.1,7.8,7.4,5.6,7.1,"Dakshin Kamrup College, Nalbari",EXACT,False
"Darrang College, Tezpur",Assam,Commerce,"9,100",--,7.8,8.6,6.8,8.4,8.1,6.9,8,"Darrang College, Tezpur",EXACT,False
"Dhemaji Commerce College, Dhemaji",Assam,Commerce,--,--,--,--,--,--,--,--,--,"Dhemaji Commerce College, Dhemaji",EXACT,False
"Dhing College, Nagaon",Assam,Commerce,--,--,--,--,--,--,--,--,--,"Dhing College, Nagaon",EXACT,False
"Dibru College, Dibrugarh",Assam,Commerce,--,--,7.6,8.1,7.2,7.9,7.6,7,7.9,"Dibru College, Dibrugarh",EXACT,False
"Digboi College, Dibrugarh",Assam,Commerce,"12,970",--,7.9,8.3,7.4,8.5,7.9,7.2,8.1,"Digboi College, Dibrugarh",EXACT,False
"Gaya College, Gaya",Bihar,Commerce,"1,390","2,660",7.1,7.8,6,7.8,7.7,5.6,7.8,"Gaya College, Gaya",EXACT,False
Ram Krishna Dwarika College,Bihar,Commerce,"2,300",--,6.9,7.8,6.1,7.7,7,5.1,7.6,Ram Krishna Dwarika College,EXACT,False
"Magadh Mahila College, Patna",Bihar,Commerce,"20,175",--,7.8,8.5,7.3,9,8,6.1,7.8,"Magadh Mahila College, Patna",EXACT,False
Tilka Manjhi Bhagalpur University,Bihar,Commerce,"2,850",--,7.5,7.7,6.8,8.1,7.6,6.4,8.1,Tilka Manjhi Bhagalpur University,EXACT,False
Magadh University,Bihar,Commerce,--,--,6,7.1,5,6.9,6.4,4.7,5.8,Magadh University,EXACT,False
"Vanijya Mahavidhyalaya, Patna",Bihar,Commerce,"2,790",--,--,--,--,--,--,--,--,"Vanijya Mahavidhyalaya, Patna",EXACT,False
Patna Women's College,Bihar,Commerce,--,--,7.8,8.3,7.3,8.2,8.6,6.2,8.1,Patna Women's College,EXACT,False
Ram Lakhan Singh Yadav College,Bihar,Commerce,--,--,--,--,--,--,--,--,--,Ram Lakhan Singh Yadav College,EXACT,False
"Amity University, Patna",Bihar,Commerce,"95,000",--,7.8,8.5,7.2,7.8,7.7,7.8,7.9,"Amity University, Patna",EXACT,False
Aryabhatta Knowledge University,Bihar,Commerce,--,--,8,8.7,7.1,8.1,8.3,7.6,8.1,Aryabhatta Knowledge University,EXACT,False
Indian Institute of Management,Bihar,Commerce,--,--,8.7,8.6,8.5,8.9,8.6,8.9,8.7,Indian Institute of Management,EXACT,False
"College of Commerce, Arts & Science, Patna",Bihar,Commerce,--,--,6.9,7.9,4.7,8.1,7.6,5.6,7.3,College of Commerce,EXACT,False
Patna University,Bihar,Commerce,"9,000","8,000",7,7.6,6.2,8.2,7.3,5.1,7.4,Patna University,EXACT,False
Catalyst Institute of Management and Advance Global,Bihar,Commerce,--,--,8.3,8.8,7.7,8.8,8.2,8.7,7.7,Catalyst Institute of Management and Advance Global,EXACT,False
Gopal Narayan Singh University,Bihar,Commerce,"16,000","20,000",8.5,8.6,8.6,8.2,8.9,8.1,8.4,Gopal Narayan Singh University,EXACT,False
Nalanda Open University,Bihar,Commerce,"2,400","4,400",7.3,9,5.8,8.3,7.2,5.4,7.8,Nalanda Open University,EXACT,False
"St Xavier's College of Management and Technology,",Bihar,Commerce,"56,000",--,8.3,8.8,7.6,8.7,8.4,7.4,8.9,St Xavier's College of Management and Technology,EXACT,False
"Moti Babu Institute of Technology- [MBIT], Patna",Bihar,Commerce,--,--,9.5,--,--,--,--,--,--,Moti Babu Institute of Technology- [MBIT],EXACT,False
"Buddha Institute of Technology- [BIT], Gaya",Bihar,Commerce,--,--,7.4,7.3,7,8,7,7,8,Buddha Institute of Technology- [BIT],EXACT,False
"B.M.D. College, Vaishali",Bihar,Commerce,--,--,7.6,8.7,8,8.3,6.7,7.3,6.7,"B.M.D. College, Vaishali",EXACT,False
Bhuwaneshwari Dayal College,Bihar,Commerce,--,--,7.2,8.2,6.3,8.4,7.6,5.3,7.1,Bhuwaneshwari Dayal College,EXACT,False
"Daudnagar College, Aurangabad",Bihar,Commerce,--,--,5.4,7,2,9,5,2.5,7,"Daudnagar College, Aurangabad",EXACT,False
"Forbesganj College, Araria",Bihar,Commerce,--,--,6.8,6.7,6.7,8,7,4.7,7.7,"Forbesganj College, Araria",EXACT,False
"GDM College, Harnaut",Bihar,Commerce,"1,038",--,6.7,8,2,7,--,--,--,"GDM College, Harnaut",EXACT,False
"H.D. Jain College, Arrah",Bihar,Commerce,"1,800","2,700",7,8.1,5.7,7.7,6.7,6.4,7.1,"H.D. Jain College, Arrah",EXACT,False
"K.B. Jha College, Katihar",Bihar,Commerce,"1,339",--,7.7,8.8,7,8.8,6.8,6.3,8.3,"K.B. Jha College, Katihar",EXACT,False
Kanhai Lal Sahu College,Bihar,Commerce,--,--,6.7,7,6,7.5,7.6,5.8,6.5,Kanhai Lal Sahu College,EXACT,False
Langat Singh College,Bihar,Commerce,--,--,7.5,8,7.1,8.1,7.7,6.7,7.4,Langat Singh College,EXACT,False
"M.V. College, Buxar",Bihar,Commerce,"1,500","3,000",6.5,6.3,4.8,7.9,6.8,5.5,7.7,"M.V. College, Buxar",EXACT,False
Government Jamuna Prasad Verma Post Graduate Arts,Chhattisgarh,Commerce,"1,063",--,5.3,6,3,8,5,3,7,Government Jamuna Prasad Verma Post Graduate Arts,EXACT,False
"Mahant Laxminarayan Das College, Raipur",Chhattisgarh,Commerce,--,--,6.6,7,4,7.5,7,7,7,"Mahant Laxminarayan Das College, Raipur",EXACT,False
Pt. Ravishankar Shukla University,Chhattisgarh,Commerce,--,--,6.1,7,4.8,6.8,6.8,4.1,6.8,Pt. Ravishankar Shukla University,EXACT,False
"MATS University, Raipur",Chhattisgarh,Commerce,"75,000","75,000",7.4,7.4,7,7.8,7.4,7.2,7.4,"MATS University, Raipur",EXACT,False
"Government Mahaprabhu Vallabhacharya Post Graduate College, Mahasamund",Chhattisgarh,Commerce,"1,111","1,231",--,--,--,--,--,--,--,Government Mahaprabhu Vallabhacharya Post Graduate College,EXACT,False
"Amity University, Raipur",Chhattisgarh,Commerce,"54,000","50,000",7.8,7.8,8.3,8,8,6.3,8.2,"Amity University, Raipur",EXACT,False
"ITM University, Raipur",Chhattisgarh,Commerce,"42,000",--,7.4,8,6.4,7,8.3,7.2,7.6,"ITM University, Raipur",EXACT,False
OP Jindal University,Chhattisgarh,Commerce,"96,000",--,8.9,9.1,8.3,9,9.5,8.4,9,OP Jindal University,EXACT,False
"ICFAI University, Raipur",Chhattisgarh,Commerce,"45,000",--,8.6,8.6,8.4,8.8,8.8,8.6,8.4,"ICFAI University, Raipur",EXACT,False
Shri Shankaracharya Institute of Professional Management and,Chhattisgarh,Commerce,"32,000",--,8,8.3,7.7,8.6,7.8,7.7,7.9,Shri Shankaracharya Institute of Professional Management and,EXACT,False
Shri Rawatpura Sarkar University,Chhattisgarh,Commerce,"24,200","31,200",8.5,9,8,8.5,8.5,8.5,8.5,Shri Rawatpura Sarkar University,EXACT,False
Maharishi University of Management and Technology Bilaspur,Chhattisgarh,Commerce,"11,000","14,000",6.4,7.5,7,6,7.5,5.3,5,Maharishi University of Management and Technology Bilaspur,EXACT,False
KK Modi University,Chhattisgarh,Commerce,"83,500",--,7.5,8.5,6,--,7.5,8,--,KK Modi University,EXACT,False
"Rungta Group of Institutions Bhilai Campus, Bhilai",Chhattisgarh,Commerce,"20,000",--,8.6,9.1,8.7,7.9,9.2,9.1,7.6,Rungta Group of Institutions Bhilai Campus,EXACT,False
Kruti Institute of Technology and Engineering,Chhattisgarh,Commerce,--,--,7.9,8.3,7.7,8.3,9.5,6.5,7.3,Kruti Institute of Technology and Engineering,EXACT,False
"ISBM University, Raipur",Chhattisgarh,Commerce,"18,900","23,900",--,--,--,--,--,--,--,"ISBM University, Raipur",EXACT,False
"Disha College of Management Studies- [DCMS], Raipur",Chhattisgarh,Commerce,--,--,8,8,8,8.3,8.3,7.3,8,Disha College of Management Studies- [DCMS],EXACT,False
"Rungta Group of Institutions Raipur Campus, Raipur",Chhattisgarh,Commerce,"15,000",--,8.7,9,8,8,9,9,9,Rungta Group of Institutions Raipur Campus,EXACT,False
"MATS School of Business Studies, Raipur",Chhattisgarh,Commerce,"75,000","23,000",7.3,8.2,5.4,--,8.1,7.5,--,"MATS School of Business Studies, Raipur",EXACT,False
"Bhilai Mahila Mahavidyalaya, Durg",Chhattisgarh,Commerce,"15,000","17,000",6.6,6.7,5.3,7.3,7,5.5,7.5,"Bhilai Mahila Mahavidyalaya, Durg",EXACT,False
"Christ College, Bastar",Chhattisgarh,Commerce,--,--,7.7,--,--,9,--,5,9,"Christ College, Bastar",EXACT,False
"D.L.S. P.G. College, Bilaspur",Chhattisgarh,Commerce,"6,000","11,000",--,--,--,--,--,--,--,"D.L.S. P.G. College, Bilaspur",EXACT,False
"Durga Mahavidyalaya, Raipur",Chhattisgarh,Commerce,--,--,4.7,5,4,5.3,4.3,3,6.3,"Durga Mahavidyalaya, Raipur",EXACT,False
"Ghanshyam Singh Arya Kanya Mahavidyalaya, Durg",Chhattisgarh,Commerce,"4,100",--,--,--,--,--,--,--,--,Ghanshyam Singh Arya Kanya Mahavidyalaya,EXACT,False
"Government DB Girl's Post Graduate College, Raipur",Chhattisgarh,Commerce,"1,730","7,852",3.9,6,--,4,4,2.5,3,Government DB Girl's Post Graduate College,EXACT,False
"Government Digvijay Autonomous College, Rajnandgaon",Chhattisgarh,Commerce,--,--,--,--,--,--,--,--,--,Government Digvijay Autonomous College,EXACT,False
"Government Maharishi Valmiki College, Kanker",Chhattisgarh,Commerce,783,--,--,--,--,--,--,--,--,Government Maharishi Valmiki College,EXACT,False
"Government Ram Bhajan Rai NES College, Jashpur",Chhattisgarh,Commerce,--,--,--,--,--,--,--,--,--,Government Ram Bhajan Rai NES College,EXACT,False
"Government Shahid Kaushal Yadav College, Balod",Chhattisgarh,Commerce,--,--,--,--,--,--,--,--,--,Government Shahid Kaushal Yadav College,EXACT,False
"Ranchi University, Ranchi",Jharkhand,Commerce,"2,850","2,350",7.5,7.9,6.8,8,8.3,6.2,7.8,"Ranchi University, Ranchi",EXACT,False
St. Xavier's College,Jharkhand,Commerce,"49,100","32,300",8,8.5,7.5,8.3,8.4,6.9,8.2,St. Xavier's College,EXACT,False
YBN University,Jharkhand,Commerce,"1,03,000","17,600",8.2,8.5,7.5,8.5,8,8.3,8.4,YBN University,EXACT,False
"Ranchi Women's College, Ranchi",Jharkhand,Commerce,"2,350","2,850",7.4,8,7,8.1,7.1,6.9,7.5,"Ranchi Women's College, Ranchi",EXACT,False
"RKDF University, Ranchi",Jharkhand,Commerce,"32,000","30,000",--,--,--,--,--,--,--,"RKDF University, Ranchi",EXACT,False
Jharkhand Rai University,Jharkhand,Commerce,--,--,7.7,8,7.5,8.8,7.3,6.9,7.8,Jharkhand Rai University,EXACT,False
"Nirmala College, Ranchi",Jharkhand,Commerce,"17,000",--,8.5,9.2,8.1,8.9,8.7,7.3,8.8,"Nirmala College, Ranchi",EXACT,False
Nilamber Pitamber University,Jharkhand,Commerce,--,--,8.5,9,7.7,8.6,8.7,8.3,8.6,Nilamber Pitamber University,EXACT,False
Netaji Subhas University,Jharkhand,Commerce,"40,000","50,000",9,9.5,9.4,8.7,9.2,8.5,8.7,Netaji Subhas University,EXACT,False
"Sai Nath University, Ranchi",Jharkhand,Commerce,"5,000","10,000",6.8,7.4,6.7,6.8,6.9,6.9,6.3,"Sai Nath University, Ranchi",EXACT,False
Radha Govind University,Jharkhand,Commerce,"6,000","9,000",8.6,8.9,8,8.7,8.9,8.4,8.5,Radha Govind University,EXACT,False
"Arka Jain University, Jamshedpur",Jharkhand,Commerce,"3,00,000","58,000",8.1,8.1,7.7,8.1,8,7.5,9,"Arka Jain University, Jamshedpur",EXACT,False
"Amity University, Ranchi",Jharkhand,Commerce,"76,000",--,7.8,8.2,7.5,8.5,7.2,7,8.2,"Amity University, Ranchi",EXACT,False
Usha Martin University,Jharkhand,Commerce,"1,06,000","36,000",7.6,8.5,6.5,8.8,6.8,7.9,7.1,Usha Martin University,EXACT,False
Doranda College,Jharkhand,Commerce,745,"2,134",6.3,6.8,5.3,7.3,6.7,5,6.5,Doranda College,EXACT,False
"ICFAI University, Ranchi",Jharkhand,Commerce,"50,000",--,7.2,7.8,6.1,8.6,6.4,6.7,7.4,"ICFAI University, Ranchi",EXACT,False
Sarala Birla University,Jharkhand,Commerce,"46,800","42,200",8.5,8.6,8.3,8.4,8.8,8.4,8.2,Sarala Birla University,EXACT,False
"Marwari College, Ranchi",Jharkhand,Commerce,"2,631","4,060",6.9,8.1,5.2,7.9,6.8,6.9,6.7,"Marwari College, Ranchi",EXACT,False
Capital University,Jharkhand,Commerce,"1,10,000",--,8.2,8.3,8.1,8,8.3,8.1,8.1,Capital University,EXACT,False
Ramchandra Chandravansi University,Jharkhand,Commerce,"6,000",--,5.7,7,--,--,6,4,--,Ramchandra Chandravansi University,EXACT,False
"Coxtan Administrative & Management College, Dhanbad",Jharkhand,Commerce,"12,000","20,000",--,--,--,--,--,--,--,Coxtan Administrative & Management College,EXACT,False
"Annada College, Hazaribagh",Jharkhand,Commerce,"4,720",--,6.9,8.1,5.3,7.4,7.3,6.2,7.2,"Annada College, Hazaribagh",EXACT,False
"B.S.K. College, Barharwa, Sahibganj",Jharkhand,Commerce,--,--,6.8,8.2,5.8,8.3,7,4.2,7.5,"B.S.K. College, Barharwa, Sahibganj",EXACT,False
"Gossner College, Ranchi",Jharkhand,Commerce,"28,020",--,7.2,7.8,6.3,8.2,7.6,5.8,7.4,"Gossner College, Ranchi",EXACT,False
Jagannath Jain College,Jharkhand,Commerce,568,--,7.6,8.8,6.4,8.8,8.6,4.8,8.4,Jagannath Jain College,EXACT,False
"Jamshedpur Women's College, Jamshedpur",Jharkhand,Commerce,"4,150","2,240",7.4,7.8,7.4,7.6,7.3,7.2,6.9,"Jamshedpur Women's College, Jamshedpur",EXACT,False
"KB Women's College, Hazaribagh",Jharkhand,Commerce,"3,180",--,8.5,9,9,8,9,7.5,8.5,"KB Women's College, Hazaribagh",EXACT,False
Karim City College,Jharkhand,Commerce,"27,500","3,060",7.4,7.9,6.4,8.4,7.6,6.1,8.1,Karim City College,EXACT,False
"PK Roy Memorial College, Dhanbad",Jharkhand,Commerce,"2,822",960,6.4,7.1,5.4,7.1,6.8,5.2,6.6,"PK Roy Memorial College, Dhanbad",EXACT,False
"Faculty of Management Sciences and Liberal Arts,",Himachal Pradesh,Commerce,"94,556",--,8.9,8.4,8.3,9.3,8.9,9,9.5,Faculty of Management Sciences and Liberal Arts,EXACT,False
"St Bede's College, Shimla",Himachal Pradesh,Commerce,"35,450","34,450",7.9,8.3,8.3,7.7,8.5,7.1,7.6,"St Bede's College, Shimla",EXACT,False
Indus International University,Himachal Pradesh,Commerce,"45,000",--,6.8,8,7,7,6,7,6,Indus International University,EXACT,False
Dr YS Parmar University of Horticulture and,Himachal Pradesh,Commerce,"75,800",--,7.9,8.6,8.5,8.4,8.1,5.3,8.2,Dr YS Parmar University of Horticulture and,EXACT,False
Indian Institute of Management,Himachal Pradesh,Commerce,--,--,8.7,8.5,8.6,8.8,8.8,8.8,8.8,Indian Institute of Management,EXACT,False
Maharishi Markandeshwar,Himachal Pradesh,Commerce,"76,000",--,8.6,9,8.2,8.9,8.2,8.4,8.9,Maharishi Markandeshwar,EXACT,False
Eternal University,Himachal Pradesh,Commerce,"63,000",--,7.5,7.4,7.1,7.8,8.2,7.1,7.4,Eternal University,EXACT,False
Baddi University of Emerging Sciences and Technologies,Himachal Pradesh,Commerce,"74,123",--,7.1,6.7,6.9,7.2,7.3,7,7.7,Baddi University of Emerging Sciences and Technologies,EXACT,False
IEC University Baddi,Himachal Pradesh,Commerce,"53,600",--,7.6,7.5,7.5,7.4,7.7,8,7.5,IEC University Baddi,EXACT,False
Career Point University,Himachal Pradesh,Commerce,"30,000","40,000",7.5,7.5,7.4,7,7.6,6.6,8.6,Career Point University,EXACT,False
Sri Sai University,Himachal Pradesh,Commerce,"40,000","45,000",7.4,7.3,6.3,8.2,7.7,6.8,8,Sri Sai University,EXACT,False
"Arni University, Kangra",Himachal Pradesh,Commerce,"2,00,000","30,000",8,8.2,7.4,8.1,8.4,7.7,8.4,"Arni University, Kangra",EXACT,False
Bahra University,Himachal Pradesh,Commerce,"44,400",--,7.6,7.8,7.5,8,7.7,7,7.6,Bahra University,EXACT,False
Maharaja Agrasen University,Himachal Pradesh,Commerce,"56,000","65,000",7.5,7.7,7.5,7.6,8.7,7,6.2,Maharaja Agrasen University,EXACT,False
"ICFAI University, Baddi",Himachal Pradesh,Commerce,"31,400","45,000",8,9,7,8,8,8,8,"ICFAI University, Baddi",EXACT,False
Manav Bharti University,Himachal Pradesh,Commerce,"30,000","50,000",6.2,5.3,4.7,6.7,7,6.3,7,Manav Bharti University,EXACT,False
"Bells Institute of Management & Technology, Shimla",Himachal Pradesh,Commerce,--,--,6.8,8,8,6,8,4,7,Bells Institute of Management & Technology,EXACT,False
"Akal College of Economics, Commerce and Management,",Himachal Pradesh,Commerce,"63,000","55,000",--,--,--,--,--,--,--,Akal College of Economics,EXACT,False
"GGDSD College, Palampur",Himachal Pradesh,Commerce,"15,190",--,--,--,--,--,--,--,--,"GGDSD College, Palampur",EXACT,False
"Government Post Graduate College, Una",Himachal Pradesh,Commerce,--,--,8.6,9,8.3,8.3,9.5,7.5,8.7,"Government Post Graduate College, Una",EXACT,False
"Lal Bahadur Shastri Government Degree College, Shimla",Himachal Pradesh,Commerce,--,--,--,--,--,--,--,--,--,Lal Bahadur Shastri Government Degree College,EXACT,False
"MP Govt College, Una",Himachal Pradesh,Commerce,"3,125",--,4.5,5,3,7,5,3,4,"MP Govt College, Una",EXACT,False
"Pandit Sant Ram Government College, Kangra",Himachal Pradesh,Commerce,"2,068",--,7.8,9,7,9,7.7,5.3,8.5,Pandit Sant Ram Government College,EXACT,False
"Vallabh Government College, Mandi",Himachal Pradesh,Commerce,"2,340",--,7,8.4,6.7,8.1,6.9,3.8,8,"Vallabh Government College, Mandi",EXACT,False
Himachal Pradesh University,Himachal Pradesh,Commerce,"4,580",--,7.2,7.7,6.7,7.7,7.3,6.1,7.7,Himachal Pradesh University,EXACT,False
Swami Vivekanand Government College,Himachal Pradesh,Commerce,"2,434",--,8.1,8.7,8,9.5,8.3,5,9,Swami Vivekanand Government College,EXACT,False
"Government College, Kangra",Himachal Pradesh,Commerce,"2,850",--,7.2,7.8,6.8,8,7.4,5.5,7.5,"Government College, Kangra",EXACT,False
"Government Post Graduate College, Chamba",Himachal Pradesh,Commerce,"1,591",--,5.8,7.6,4.8,7.3,7,4,4.3,"Government Post Graduate College, Chamba",EXACT,False
"University of Jammu, Jammu",Jammu & Kashmir,Commerce,--,--,6.6,7.5,6.8,7.4,7.6,4.9,5.6,"University of Jammu, Jammu",EXACT,False
Sher-e-Kashmir University of Agricultural Sciences and Technology,Jammu & Kashmir,Commerce,"60,000",--,7.4,8.4,7.4,7.7,8,5.9,7.2,Sher-e-Kashmir University of Agricultural Sciences and Technology,EXACT,False
"Government Degree College, Srinagar",Jammu & Kashmir,Commerce,--,--,7.1,7.7,6.9,7.6,7,5.7,7.8,"Government Degree College, Srinagar",EXACT,False
Model Institute of Engineering and Technology,Jammu & Kashmir,Commerce,"58,500",--,7.7,8.1,6.8,8.1,8,7.2,8,Model Institute of Engineering and Technology,EXACT,False
Baldev Institute of Management Technology and Sciences,Jammu & Kashmir,Commerce,--,--,--,--,--,--,--,--,--,Baldev Institute of Management Technology and Sciences,EXACT,False
Government College for Women,Jammu & Kashmir,Commerce,"29,510",--,7.5,8.6,7.8,8.4,8.2,3.7,8.1,Government College for Women,EXACT,False
"Government College for Women, Srinagar",Jammu & Kashmir,Commerce,"4,536",--,6.8,7,7,7,8,3.5,8.5,"Government College for Women, Srinagar",EXACT,False
"Government Degree College for Boys, Anantnag",Jammu & Kashmir,Commerce,--,--,6.1,6.9,5.1,6.6,6.9,4.6,6.2,Government Degree College for Boys,EXACT,False
"Government Degree College for Boys, Udhampur",Jammu & Kashmir,Commerce,"6,170",--,6.6,6.7,5.7,7,6.7,5.3,8,Government Degree College for Boys,EXACT,False
"Government Degree College, Doda",Jammu & Kashmir,Commerce,--,--,6.7,--,--,--,--,--,--,"Government Degree College, Doda",EXACT,False
"Government Degree College, Kathua",Jammu & Kashmir,Commerce,--,--,6.3,7,6.1,7.3,6.4,4.9,6.3,"Government Degree College, Kathua",EXACT,False
Sri Pratap Memorial Rajput College of Commerce,Jammu & Kashmir,Commerce,"5,335",--,6.9,7.6,6.2,8.1,5.6,5.7,8.2,Sri Pratap Memorial Rajput College of Commerce,EXACT,False
Sant Rocha Singh Degree College,Jammu & Kashmir,Commerce,--,--,--,--,--,--,--,--,--,Sant Rocha Singh Degree College,EXACT,False
Central University of Kashmir,Jammu & Kashmir,Commerce,--,--,7.8,8.2,7.8,8.4,7.2,7.4,7.6,Central University of Kashmir,EXACT,False
University of Kashmir,Jammu & Kashmir,Commerce,"18,000","9,350",6.7,7,6.9,7.1,7.2,5.1,6.8,University of Kashmir,EXACT,False
"Gandhi Memorial College, Srinagar",Jammu & Kashmir,Commerce,--,--,5.6,6.7,4.4,7.9,5.7,3.3,5.6,"Gandhi Memorial College, Srinagar",EXACT,False
"Government Degree College, Baramulla",Jammu & Kashmir,Commerce,"2,644",--,7.4,8.2,6.4,8.4,8,6.3,7.3,"Government Degree College, Baramulla",EXACT,False
Government Degree College,Jammu & Kashmir,Commerce,--,--,7.2,8.4,5.4,8.4,8.4,4.7,7.9,Government Degree College,EXACT,False
Government Degree College Pulwama,Jammu & Kashmir,Commerce,"2,635",--,6.8,6.5,6,8,6.5,6.6,7.4,Government Degree College Pulwama,EXACT,False
"Islamia College of Science and Commerce, Srinagar",Jammu & Kashmir,Commerce,"6,480","14,780",7.3,8.1,7.2,7.8,7.7,5.7,7.5,Islamia College of Science and Commerce,EXACT,False
Sher-e-Kashmir University of Agricultural Sciences and Technology,Jammu & Kashmir,Commerce,"54,366",--,7.7,8.4,7,8.4,7.4,7,7.9,Sher-e-Kashmir University of Agricultural Sciences and Technology,EXACT,False
"Directorate of Distance Education, University of Jammu,",Jammu & Kashmir,Commerce,"6,405","7,290",7.4,8,6.6,8.4,7.6,6.4,7.6,Directorate of Distance Education,EXACT,False
"Government Degree College For Women, Baramulla",Jammu & Kashmir,Commerce,"5,970",--,--,--,--,--,--,--,--,Government Degree College For Women,EXACT,False
"Cluster University of Jammu, Jammu",Jammu & Kashmir,Commerce,"36,380","35,680",8.5,8,--,--,--,--,--,"Cluster University of Jammu, Jammu",EXACT,False
Cluster University of Srinagar,Jammu & Kashmir,Commerce,"24,780",--,8.2,8.7,8.3,8.1,8.3,7.2,8.5,Cluster University of Srinagar,EXACT,False
"Directorate of Distance Education, University Of Kashmir,",Jammu & Kashmir,Commerce,"4,675",--,--,--,--,--,--,--,--,Directorate of Distance Education,EXACT,False
"University of Ladakh, Ladakh",Jammu & Kashmir,Commerce,"21,050",--,--,--,--,--,--,--,--,"University of Ladakh, Ladakh",EXACT,False
Mehr Chand Mahajan Dayanand Anglo Vedic College,Chandigarh,Commerce,"23,930","24,940",8.2,8.4,8,8.5,8.2,7.6,8.4,Mehr Chand Mahajan Dayanand Anglo Vedic College,EXACT,False
Panjab University,Chandigarh,Commerce,"8,410","9,975",7.7,8.2,7.7,8,7.7,6.5,8.2,Panjab University,EXACT,False
"University Business School, Panjab University",Chandigarh,Commerce,"50,275",--,8.3,8.1,8.4,8.4,7.9,8.1,8.7,University Business School,EXACT,False
"University School of Business, Chandigarh University",Chandigarh,Commerce,"1,05,000","60,000",9.1,9.1,8.8,9.1,9.2,9.3,8.9,University School of Business,EXACT,False
DAV College,Chandigarh,Commerce,"21,985","21,970",8,8.4,7.4,8.3,8,6.8,8.8,DAV College,EXACT,False
Goswami Ganesh Dutt Sanatan Dharama College,Chandigarh,Commerce,"24,500",--,8.1,8.6,7.6,8.5,8.1,7.1,8.8,Goswami Ganesh Dutt Sanatan Dharama College,EXACT,False
"Post Graduate Government College, Chandigarh",Chandigarh,Commerce,"20,110","21,200",7.7,8.4,7.3,8.4,7.4,6.5,7.9,Post Graduate Government College,EXACT,False
"Post Graduate Government College for Girls, Chandigarh",Chandigarh,Commerce,"20,110","21,200",8.1,8.6,8.4,8.9,8.2,6.1,8.5,Post Graduate Government College for Girls,EXACT,False
"Guru Gobind Singh College for Women, Chandigarh",Chandigarh,Commerce,"38,159","51,444",6.5,7.5,5.5,8.3,6,3.7,8,Guru Gobind Singh College for Women,EXACT,False
"IITT Institutions, Chandigarh",Chandigarh,Commerce,"46,850","38,850",--,--,--,--,--,--,--,"IITT Institutions, Chandigarh",EXACT,False
"Dev Samaj College for Women, Chandigarh",Chandigarh,Commerce,"24,240","24,760",8.3,8.3,8.7,9.4,8.3,6.5,8.4,"Dev Samaj College for Women, Chandigarh",EXACT,False
"Government College of Commerce and Business Administration,",Chandigarh,Commerce,--,--,8.2,8.9,6.7,8.8,8.7,7.4,8.9,Government College of Commerce and Business Administration,EXACT,False
"Artex Informatic Solutions, Chandigarh",Chandigarh,Commerce,--,--,--,--,--,--,--,--,--,"Artex Informatic Solutions, Chandigarh",EXACT,False
"UEI Global, Chandigarh",Chandigarh,Commerce,"35,000",--,8.3,8.2,8.3,8.3,8.5,8.5,8.2,"UEI Global, Chandigarh",EXACT,False
Sri Guru Gobind Singh College,Chandigarh,Commerce,"24,745","21,970",7.9,8.3,7.5,8.6,7.5,6.8,8.4,Sri Guru Gobind Singh College,EXACT,False
"PG Government College for Girls, Chandigarh",Chandigarh,Commerce,"21,985","21,970",8.1,7.7,7.4,8.9,8.3,8.2,8,PG Government College for Girls,EXACT,False
"University School of Open Learning, Panjab University",Chandigarh,Commerce,"15,690","16,775",7.8,8.6,6.5,8.6,7.9,7.2,8.2,University School of Open Learning,EXACT,False
"Institute of Distance & Online Learning, Chandigarh",Chandigarh,Commerce,"20,400","20,400",--,--,--,--,--,--,--,Institute of Distance & Online Learning,EXACT,False
Swami Vivekanand College of Management and Technology,Chandigarh,Commerce,"32,000",--,8.3,9,8,--,8,8,--,Swami Vivekanand College of Management and Technology,EXACT,False
Swami Vivekanand Group Of Institutes,Chandigarh,Commerce,"36,000","30,000",8.5,9,7.8,--,9,8.1,--,Swami Vivekanand Group Of Institutes,EXACT,False
Arya Vidyapeeth College,Assam,Arts,"5,250","7,000",7.1,7.7,6.5,8.7,7,5,7.4,Arya Vidyapeeth College,EXACT,False
"Dispur College, Guwahati",Assam,Arts,"8,890",--,6.1,6.9,4.6,7.4,6.3,4.5,7,"Dispur College, Guwahati",EXACT,False
"Guwahati College, Guwahati",Assam,Arts,--,--,6.8,7.1,5.8,7.8,6.6,5.9,7.3,"Guwahati College, Guwahati",EXACT,False
"B. Borooah College, Guwahati",Assam,Arts,"5,840",--,7.6,8.2,7.3,8.6,7.5,5.8,8.2,"B. Borooah College, Guwahati",EXACT,False
"Handique Girls College, Guwahati",Assam,Arts,"5,150",--,7.8,8.7,7,8.5,8.2,6.2,8.1,"Handique Girls College, Guwahati",EXACT,False
"Lalit Chandra Bharali College, Guwahati",Assam,Arts,"5,060",--,7.1,7.5,6.8,7.8,8.3,5.2,6.8,"Lalit Chandra Bharali College, Guwahati",EXACT,False
"Pragjyotish College, Guwahati",Assam,Arts,"24,000","12,270",6.5,7.3,5.8,7.6,7.3,4.3,6.9,"Pragjyotish College, Guwahati",EXACT,False
Indian Institute of Technology,Assam,Arts,"18,150","30,350",8.6,8.6,8.2,8.1,9.1,8.4,8.9,IIT,EXACT,False
National Institute of Technology,Assam,Arts,"35,240",--,8.1,8.1,7.6,7.7,8.3,8.2,8.7,NIT,EXACT,False
"Dibrugarh University, Dibrugarh",Assam,Arts,"20,780","6,000",7.8,7.9,7.7,8,8.4,6.5,8.2,"Dibrugarh University, Dibrugarh",EXACT,False
Tezpur University,Assam,Arts,"50,186","39,186",8,8.2,8,7.9,8.8,6.7,8.5,Tezpur University,EXACT,False
Royal Global University,Assam,Arts,"66,000","66,000",7.6,7.8,6.6,8,9,6.5,7.7,Royal Global University,EXACT,False
Dibrugarh Hanumanbux Surajmal Kanoi College,Assam,Arts,--,--,8,8.6,7.5,8.8,9.2,5.3,8.5,Dibrugarh Hanumanbux Surajmal Kanoi College,EXACT,False
Assam Don Bosco University,Assam,Arts,"93,000","94,000",7.8,8.3,7.8,8.1,8.8,6.4,7.3,Assam Don Bosco University,EXACT,False
Gauhati University,Assam,Arts,"14,090","11,090",8.2,8.4,7.5,8.7,8.4,7.2,8.7,Gauhati University,EXACT,False
Indian Institute of Information Technology,Assam,Arts,"10,000",--,7.6,8.6,7,7.9,7.9,7.5,6.5,IIIT,EXACT,False
Assam Down Town University,Assam,Arts,"90,000","60,000",8.2,8.4,7.6,8.4,8.2,7.8,8.6,Assam Down Town University,EXACT,False
Central Institute of Technology,Assam,Arts,--,--,7,7.4,5.5,7.7,8.2,5.3,8,Central Institute of Technology,EXACT,False
NERIM Group of Institutions,Assam,Arts,"65,200","65,200",7.1,7.7,6.1,7.5,7.8,6.9,6.6,NERIM Group of Institutions,EXACT,False
"Assam Women's University, Jorhat",Assam,Arts,"16,918","10,386",7.7,8.3,7.3,8.2,6.7,7.5,8.3,"Assam Women's University, Jorhat",EXACT,False
Asian Institute of Management and Technology,Assam,Arts,"82,000",--,8.2,7.5,8,8.5,8.5,8.1,8.3,Asian Institute of Management and Technology,EXACT,False
Tata Institute of Social Sciences,Assam,Arts,"36,900","58,000",7.7,9,7.7,8.3,7,8,6.3,Tata Institute of Social Sciences,EXACT,False
Assam Rajiv Gandhi University of Cooperative Management,Assam,Arts,"62,000",--,8.4,9,7.5,9,8.5,8,8.5,Assam Rajiv Gandhi University of Cooperative Management,EXACT,False
Anandaram Dhekial Phookan College,Assam,Arts,--,--,8.2,9,7.2,8.8,9.2,6.2,8.6,Anandaram Dhekial Phookan College,EXACT,False
Baosi Banikanta Kakati College,Assam,Arts,--,--,8.7,9,9,--,--,--,--,Baosi Banikanta Kakati College,EXACT,False
"BH College, Barpeta",Assam,Arts,--,--,7.2,7.7,6.6,8.4,7.9,4.4,7.9,"BH College, Barpeta",EXACT,False
"Bimala Prasad Chaliha College, Kamrup",Assam,Arts,--,--,--,--,--,--,--,--,--,"Bimala Prasad Chaliha College, Kamrup",EXACT,False
"Bagadhar Barahma Kishan College, Baksa",Assam,Arts,"4,080",--,--,--,--,--,--,--,--,"Bagadhar Barahma Kishan College, Baksa",EXACT,False
"Bahona College, Jorhat",Assam,Arts,--,--,8.3,8.7,8,8.7,8.3,8.3,7.7,"Bahona College, Jorhat",EXACT,False
"Bhattadev University, Pathsala",Assam,Arts,"5,210","19,700",7.2,7.3,5.9,7.5,7.7,7.2,7.8,"Bhattadev University, Pathsala",EXACT,False
"Magadh Mahila College, Patna",Bihar,Arts,"6,257","12,500",7.8,8.5,7.3,9,8,6.1,7.8,"Magadh Mahila College, Patna",EXACT,False
Anugrah Narayan College,Bihar,Arts,"30,000",--,6.8,7.5,5.4,7.5,7.7,5.5,7.4,Anugrah Narayan College,EXACT,False
Patna Women's College,Bihar,Arts,"31,150",--,7.8,8.3,7.3,8.2,8.6,6.2,8.1,Patna Women's College,EXACT,False
Ram Krishna Dwarika College,Bihar,Arts,"2,500",--,6.9,7.8,6.1,7.7,7,5.1,7.6,Ram Krishna Dwarika College,EXACT,False
Ram Lakhan Singh Yadav College,Bihar,Arts,--,--,--,--,--,--,--,--,--,Ram Lakhan Singh Yadav College,EXACT,False
"College of Commerce, Arts & Science, Patna",Bihar,Arts,--,--,6.9,7.9,4.7,8.1,7.6,5.6,7.3,College of Commerce,EXACT,False
Patna University,Bihar,Arts,"8,200","6,620",7,7.6,6.2,8.2,7.3,5.1,7.4,Patna University,EXACT,False
"Patna College, Patna",Bihar,Arts,"1,858",--,6.3,7.5,5.3,7.3,6.5,4.6,6.4,"Patna College, Patna",EXACT,False
Nalanda Open University,Bihar,Arts,"2,400","4,400",7.3,9,5.8,8.3,7.2,5.4,7.8,Nalanda Open University,EXACT,False
"Bihar National College, Patna",Bihar,Arts,--,--,6.3,7.7,5.6,7.6,5.8,4.3,6.9,"Bihar National College, Patna",EXACT,False
Indian Institute of Technology,Bihar,Arts,"23,168",--,8,8.4,7.1,8.1,8.2,7.9,8.2,IIT,EXACT,False
"Gaya College, Gaya",Bihar,Arts,"20,000","25,000",7.1,7.8,6,7.8,7.7,5.6,7.8,"Gaya College, Gaya",EXACT,False
"T.N.B. College, Bhagalpur",Bihar,Arts,"1,130",--,6.9,7.6,6.5,8.1,7,4.2,7.9,"T.N.B. College, Bhagalpur",EXACT,False
National Institute of Technology,Bihar,Arts,"56,300",--,7.7,7.9,6.9,7.9,7.3,8,8,NIT,EXACT,False
Tilka Manjhi Bhagalpur University,Bihar,Arts,"2,550",--,7.5,7.7,6.8,8.1,7.6,6.4,8.1,Tilka Manjhi Bhagalpur University,EXACT,False
"Maltidhari College, Patna",Bihar,Arts,"7,000",--,8.3,9,9,7,8,7,--,"Maltidhari College, Patna",EXACT,False
Magadh University,Bihar,Arts,"6,193",--,6,7.1,5,6.9,6.4,4.7,5.8,Magadh University,EXACT,False
"St Xavier's College of Education, Patna",Bihar,Arts,"5,000","5,000",7.8,8,8,8,7,8,8,"St Xavier's College of Education, Patna",EXACT,False
"Amity University, Patna",Bihar,Arts,"72,000",--,7.8,8.5,7.2,7.8,7.7,7.8,7.9,"Amity University, Patna",EXACT,False
Aryabhatta Knowledge University,Bihar,Arts,--,--,8,8.7,7.1,8.1,8.3,7.6,8.1,Aryabhatta Knowledge University,EXACT,False
Gopal Narayan Singh University,Bihar,Arts,"10,000","12,000",8.5,8.6,8.6,8.2,8.9,8.1,8.4,Gopal Narayan Singh University,EXACT,False
Anugrah Memorial College,Bihar,Arts,"2,524",--,6.4,7.3,4,9,8,4.3,5.7,Anugrah Memorial College,EXACT,False
Anugrah Narayan Singh College,Bihar,Arts,--,--,5.8,5,5,6,7.5,5,6,Anugrah Narayan Singh College,EXACT,False
"B.M.D. College, Vaishali",Bihar,Arts,--,--,7.6,8.7,8,8.3,6.7,7.3,6.7,"B.M.D. College, Vaishali",EXACT,False
"Bhola Prasad Singh College, Gopalganj",Bihar,Arts,--,--,--,--,--,--,--,--,--,"Bhola Prasad Singh College, Gopalganj",EXACT,False
Bhuwaneshwari Dayal College,Bihar,Arts,--,--,7.2,8.2,6.3,8.4,7.6,5.3,7.1,Bhuwaneshwari Dayal College,EXACT,False
"Bindeshwar Singh College , Patna",Bihar,Arts,--,--,8.4,9.3,8.7,9.7,8.5,7.8,6.3,"Bindeshwar Singh College , Patna",EXACT,False
"D.K. College, Buxar",Bihar,Arts,--,--,7.7,8.3,7,8.7,8.7,6.7,7,"D.K. College, Buxar",EXACT,False
"Daudnagar College, Aurangabad",Bihar,Arts,"2,700",--,5.4,7,2,9,5,2.5,7,"Daudnagar College, Aurangabad",EXACT,False
Government Jamuna Prasad Verma Post Graduate Arts,Chhattisgarh,Arts,"1,263","1,178",5.3,6,3,8,5,3,7,Government Jamuna Prasad Verma Post Graduate Arts,EXACT,False
"Government Mahaprabhu Vallabhacharya Post Graduate College, Mahasamund",Chhattisgarh,Arts,"1,111","1,231",--,--,--,--,--,--,--,Government Mahaprabhu Vallabhacharya Post Graduate College,EXACT,False
National Institute of Technology,Chhattisgarh,Arts,"28,000",--,7.4,7.8,6.4,7.5,7,7.7,8.1,NIT,EXACT,False
"Mahant Laxminarayan Das College, Raipur",Chhattisgarh,Arts,--,--,6.6,7,4,7.5,7,7,7,"Mahant Laxminarayan Das College, Raipur",EXACT,False
Pt. Ravishankar Shukla University,Chhattisgarh,Arts,"5,970","17,050",6.1,7,4.8,6.8,6.8,4.1,6.8,Pt. Ravishankar Shukla University,EXACT,False
"Kushabhau Thakre Patrakarita Avam Jansanchar Vishwavidyalaya, Raipur",Chhattisgarh,Arts,"20,400","18,200",7,7.3,7,7,7,6.3,7.3,Kushabhau Thakre Patrakarita Avam Jansanchar Vishwavidyalaya,EXACT,False
"MATS University, Raipur",Chhattisgarh,Arts,"35,000","15,000",7.4,7.4,7,7.8,7.4,7.2,7.4,"MATS University, Raipur",EXACT,False
Indian Institute of Technology,Chhattisgarh,Arts,"40,300",--,7.7,8.1,6.6,7.8,7,7.6,8.8,IIT,EXACT,False
"Amity University, Raipur",Chhattisgarh,Arts,"50,000","50,000",7.8,7.8,8.3,8,8,6.3,8.2,"Amity University, Raipur",EXACT,False
International Institute of Information Technology,Chhattisgarh,Arts,"80,150",--,8.2,8.1,8.6,7.6,8.7,7.6,8.6,International Institute of Information Technology,EXACT,False
"ITM University, Raipur",Chhattisgarh,Arts,"74,000",--,7.4,8,6.4,7,8.3,7.2,7.6,"ITM University, Raipur",EXACT,False
"ICFAI University, Raipur",Chhattisgarh,Arts,"45,000","27,000",8.6,8.6,8.4,8.8,8.8,8.6,8.4,"ICFAI University, Raipur",EXACT,False
Shri Rawatpura Sarkar University,Chhattisgarh,Arts,"17,700","20,200",8.5,9,8,8.5,8.5,8.5,8.5,Shri Rawatpura Sarkar University,EXACT,False
Maharishi University of Management and Technology Bilaspur,Chhattisgarh,Arts,"9,000","11,000",6.4,7.5,7,6,7.5,5.3,5,Maharishi University of Management and Technology Bilaspur,EXACT,False
AAFT University of Media and Arts,Chhattisgarh,Arts,"2,80,000","2,80,000",--,--,--,--,--,--,--,AAFT University of Media and Arts,EXACT,False
"Rungta Group of Institutions Bhilai Campus, Bhilai",Chhattisgarh,Arts,"17,000",--,8.6,9.1,8.7,7.9,9.2,9.1,7.6,Rungta Group of Institutions Bhilai Campus,EXACT,False
"ISBM University, Raipur",Chhattisgarh,Arts,"16,900","17,900",--,--,--,--,--,--,--,"ISBM University, Raipur",EXACT,False
"Disha College of Management Studies- [DCMS], Raipur",Chhattisgarh,Arts,--,--,8,8,8,8.3,8.3,7.3,8,Disha College of Management Studies- [DCMS],EXACT,False
OP Jindal University School Of Engineering,Chhattisgarh,Arts,"1,00,000",--,6.7,7.1,6.4,7,7.1,6.1,6.6,OP Jindal University School Of Engineering,EXACT,False
"MATS School of Business Studies, Raipur",Chhattisgarh,Arts,"25,000",--,7.3,8.2,5.4,--,8.1,7.5,--,"MATS School of Business Studies, Raipur",EXACT,False
"Christ College, Bastar",Chhattisgarh,Arts,--,--,7.7,--,--,9,--,5,9,"Christ College, Bastar",EXACT,False
"D.L.S. P.G. College, Bilaspur",Chhattisgarh,Arts,"6,000","5,000",--,--,--,--,--,--,--,"D.L.S. P.G. College, Bilaspur",EXACT,False
"Durga Mahavidyalaya, Raipur",Chhattisgarh,Arts,--,--,4.7,5,4,5.3,4.3,3,6.3,"Durga Mahavidyalaya, Raipur",EXACT,False
"Ghanshyam Singh Arya Kanya Mahavidyalaya, Durg",Chhattisgarh,Arts,"3,300",--,--,--,--,--,--,--,--,Ghanshyam Singh Arya Kanya Mahavidyalaya,EXACT,False
"Government DB Girl's Post Graduate College, Raipur",Chhattisgarh,Arts,"1,780","1,852",3.9,6,--,4,4,2.5,3,Government DB Girl's Post Graduate College,EXACT,False
"Government Digvijay Autonomous College, Rajnandgaon",Chhattisgarh,Arts,--,--,--,--,--,--,--,--,--,Government Digvijay Autonomous College,EXACT,False
"Government Maharishi Valmiki College, Kanker",Chhattisgarh,Arts,713,773,--,--,--,--,--,--,--,Government Maharishi Valmiki College,EXACT,False
"Government Ram Bhajan Rai NES College, Jashpur",Chhattisgarh,Arts,--,--,--,--,--,--,--,--,--,Government Ram Bhajan Rai NES College,EXACT,False
"Government Shahid Kaushal Yadav College, Balod",Chhattisgarh,Arts,--,--,--,--,--,--,--,--,--,Government Shahid Kaushal Yadav College,EXACT,False
"Ranchi University, Ranchi",Jharkhand,Arts,"2,850","2,350",7.5,7.9,6.8,8,8.3,6.2,7.8,"Ranchi University, Ranchi",EXACT,False
St. Xavier's College,Jharkhand,Arts,"24,300","32,300",8,8.5,7.5,8.3,8.4,6.9,8.2,St. Xavier's College,EXACT,False
Central University of Jharkhand,Jharkhand,Arts,"22,320","23,720",7.5,8.3,7.5,8.5,7.2,5.3,8.1,Central University of Jharkhand,EXACT,False
"Sai Nath University, Ranchi",Jharkhand,Arts,"58,000",--,6.8,7.4,6.7,6.8,6.9,6.9,6.3,"Sai Nath University, Ranchi",EXACT,False
"Ranchi Women's College, Ranchi",Jharkhand,Arts,"2,350","2,850",7.4,8,7,8.1,7.1,6.9,7.5,"Ranchi Women's College, Ranchi",EXACT,False
"Nirmala College, Ranchi",Jharkhand,Arts,"16,500",--,8.5,9.2,8.1,8.9,8.7,7.3,8.8,"Nirmala College, Ranchi",EXACT,False
Doranda College,Jharkhand,Arts,--,--,6.3,6.8,5.3,7.3,6.7,5,6.5,Doranda College,EXACT,False
"Marwari College, Ranchi",Jharkhand,Arts,"7,455",--,6.9,8.1,5.2,7.9,6.8,6.9,6.7,"Marwari College, Ranchi",EXACT,False
Indian Institute of Management,Jharkhand,Arts,--,--,9,8.8,8.9,9.4,8.3,9.3,9.5,Indian Institute of Management,EXACT,False
YBN University,Jharkhand,Arts,"25,600","1,01,650",8.2,8.5,7.5,8.5,8,8.3,8.4,YBN University,EXACT,False
"RKDF University, Ranchi",Jharkhand,Arts,"30,000","40,000",--,--,--,--,--,--,--,"RKDF University, Ranchi",EXACT,False
Nilamber Pitamber University,Jharkhand,Arts,--,--,8.5,9,7.7,8.6,8.7,8.3,8.6,Nilamber Pitamber University,EXACT,False
Netaji Subhas University,Jharkhand,Arts,"40,000","30,000",9,9.5,9.4,8.7,9.2,8.5,8.7,Netaji Subhas University,EXACT,False
Radha Govind University,Jharkhand,Arts,"20,000","10,000",8.6,8.9,8,8.7,8.9,8.4,8.5,Radha Govind University,EXACT,False
National Institute of Foundry & Forge Technology,Jharkhand,Arts,"33,400",--,8.4,8.1,7.9,8.5,8.4,8.8,8.4,National Institute of Foundry & Forge Technology,EXACT,False
"Arka Jain University, Jamshedpur",Jharkhand,Arts,"3,00,000","53,000",8.1,8.1,7.7,8.1,8,7.5,9,"Arka Jain University, Jamshedpur",EXACT,False
"Amity University, Ranchi",Jharkhand,Arts,"71,000",--,7.8,8.2,7.5,8.5,7.2,7,8.2,"Amity University, Ranchi",EXACT,False
Usha Martin University,Jharkhand,Arts,"1,06,000","33,000",7.6,8.5,6.5,8.8,6.8,7.9,7.1,Usha Martin University,EXACT,False
"ICFAI University, Ranchi",Jharkhand,Arts,"40,000",--,7.2,7.8,6.1,8.6,6.4,6.7,7.4,"ICFAI University, Ranchi",EXACT,False
Sarala Birla University,Jharkhand,Arts,"47,300","40,800",8.5,8.6,8.3,8.4,8.8,8.4,8.2,Sarala Birla University,EXACT,False
Capital University,Jharkhand,Arts,"1,10,000",--,8.2,8.3,8.1,8,8.3,8.1,8.1,Capital University,EXACT,False
Ramchandra Chandravansi University,Jharkhand,Arts,"25,000",--,5.7,7,--,--,6,4,--,Ramchandra Chandravansi University,EXACT,False
"Coxtan Administrative & Management College, Dhanbad",Jharkhand,Arts,"12,000","18,000",--,--,--,--,--,--,--,Coxtan Administrative & Management College,EXACT,False
"Annada College, Hazaribagh",Jharkhand,Arts,"4,720",--,6.9,8.1,5.3,7.4,7.3,6.2,7.2,"Annada College, Hazaribagh",EXACT,False
"B.S.K. College, Barharwa, Sahibganj",Jharkhand,Arts,--,--,6.8,8.2,5.8,8.3,7,4.2,7.5,"B.S.K. College, Barharwa, Sahibganj",EXACT,False
"Chatra College, Chatra",Jharkhand,Arts,--,--,5,2,6,6,2,8,6,"Chatra College, Chatra",EXACT,False
"Gossner College, Ranchi",Jharkhand,Arts,"8,450","30,420",7.2,7.8,6.3,8.2,7.6,5.8,7.4,"Gossner College, Ranchi",EXACT,False
Jagannath Jain College,Jharkhand,Arts,568,--,7.6,8.8,6.4,8.8,8.6,4.8,8.4,Jagannath Jain College,EXACT,False
"Jamshedpur Women's College, Jamshedpur",Jharkhand,Arts,"2,680","4,450",7.4,7.8,7.4,7.6,7.3,7.2,6.9,"Jamshedpur Women's College, Jamshedpur",EXACT,False
Indian Institute of Technology,Himachal Pradesh,Arts,"23,500","23,500",7.8,7.8,8,7.7,7.5,7.5,8.1,IIT,EXACT,False
"Faculty of Management Sciences and Liberal Arts,",Himachal Pradesh,Arts,"1,11,100","1,51,500",8.9,8.4,8.3,9.3,8.9,9,9.5,Faculty of Management Sciences and Liberal Arts,EXACT,False
"St Bede's College, Shimla",Himachal Pradesh,Arts,"25,350","34,450",7.9,8.3,8.3,7.7,8.5,7.1,7.6,"St Bede's College, Shimla",EXACT,False
Indus International University,Himachal Pradesh,Arts,"42,000","38,000",6.8,8,7,7,6,7,6,Indus International University,EXACT,False
Jaypee University of Information Technology,Himachal Pradesh,Arts,"50,000",--,7.9,8,8.4,7,8.7,7.9,7.6,Jaypee University of Information Technology,EXACT,False
"Shoolini University, Solan",Himachal Pradesh,Arts,"1,11,100","94,556",8.3,8.4,7.6,8.4,8.6,8.3,8.7,"Shoolini University, Solan",EXACT,False
Eternal University,Himachal Pradesh,Arts,"73,000","40,000",7.5,7.4,7.1,7.8,8.2,7.1,7.4,Eternal University,EXACT,False
Abhilashi University,Himachal Pradesh,Arts,"60,000","40,000",8.4,8.9,8.3,8.4,8.6,8.1,8.1,Abhilashi University,EXACT,False
IEC University Baddi,Himachal Pradesh,Arts,"28,600","33,600",7.6,7.5,7.5,7.4,7.7,8,7.5,IEC University Baddi,EXACT,False
Career Point University,Himachal Pradesh,Arts,"65,000","20,000",7.5,7.5,7.4,7,7.6,6.6,8.6,Career Point University,EXACT,False
Sri Sai University,Himachal Pradesh,Arts,"35,000","10,000",7.4,7.3,6.3,8.2,7.7,6.8,8,Sri Sai University,EXACT,False
"Arni University, Kangra",Himachal Pradesh,Arts,"25,000","20,000",8,8.2,7.4,8.1,8.4,7.7,8.4,"Arni University, Kangra",EXACT,False
Bahra University,Himachal Pradesh,Arts,"60,000",--,7.6,7.8,7.5,8,7.7,7,7.6,Bahra University,EXACT,False
"AP Goyal Shimla University, Shimla",Himachal Pradesh,Arts,"60,000",--,7.4,7,6.8,7.7,8,7.5,7.3,"AP Goyal Shimla University, Shimla",EXACT,False
Maharaja Agrasen University,Himachal Pradesh,Arts,--,--,7.5,7.7,7.5,7.6,8.7,7,6.2,Maharaja Agrasen University,EXACT,False
Manav Bharti University,Himachal Pradesh,Arts,"25,000","36,000",6.2,5.3,4.7,6.7,7,6.3,7,Manav Bharti University,EXACT,False
"Akal College of Economics, Commerce and Management,",Himachal Pradesh,Arts,"73,000",--,--,--,--,--,--,--,--,Akal College of Economics,EXACT,False
Baba Balak Nath Post Graduate College,Himachal Pradesh,Arts,"2,955",--,8,--,--,--,--,--,--,Baba Balak Nath Post Graduate College,EXACT,False
"GGDSD College, Palampur",Himachal Pradesh,Arts,"15,190",--,--,--,--,--,--,--,--,"GGDSD College, Palampur",EXACT,False
"Government Post Graduate College, Una",Himachal Pradesh,Arts,"4,219",--,8.6,9,8.3,8.3,9.5,7.5,8.7,"Government Post Graduate College, Una",EXACT,False
"Lal Bahadur Shastri Government Degree College, Shimla",Himachal Pradesh,Arts,--,--,--,--,--,--,--,--,--,Lal Bahadur Shastri Government Degree College,EXACT,False
"MP Govt College, Una",Himachal Pradesh,Arts,"3,125",--,4.5,5,3,7,5,3,4,"MP Govt College, Una",EXACT,False
"Pandit Sant Ram Government College, Kangra",Himachal Pradesh,Arts,"2,144",--,7.8,9,7,9,7.7,5.3,8.5,Pandit Sant Ram Government College,EXACT,False
"Vallabh Government College, Mandi",Himachal Pradesh,Arts,"2,160",--,7,8.4,6.7,8.1,6.9,3.8,8,"Vallabh Government College, Mandi",EXACT,False
Deer Park Institute,Himachal Pradesh,Arts,--,--,9.2,9,9,--,--,--,--,Deer Park Institute,EXACT,False
"KLB DAV College for Girls, Kangra",Himachal Pradesh,Arts,--,--,--,--,--,--,--,--,--,"KLB DAV College for Girls, Kangra",EXACT,False
Himachal Pradesh University,Himachal Pradesh,Arts,"5,800","6,480",7.2,7.7,6.7,7.7,7.3,6.1,7.7,Himachal Pradesh University,EXACT,False
Swami Vivekanand Government College,Himachal Pradesh,Arts,"2,434",--,8.1,8.7,8,9.5,8.3,5,9,Swami Vivekanand Government College,EXACT,False
"Government College, Kangra",Himachal Pradesh,Arts,"2,850",--,7.2,7.8,6.8,8,7.4,5.5,7.5,"Government College, Kangra",EXACT,False
"Government Post Graduate College, Chamba",Himachal Pradesh,Arts,"1,576","1,586",5.8,7.6,4.8,7.3,7,4,4.3,"Government Post Graduate College, Chamba",EXACT,False
"Government Degree College, Srinagar",Jammu & Kashmir,Arts,--,--,7.1,7.7,6.9,7.6,7,5.7,7.8,"Government Degree College, Srinagar",EXACT,False
Shri Mata Vaishno Devi University,Jammu & Kashmir,Arts,"81,750","92,750",7.6,7.5,7.9,7,8.3,6.7,8.3,Shri Mata Vaishno Devi University,EXACT,False
Central Institute of Temperate Horticultural,Jammu & Kashmir,Arts,--,--,--,--,--,--,--,--,--,Central Institute of Temperate Horticultural,EXACT,False
"University of Jammu, Jammu",Jammu & Kashmir,Arts,--,--,6.6,7.5,6.8,7.4,7.6,4.9,5.6,"University of Jammu, Jammu",EXACT,False
Indian Institute of Technology,Jammu & Kashmir,Arts,"40,750",--,8.3,8.9,8.8,8,7.8,7.6,8.6,IIT,EXACT,False
Islamic University of Science and Technology,Jammu & Kashmir,Arts,"52,200","36,200",7.4,8.4,6.9,8.2,8,5.5,7.2,Islamic University of Science and Technology,EXACT,False
"Amar Singh Government Degree College, Srinagar",Jammu & Kashmir,Arts,--,--,7.1,8.2,6.2,8.6,7.6,5.2,6.9,Amar Singh Government Degree College,EXACT,False
Government College for Women,Jammu & Kashmir,Arts,"28,560",--,7.5,8.6,7.8,8.4,8.2,3.7,8.1,Government College for Women,EXACT,False
"Government College for Women, Srinagar",Jammu & Kashmir,Arts,"4,382",--,6.8,7,7,7,8,3.5,8.5,"Government College for Women, Srinagar",EXACT,False
"Government Degree College, Jammu",Jammu & Kashmir,Arts,"7,290",--,7,8,6.3,7.8,8,4.1,7.8,"Government Degree College, Jammu",EXACT,False
"Government Degree College for Boys, Anantnag",Jammu & Kashmir,Arts,--,--,6.1,6.9,5.1,6.6,6.9,4.6,6.2,Government Degree College for Boys,EXACT,False
"Government Degree College for Boys, Udhampur",Jammu & Kashmir,Arts,"6,170",--,6.6,6.7,5.7,7,6.7,5.3,8,Government Degree College for Boys,EXACT,False
"Government Degree College for Women, Anantnag",Jammu & Kashmir,Arts,"2,530",--,8,9,6,9,9,7,8,Government Degree College for Women,EXACT,False
"Government MAM College, Jammu",Jammu & Kashmir,Arts,"5,028",--,7.1,7.4,6.3,8.3,7,5.1,8.4,"Government MAM College, Jammu",EXACT,False
"Jamia Tul Banat Saifni, Srinagar",Jammu & Kashmir,Arts,"43,000",--,--,--,--,--,--,--,--,"Jamia Tul Banat Saifni, Srinagar",EXACT,False
"Swami Vishwatamanand Saraswati Degree College, Rajauri",Jammu & Kashmir,Arts,--,--,8.8,8,9,9,9,9,9,Swami Vishwatamanand Saraswati Degree College,EXACT,False
"Government Degree College, Doda",Jammu & Kashmir,Arts,--,--,6.7,--,--,--,--,--,--,"Government Degree College, Doda",EXACT,False
"Government Degree College, Kathua",Jammu & Kashmir,Arts,--,--,6.3,7,6.1,7.3,6.4,4.9,6.3,"Government Degree College, Kathua",EXACT,False
"Baba Farid College of Education, Kathua",Jammu & Kashmir,Arts,"36,500","31,300",--,--,--,--,--,--,--,"Baba Farid College of Education, Kathua",EXACT,False
Bhargava Degree College,Jammu & Kashmir,Arts,--,--,--,--,--,--,--,--,--,Bhargava Degree College,EXACT,False
Baba Ghulam Shah Badshah University,Jammu & Kashmir,Arts,"67,500","1,08,750",7.2,7.9,7.6,7.4,7.1,5.9,7.1,Baba Ghulam Shah Badshah University,EXACT,False
"Central University of Jammu, Jammu",Jammu & Kashmir,Arts,"26,050","11,715",8.2,8.4,7.8,8.5,8.6,7.3,8.5,"Central University of Jammu, Jammu",EXACT,False
Central University of Kashmir,Jammu & Kashmir,Arts,"3,000","12,900",7.8,8.2,7.8,8.4,7.2,7.4,7.6,Central University of Kashmir,EXACT,False
University of Kashmir,Jammu & Kashmir,Arts,"9,350","4,750",6.7,7,6.9,7.1,7.2,5.1,6.8,University of Kashmir,EXACT,False
"Govt. Gandhi Memorial Science College, Jammu",Jammu & Kashmir,Arts,--,--,6.7,7.3,6.1,7.9,6.8,4.2,7.6,Govt. Gandhi Memorial Science College,EXACT,False
"Gandhi Memorial College, Srinagar",Jammu & Kashmir,Arts,--,--,5.6,6.7,4.4,7.9,5.7,3.3,5.6,"Gandhi Memorial College, Srinagar",EXACT,False
"Government Degree College, Baramulla",Jammu & Kashmir,Arts,"2,644",--,7.4,8.2,6.4,8.4,8,6.3,7.3,"Government Degree College, Baramulla",EXACT,False
Government Degree College,Jammu & Kashmir,Arts,--,--,7.2,8.4,5.4,8.4,8.4,4.7,7.9,Government Degree College,EXACT,False
Government Degree College Pulwama,Jammu & Kashmir,Arts,"2,450",--,6.8,6.5,6,8,6.5,6.6,7.4,Government Degree College Pulwama,EXACT,False
"Islamia College of Science and Commerce, Srinagar",Jammu & Kashmir,Arts,"12,185",--,7.3,8.1,7.2,7.8,7.7,5.7,7.5,Islamia College of Science and Commerce,EXACT,False
Mehr Chand Mahajan Dayanand Anglo Vedic College,Chandigarh,Arts,"20,040","20,060",8.2,8.4,8,8.5,8.2,7.6,8.4,Mehr Chand Mahajan Dayanand Anglo Vedic College,EXACT,False
DAV College,Chandigarh,Arts,"37,430","20,250",8,8.4,7.4,8.3,8,6.8,8.8,DAV College,EXACT,False
"Post Graduate Government College for Girls, Chandigarh",Chandigarh,Arts,"16,670","22,000",8.1,8.6,8.4,8.9,8.2,6.1,8.5,Post Graduate Government College for Girls,EXACT,False
"Post Graduate Government College, Chandigarh",Chandigarh,Arts,"16,670","18,400",7.7,8.4,7.3,8.4,7.4,6.5,7.9,Post Graduate Government College,EXACT,False
Panjab University,Chandigarh,Arts,"8,100","8,100",7.7,8.2,7.7,8,7.7,6.5,8.2,Panjab University,EXACT,False
"Government Home Science College, Chandigarh",Chandigarh,Arts,"27,731",--,9.1,8.7,9.3,9.3,8.7,8.7,9.7,Government Home Science College,EXACT,False
"University School of Business, Chandigarh University",Chandigarh,Arts,"70,000",--,9.1,9.1,8.8,9.1,9.2,9.3,8.9,University School of Business,EXACT,False
Goswami Ganesh Dutt Sanatan Dharama College,Chandigarh,Arts,"23,500",--,8.1,8.6,7.6,8.5,8.1,7.1,8.8,Goswami Ganesh Dutt Sanatan Dharama College,EXACT,False
"Guru Gobind Singh College for Women, Chandigarh",Chandigarh,Arts,"37,396","12,787",6.5,7.5,5.5,8.3,6,3.7,8,Guru Gobind Singh College for Women,EXACT,False
"Dev Samaj College for Women, Chandigarh",Chandigarh,Arts,"17,350","19,880",8.3,8.3,8.7,9.4,8.3,6.5,8.4,"Dev Samaj College for Women, Chandigarh",EXACT,False
Indian National Portage Association,Chandigarh,Arts,"6,000","2,000",--,--,--,--,--,--,--,Indian National Portage Association,EXACT,False
Regional Institute of English,Chandigarh,Arts,"20,267","1,450",8.7,9,9,--,--,--,--,Regional Institute of English,EXACT,False
"Pracheen Kala Kendra, Chandigarh",Chandigarh,Arts,--,--,9.1,9.7,9,9.3,9.3,8.4,8.8,"Pracheen Kala Kendra, Chandigarh",EXACT,False
"Institute of Fine Arts, Chandigarh",Chandigarh,Arts,"62,000","72,000",8,8.3,7.7,8.7,8,6,9,"Institute of Fine Arts, Chandigarh",EXACT,False
"Dev Samaj College of Education, Chandigarh",Chandigarh,Arts,--,--,8.9,9,8,9.5,8.5,9,9.5,Dev Samaj College of Education,EXACT,False
Swami Vivekanand College of Education,Chandigarh,Arts,"24,000",--,9.3,--,--,--,--,--,--,Swami Vivekanand College of Education,EXACT,False
"Artex Informatic Solutions, Chandigarh",Chandigarh,Arts,--,--,--,--,--,--,--,--,--,"Artex Informatic Solutions, Chandigarh",EXACT,False
Sri Guru Gobind Singh College,Chandigarh,Arts,"20,425","20,250",7.9,8.3,7.5,8.6,7.5,6.8,8.4,Sri Guru Gobind Singh College,EXACT,False
"PG Government College for Girls, Chandigarh",Chandigarh,Arts,"21,985","20,250",8.1,7.7,7.4,8.9,8.3,8.2,8,PG Government College for Girls,EXACT,False
Indian Institute of Fashion & Design,Chandigarh,Arts,"1,44,000",--,8.4,8,8.4,8.7,8.3,8.6,8.4,Indian Institute of Fashion & Design,EXACT,False
"University School of Open Learning, Panjab University",Chandigarh,Arts,"16,190","17,450",7.8,8.6,6.5,8.6,7.9,7.2,8.2,University School of Open Learning,EXACT,False
"Institute of Distance & Online Learning, Chandigarh",Chandigarh,Arts,"19,600","22,400",--,--,--,--,--,--,--,Institute of Distance & Online Learning,EXACT,False
"Government College of Arts, Chandigarh",Chandigarh,Arts,"7,130","9,780",7.7,--,--,7,--,6,--,"Government College of Arts, Chandigarh",EXACT,False
Government Polytechnic for Women,Chandigarh,Arts,"7,225",--,--,--,--,--,--,--,--,Government Polytechnic for Women,EXACT,False
Swami Vivekanand College of Management and Technology,Chandigarh,Arts,"10,000",--,8.3,9,8,--,8,8,--,Swami Vivekanand College of Management and Technology,EXACT,False
Swami Vivekanand Group Of Institutes,Chandigarh,Arts,"30,000","30,000",8.5,9,7.8,--,9,8.1,--,Swami Vivekanand Group Of Institutes,EXACT,False
Institute of Hotel Management Catering Technology and,Assam,Hotel-management,"1,10,250",--,8,8.1,7.6,8.5,8,8.5,7.4,Institute of Hotel Management Catering Technology and,EXACT,False
Royal Global University,Assam,Hotel-management,"90,000","67,000",7.6,7.8,6.6,8,9,6.5,7.7,Royal Global University,EXACT,False
Assam Down Town University,Assam,Hotel-management,"1,00,000","90,000",8.2,8.4,7.6,8.4,8.2,7.8,8.6,Assam Down Town University,EXACT,False
"Jagiroad College, Marigaon",Assam,Hotel-management,--,--,8,8.4,7.9,8.2,8.1,6.9,8.2,"Jagiroad College, Marigaon",EXACT,False
"Sibsagar Commerce College, Sibsagar",Assam,Hotel-management,500,--,7.1,7.5,5.5,8,7.5,6.5,7.3,"Sibsagar Commerce College, Sibsagar",EXACT,False
Third Eye College,Assam,Hotel-management,--,--,7.4,9,4,9,9,6,7.5,Third Eye College,EXACT,False
AIHM Institute of tourism and hotel management,Assam,Hotel-management,"30,000",--,--,--,--,--,--,--,--,AIHM Institute of tourism and hotel management,EXACT,False
Furkating College,Assam,Hotel-management,--,--,--,--,--,--,--,--,--,Furkating College,EXACT,False
Institute of Advanced Management,Assam,Hotel-management,"1,30,000","70,000",--,--,--,--,--,--,--,Institute of Advanced Management,EXACT,False
"Jettwings Group of Institutes, Guwahati",Assam,Hotel-management,"1,01,000","1,76,000",--,--,--,--,--,--,--,"Jettwings Group of Institutes, Guwahati",EXACT,False
"CEC, Guwahati",Assam,Hotel-management,"15,000",--,--,--,--,--,--,--,--,"CEC, Guwahati",EXACT,False
Institute of Hotel Management,Bihar,Hotel-management,"46,040","17,960",8.8,9.4,7.8,8.7,8.8,9.1,8.7,Institute of Hotel Management,EXACT,False
"Admerit College, Patna",Bihar,Hotel-management,"21,000",--,7.7,9,5.7,9.3,7.3,8.3,6.3,"Admerit College, Patna",EXACT,False
"Patliputra University, Patna",Bihar,Hotel-management,--,--,7.7,7.8,7.4,8.3,7.7,7,7.7,"Patliputra University, Patna",EXACT,False
Institute of Hotel Management,Bihar,Hotel-management,"1,09,950","45,000",--,--,--,--,--,--,--,Institute of Hotel Management,EXACT,False
"K.K. University, Nalanda",Bihar,Hotel-management,--,--,8.6,7,--,--,--,--,--,"K.K. University, Nalanda",EXACT,False
"Dr. Zakir Husain Institute, Patna",Bihar,Hotel-management,"41,500",--,--,--,--,--,--,--,--,"Dr. Zakir Husain Institute, Patna",EXACT,False
"Patna Institute of Nursing and Paramedical Science,",Bihar,Hotel-management,--,--,--,--,--,--,--,--,--,Patna Institute of Nursing and Paramedical Science,EXACT,False
Shri Rawatpura Sarkar University,Chhattisgarh,Hotel-management,"30,700","50,000",8.5,9,8,8.5,8.5,8.5,8.5,Shri Rawatpura Sarkar University,EXACT,False
Maharishi University of Management and Technology Bilaspur,Chhattisgarh,Hotel-management,"20,000",--,6.4,7.5,7,6,7.5,5.3,5,Maharishi University of Management and Technology Bilaspur,EXACT,False
"Government DB Girl's Post Graduate College, Raipur",Chhattisgarh,Hotel-management,"1,630",--,3.9,6,--,4,4,2.5,3,Government DB Girl's Post Graduate College,EXACT,False
"Korba Computer College, Korba",Chhattisgarh,Hotel-management,--,--,--,--,--,--,--,--,--,"Korba Computer College, Korba",EXACT,False
"Bilaspur University- [BU], Bilaspur",Chhattisgarh,Hotel-management,"33,410",--,6.9,7.5,5.6,7.7,6.8,6.5,7.5,"Bilaspur University- [BU], Bilaspur",EXACT,False
Birla Institute of Technology,Jharkhand,Hotel-management,"1,88,000",--,8.1,8.3,7.6,7.9,8.3,8.1,8.4,Birla Institute of Technology,EXACT,False
YBN University,Jharkhand,Hotel-management,"49,600","36,600",8.2,8.5,7.5,8.5,8,8.3,8.4,YBN University,EXACT,False
"RKDF University, Ranchi",Jharkhand,Hotel-management,"1,00,000","20,000",--,--,--,--,--,--,--,"RKDF University, Ranchi",EXACT,False
Radha Govind University,Jharkhand,Hotel-management,"63,000",--,8.6,8.9,8,8.7,8.9,8.4,8.5,Radha Govind University,EXACT,False
"Institute of Management Studies, Ranchi University",Jharkhand,Hotel-management,"60,000",--,8.1,8.6,6.8,8.6,7.8,8,8.8,Institute of Management Studies,EXACT,False
Institute of Science and Management,Jharkhand,Hotel-management,"2,80,000",--,8.5,8.8,7.5,8.8,9.2,8.2,8.5,Institute of Science and Management,EXACT,False
Capital University,Jharkhand,Hotel-management,--,--,8.2,8.3,8.1,8,8.3,8.1,8.1,Capital University,EXACT,False
Institute of Hotel Management,Jharkhand,Hotel-management,"1,12,500","44,000",--,--,--,--,--,--,--,Institute of Hotel Management,EXACT,False
"NIPS School of Hotel Management, Ranchi",Jharkhand,Hotel-management,--,--,--,--,--,--,--,--,--,"NIPS School of Hotel Management, Ranchi",EXACT,False
Institute of Hotel Management Catering and Nutrition,Himachal Pradesh,Hotel-management,"36,650","1,06,900",8.2,8.4,7.6,8.7,8.3,8.5,7.9,Institute of Hotel Management Catering and Nutrition,EXACT,False
Heritage Institute of Hotel and Tourism,Himachal Pradesh,Hotel-management,"3,30,000","90,000",8.8,8.7,9.3,9,8,9,9,Heritage Institute of Hotel and Tourism,EXACT,False
"Faculty of Management Sciences and Liberal Arts,",Himachal Pradesh,Hotel-management,"1,57,460",--,8.9,8.4,8.3,9.3,8.9,9,9.5,Faculty of Management Sciences and Liberal Arts,EXACT,False
Indus International University,Himachal Pradesh,Hotel-management,"90,000",--,6.8,8,7,7,6,7,6,Indus International University,EXACT,False
Chaudhary Sarwan Kumar Himachal Pradesh Krishi Vishvavidyalaya,Himachal Pradesh,Hotel-management,"66,376",--,8.7,9.2,8.4,8.7,8.8,8.4,8.7,Chaudhary Sarwan Kumar Himachal Pradesh Krishi Vishvavidyalaya,EXACT,False
"Shoolini University, Solan",Himachal Pradesh,Hotel-management,"1,57,460",--,8.3,8.4,7.6,8.4,8.6,8.3,8.7,"Shoolini University, Solan",EXACT,False
Maharishi Markandeshwar,Himachal Pradesh,Hotel-management,"85,500","43,500",8.6,9,8.2,8.9,8.2,8.4,8.9,Maharishi Markandeshwar,EXACT,False
Baddi University of Emerging Sciences and Technologies,Himachal Pradesh,Hotel-management,"60,847",--,7.1,6.7,6.9,7.2,7.3,7,7.7,Baddi University of Emerging Sciences and Technologies,EXACT,False
IEC University Baddi,Himachal Pradesh,Hotel-management,"43,600","43,600",7.6,7.5,7.5,7.4,7.7,8,7.5,IEC University Baddi,EXACT,False
Career Point University,Himachal Pradesh,Hotel-management,"41,000","63,000",7.5,7.5,7.4,7,7.6,6.6,8.6,Career Point University,EXACT,False
Sri Sai University,Himachal Pradesh,Hotel-management,"60,000",--,7.4,7.3,6.3,8.2,7.7,6.8,8,Sri Sai University,EXACT,False
"Arni University, Kangra",Himachal Pradesh,Hotel-management,"65,000",--,8,8.2,7.4,8.1,8.4,7.7,8.4,"Arni University, Kangra",EXACT,False
Bahra University,Himachal Pradesh,Hotel-management,"69,650",--,7.6,7.8,7.5,8,7.7,7,7.6,Bahra University,EXACT,False
Maharaja Agrasen University,Himachal Pradesh,Hotel-management,"70,000","35,000",7.5,7.7,7.5,7.6,8.7,7,6.2,Maharaja Agrasen University,EXACT,False
Himachal Institute of Engineering and Technology,Himachal Pradesh,Hotel-management,"67,500",--,7.5,8.7,6.2,7.8,7.4,6.6,8,Himachal Institute of Engineering and Technology,EXACT,False
"Chitkara University, Solan",Himachal Pradesh,Hotel-management,"1,10,000",--,8.2,8.2,7.5,8.2,8.4,8.8,8.3,"Chitkara University, Solan",EXACT,False
"Bells Institute of Management & Technology, Shimla",Himachal Pradesh,Hotel-management,"60,000",--,6.8,8,8,6,8,4,7,Bells Institute of Management & Technology,EXACT,False
Arni School of Hospitality and Tourism Management,Himachal Pradesh,Hotel-management,"62,000",--,--,--,--,--,--,--,--,Arni School of Hospitality and Tourism Management,EXACT,False
College of Basic Sciences,Himachal Pradesh,Hotel-management,"53,676",--,--,--,--,--,--,--,--,College of Basic Sciences,EXACT,False
State Institute of Hotel Management Catering Technology,Himachal Pradesh,Hotel-management,"1,06,900",--,9.1,--,--,--,--,--,--,State Institute of Hotel Management Catering Technology,EXACT,False
Himachal Pradesh Technical University,Himachal Pradesh,Hotel-management,--,--,8.2,8.3,7.5,8.5,8.4,8.1,8.4,Himachal Pradesh Technical University,EXACT,False
Himachal Pradesh University,Himachal Pradesh,Hotel-management,--,--,7.2,7.7,6.7,7.7,7.3,6.1,7.7,Himachal Pradesh University,EXACT,False
"SHEDS College of Hospitality Management, Solan",Himachal Pradesh,Hotel-management,--,--,--,--,--,--,--,--,--,SHEDS College of Hospitality Management,EXACT,False
"KC Group of Institutions, Una",Himachal Pradesh,Hotel-management,--,--,--,--,--,--,--,--,--,"KC Group of Institutions, Una",EXACT,False
Institute of Hotel Management Catering Technology and,Jammu & Kashmir,Hotel-management,"1,06,900",--,7.2,7,8,7.8,8,7,5.3,Institute of Hotel Management Catering Technology and,EXACT,False
"Government College for Women, Srinagar",Jammu & Kashmir,Hotel-management,"5,000",--,6.8,7,7,7,8,3.5,8.5,"Government College for Women, Srinagar",EXACT,False
Baba Ghulam Shah Badshah University,Jammu & Kashmir,Hotel-management,"12,000",--,7.2,7.9,7.6,7.4,7.1,5.9,7.1,Baba Ghulam Shah Badshah University,EXACT,False
Central University of Kashmir,Jammu & Kashmir,Hotel-management,"30,000",--,7.8,8.2,7.8,8.4,7.2,7.4,7.6,Central University of Kashmir,EXACT,False
Dr.Ambedkar Institute of Hotel Management Catering and,Chandigarh,Hotel-management,"1,22,460","29,770",8.4,8.8,7.7,8.8,8.4,8.7,7.7,Dr.Ambedkar Institute of Hotel Management Catering and,EXACT,False
Chandigarh Institute of Hotel Management and Catering,Chandigarh,Hotel-management,"3,00,000","29,900",8.3,8.8,8.3,7.9,8.9,8.7,7,Chandigarh Institute of Hotel Management and Catering,EXACT,False
"Chitkara School of Hospitality -[CSH], Chandigarh",Chandigarh,Hotel-management,"1,07,020",--,8.4,8.7,7,9,8.3,8.7,8.5,Chitkara School of Hospitality -[CSH],EXACT,False
Hotel & Catering Management Institute,Chandigarh,Hotel-management,"94,000","94,000",--,--,--,--,--,--,--,Hotel & Catering Management Institute,EXACT,False
Panjab University,Chandigarh,Hotel-management,--,--,7.7,8.2,7.7,8,7.7,6.5,8.2,Panjab University,EXACT,False
"IITT Institutions, Chandigarh",Chandigarh,Hotel-management,"50,850","50,000",--,--,--,--,--,--,--,"IITT Institutions, Chandigarh",EXACT,False
Indira Gandhi Institute of Aeronautics,Chandigarh,Hotel-management,--,--,8.8,--,--,--,--,--,--,Indira Gandhi Institute of Aeronautics,EXACT,False
"UEI Global, Chandigarh",Chandigarh,Hotel-management,"3,26,000","1,48,000",8.3,8.2,8.3,8.3,8.5,8.5,8.2,"UEI Global, Chandigarh",EXACT,False
Swami Vivekanand Group Of Institutes,Chandigarh,Hotel-management,"50,000",--,8.5,9,7.8,--,9,8.1,--,Swami Vivekanand Group Of Institutes,EXACT,False
Assam Agricultural University,Assam,Agriculture,"13,150","19,590",8.1,8.3,7.6,8.3,8.5,7.6,8.2,Assam Agricultural University,EXACT,False
"Dibrugarh University, Dibrugarh",Assam,Agriculture,"32,380",--,7.8,7.9,7.7,8,8.4,6.5,8.2,"Dibrugarh University, Dibrugarh",EXACT,False
Institute of Hotel Management Catering Technology and,Assam,Agriculture,--,--,8,8.1,7.6,8.5,8,8.5,7.4,Institute of Hotel Management Catering Technology and,EXACT,False
Tezpur University,Assam,Agriculture,"32,377",--,8,8.2,8,7.9,8.8,6.7,8.5,Tezpur University,EXACT,False
Royal Global University,Assam,Agriculture,"47,000",--,7.6,7.8,6.6,8,9,6.5,7.7,Royal Global University,EXACT,False
Gauhati University,Assam,Agriculture,"63,000",--,8.2,8.4,7.5,8.7,8.4,7.2,8.7,Gauhati University,EXACT,False
Central Institute of Technology,Assam,Agriculture,"70,200",--,7,7.4,5.5,7.7,8.2,5.3,8,Central Institute of Technology,EXACT,False
"Bahona College, Jorhat",Assam,Agriculture,--,--,8.3,8.7,8,8.7,8.3,8.3,7.7,"Bahona College, Jorhat",EXACT,False
"Birjhora Kanya Mahavidyalaya, Bongaigaon",Assam,Agriculture,--,--,--,--,--,--,--,--,--,"Birjhora Kanya Mahavidyalaya, Bongaigaon",EXACT,False
"Madhab Choudhury College, Barpeta",Assam,Agriculture,"1,500",--,9.2,9.5,9,9.5,9,9,9,"Madhab Choudhury College, Barpeta",EXACT,False
Tyagbir Hem Baruah College,Assam,Agriculture,--,--,--,--,--,--,--,--,--,Tyagbir Hem Baruah College,EXACT,False
Krishna Kanta Handiqui State Open University,Assam,Agriculture,"4,535",--,7.6,8.2,7.2,8.6,7.4,6.8,7.6,Krishna Kanta Handiqui State Open University,EXACT,False
"Cotton University, Guwahati",Assam,Agriculture,"7,450","35,220",7.7,8.4,7.1,8.3,7.6,6.1,8.5,"Cotton University, Guwahati",EXACT,False
"Pub Kamrup College, Kamrup",Assam,Agriculture,--,--,7.4,8,6.3,8.2,8.5,5.4,8,"Pub Kamrup College, Kamrup",EXACT,False
"North Lakhimpur College, Lakhimpur",Assam,Agriculture,--,--,7,7.7,6.5,7.3,7.6,5.4,7.4,"North Lakhimpur College, Lakhimpur",EXACT,False
"Dr. Rajendra Prasad Central Agricultural University, Samastipur",Bihar,Agriculture,"29,100","23,440",7.1,7.5,7.1,7.6,7.6,6.3,6.4,Dr. Rajendra Prasad Central Agricultural University,EXACT,False
Bihar Agricultural University,Bihar,Agriculture,"13,000","11,620",8.3,8.5,7.8,8.6,8.4,8.2,8.4,Bihar Agricultural University,EXACT,False
"Tirhut College of Agriculture, Muzaffarpur",Bihar,Agriculture,"25,010",--,5.6,7,6,5.7,4.7,5.7,4.3,Tirhut College of Agriculture,EXACT,False
Aryabhatta Knowledge University,Bihar,Agriculture,--,--,8,8.7,7.1,8.1,8.3,7.6,8.1,Aryabhatta Knowledge University,EXACT,False
"Sandip University, Madhuban",Bihar,Agriculture,"1,30,000",--,8.4,8.2,9,8.6,7.6,8.2,8.5,"Sandip University, Madhuban",EXACT,False
Patna University,Bihar,Agriculture,"15,000",--,7,7.6,6.2,8.2,7.3,5.1,7.4,Patna University,EXACT,False
Gopal Narayan Singh University,Bihar,Agriculture,"1,00,000","80,000",8.5,8.6,8.6,8.2,8.9,8.1,8.4,Gopal Narayan Singh University,EXACT,False
Nalanda Open University,Bihar,Agriculture,"1,650",--,7.3,9,5.8,8.3,7.2,5.4,7.8,Nalanda Open University,EXACT,False
Dr. C.V. Raman University,Bihar,Agriculture,"60,000","25,000",--,--,--,--,--,--,--,Dr. C.V. Raman University,EXACT,False
"H.D. Jain College, Arrah",Bihar,Agriculture,"1,000",--,7,8.1,5.7,7.7,6.7,6.4,7.1,"H.D. Jain College, Arrah",EXACT,False
"M.V. College, Buxar",Bihar,Agriculture,"1,000",--,6.5,6.3,4.8,7.9,6.8,5.5,7.7,"M.V. College, Buxar",EXACT,False
"Bihar Veterinary College, Patna",Bihar,Agriculture,--,--,7,8,9,8,7,5,5,"Bihar Veterinary College, Patna",EXACT,False
National Research Centre for Litchi,Bihar,Agriculture,--,--,--,--,--,--,--,--,--,National Research Centre for Litchi,EXACT,False
BR Ambedkar Bihar University,Bihar,Agriculture,--,--,7.7,7.9,7.5,8.1,7.6,7.2,8.1,BR Ambedkar Bihar University,EXACT,False
"College of Basic Sciences & Humanities, Pusa",Bihar,Agriculture,--,--,8.1,8.4,8.1,9,8.1,6.3,8.4,College of Basic Sciences & Humanities,EXACT,False
"Patliputra University, Patna",Bihar,Agriculture,--,--,7.7,7.8,7.4,8.3,7.7,7,7.7,"Patliputra University, Patna",EXACT,False
"K.K. University, Nalanda",Bihar,Agriculture,--,--,8.6,7,--,--,--,--,--,"K.K. University, Nalanda",EXACT,False
"Purnea University, Purnahiya",Bihar,Agriculture,--,--,--,--,--,--,--,--,--,"Purnea University, Purnahiya",EXACT,False
Indira Gandhi Krishi Vishwavidyalaya,Chhattisgarh,Agriculture,"19,160","27,406",7.5,7.6,7.3,8.3,7.1,6.8,7.6,Indira Gandhi Krishi Vishwavidyalaya,EXACT,False
"Bhartiya College of Agriculture and Agricultural Engineering,",Chhattisgarh,Agriculture,--,--,--,--,--,--,--,--,--,Bhartiya College of Agriculture and Agricultural Engineering,EXACT,False
Shaheed Gundadhur College of Agriculture and Research,Chhattisgarh,Agriculture,--,--,--,--,--,--,--,--,--,Shaheed Gundadhur College of Agriculture and Research,EXACT,False
"RMD College of Agriculture and Research Station,",Chhattisgarh,Agriculture,"5,000",--,--,--,--,--,--,--,--,RMD College of Agriculture and Research Station,EXACT,False
Chhattisgarh Kamdhenu Vishwavidyalaya,Chhattisgarh,Agriculture,"13,440",--,6.8,7,6.5,7,7,6,7,Chhattisgarh Kamdhenu Vishwavidyalaya,EXACT,False
Pt. Ravishankar Shukla University,Chhattisgarh,Agriculture,"29,150","24,200",6.1,7,4.8,6.8,6.8,4.1,6.8,Pt. Ravishankar Shukla University,EXACT,False
Shri Rawatpura Sarkar University,Chhattisgarh,Agriculture,--,--,8.5,9,8,8.5,8.5,8.5,8.5,Shri Rawatpura Sarkar University,EXACT,False
"Bastar University, Bastar",Chhattisgarh,Agriculture,"3,585",--,8,8,7.5,8.7,7.5,8.1,8.4,"Bastar University, Bastar",EXACT,False
Birsa Agricultural University,Jharkhand,Agriculture,"13,500","15,500",7.3,7.6,8.3,7.2,7.6,5,8.3,Birsa Agricultural University,EXACT,False
"Sai Nath University, Ranchi",Jharkhand,Agriculture,"20,000","58,000",6.8,7.4,6.7,6.8,6.9,6.9,6.3,"Sai Nath University, Ranchi",EXACT,False
YBN University,Jharkhand,Agriculture,"24,500","59,600",8.2,8.5,7.5,8.5,8,8.3,8.4,YBN University,EXACT,False
"AISECT University, Hazaribagh",Jharkhand,Agriculture,"36,000","36,000",9.9,--,--,--,--,--,--,"AISECT University, Hazaribagh",EXACT,False
"RKDF University, Ranchi",Jharkhand,Agriculture,"70,000","60,000",--,--,--,--,--,--,--,"RKDF University, Ranchi",EXACT,False
Jharkhand Rai University,Jharkhand,Agriculture,"1,28,000","1,15,000",7.7,8,7.5,8.8,7.3,6.9,7.8,Jharkhand Rai University,EXACT,False
Radha Govind University,Jharkhand,Agriculture,"60,000","50,000",8.6,8.9,8,8.7,8.9,8.4,8.5,Radha Govind University,EXACT,False
Usha Martin University,Jharkhand,Agriculture,"91,000",--,7.6,8.5,6.5,8.8,6.8,7.9,7.1,Usha Martin University,EXACT,False
Institute of Science and Management,Jharkhand,Agriculture,--,--,8.5,8.8,7.5,8.8,9.2,8.2,8.5,Institute of Science and Management,EXACT,False
Capital University,Jharkhand,Agriculture,"1,10,000",--,8.2,8.3,8.1,8,8.3,8.1,8.1,Capital University,EXACT,False
"KB Women's College, Hazaribagh",Jharkhand,Agriculture,"10,000",--,8.5,9,9,8,9,7.5,8.5,"KB Women's College, Hazaribagh",EXACT,False
"Faculty of Veterinary Science and Animal Husbandry,",Jharkhand,Agriculture,--,--,8.1,8,8,8,8.5,8,8,Faculty of Veterinary Science and Animal Husbandry,EXACT,False
"Dr. Shyama Prasad Mukherjee University, Ranchi",Jharkhand,Agriculture,"22,000",--,6.5,7.2,5.2,6.8,6.9,6,7.1,Dr. Shyama Prasad Mukherjee University,EXACT,False
"Pragyan International University, Ranchi",Jharkhand,Agriculture,--,--,--,--,--,--,--,--,--,"Pragyan International University, Ranchi",EXACT,False
Dr YS Parmar University of Horticulture and,Himachal Pradesh,Agriculture,"49,600","61,400",7.9,8.6,8.5,8.4,8.1,5.3,8.2,Dr YS Parmar University of Horticulture and,EXACT,False
Chaudhary Sarwan Kumar Himachal Pradesh Krishi Vishvavidyalaya,Himachal Pradesh,Agriculture,"26,376","48,218",8.7,9.2,8.4,8.7,8.8,8.4,8.7,Chaudhary Sarwan Kumar Himachal Pradesh Krishi Vishvavidyalaya,EXACT,False
"Shoolini University, Solan",Himachal Pradesh,Agriculture,"1,13,626","1,32,310",8.3,8.4,7.6,8.4,8.6,8.3,8.7,"Shoolini University, Solan",EXACT,False
Maharishi Markandeshwar,Himachal Pradesh,Agriculture,"1,03,500","83,500",8.6,9,8.2,8.9,8.2,8.4,8.9,Maharishi Markandeshwar,EXACT,False
Eternal University,Himachal Pradesh,Agriculture,"75,000","72,500",7.5,7.4,7.1,7.8,8.2,7.1,7.4,Eternal University,EXACT,False
Abhilashi University,Himachal Pradesh,Agriculture,"70,000","80,000",8.4,8.9,8.3,8.4,8.6,8.1,8.1,Abhilashi University,EXACT,False
Baddi University of Emerging Sciences and Technologies,Himachal Pradesh,Agriculture,"1,17,274",--,7.1,6.7,6.9,7.2,7.3,7,7.7,Baddi University of Emerging Sciences and Technologies,EXACT,False
"College of Agriculture, Palampur",Himachal Pradesh,Agriculture,"42,918","48,218",7.1,8.5,8,8,7.5,4,6.5,"College of Agriculture, Palampur",EXACT,False
State Institute of Hotel Management Catering Technology,Himachal Pradesh,Agriculture,"22,300",--,9.1,--,--,--,--,--,--,State Institute of Hotel Management Catering Technology,EXACT,False
Institute of Himalayan Bioresource Technology,Himachal Pradesh,Agriculture,--,--,8.1,8.5,7.9,8.5,8,7.8,8,Institute of Himalayan Bioresource Technology,EXACT,False
Akal College of Agriculture,Himachal Pradesh,Agriculture,"75,000","65,000",--,--,--,--,--,--,--,Akal College of Agriculture,EXACT,False
Akal College of Basic Sciences,Himachal Pradesh,Agriculture,"75,000","72,500",--,--,--,--,--,--,--,Akal College of Basic Sciences,EXACT,False
Sher-e-Kashmir University of Agricultural Sciences and Technology,Jammu & Kashmir,Agriculture,"31,400","30,600",7.4,8.4,7.4,7.7,8,5.9,7.2,Sher-e-Kashmir University of Agricultural Sciences and Technology,EXACT,False
"Government Degree College for Women, Anantnag",Jammu & Kashmir,Agriculture,"3,930",--,8,9,6,9,9,7,8,Government Degree College for Women,EXACT,False
University of Kashmir,Jammu & Kashmir,Agriculture,--,--,6.7,7,6.9,7.1,7.2,5.1,6.8,University of Kashmir,EXACT,False
Sher-e-Kashmir University of Agricultural Sciences and Technology,Jammu & Kashmir,Agriculture,"40,566","34,283",7.7,8.4,7,8.4,7.4,7,7.9,Sher-e-Kashmir University of Agricultural Sciences and Technology,EXACT,False
Panjab University,Chandigarh,Agriculture,"34,923",--,7.7,8.2,7.7,8,7.7,6.5,8.2,Panjab University,EXACT,False
Swami Vivekanand Group Of Institutes,Chandigarh,Agriculture,"70,000",--,8.5,9,7.8,--,9,8.1,--,Swami Vivekanand Group Of Institutes,EXACT,False
Gauhati Medical College and Hospital,Assam,Medical,--,--,8.5,8.6,7.7,8.5,8.3,9.3,8.3,Gauhati Medical College and Hospital,EXACT,False
Royal Global University,Assam,Medical,"90,000","57,000",7.6,7.8,6.6,8,9,6.5,7.7,Royal Global University,EXACT,False
Gauhati University,Assam,Medical,--,--,8.2,8.4,7.5,8.7,8.4,7.2,8.7,Gauhati University,EXACT,False
Assam Down Town University,Assam,Medical,"90,000","1,10,000",8.2,8.4,7.6,8.4,8.2,7.8,8.6,Assam Down Town University,EXACT,False
"Assam Women's University, Jorhat",Assam,Medical,"14,066","56,124",7.7,8.3,7.3,8.2,6.7,7.5,8.3,"Assam Women's University, Jorhat",EXACT,False
Assam Govt Homoeopathic Medical College and Hospital,Assam,Medical,--,--,6,7,5,3,6,6,9,Assam Govt Homoeopathic Medical College and Hospital,EXACT,False
"Assam Medical College, Dibrugarh",Assam,Medical,"25,000","25,000",8.8,9.3,8,8.8,8.1,9.5,8.8,"Assam Medical College, Dibrugarh",EXACT,False
Jorhat Medical College,Assam,Medical,"17,500",--,8.1,8.3,7.8,8.3,7.9,8.2,8.1,Jorhat Medical College,EXACT,False
Silchar Medical College,Assam,Medical,"22,000","17,670",8.5,8.3,7.8,8.9,8.5,8.7,8.7,Silchar Medical College,EXACT,False
Army Institute of Nursing,Assam,Medical,"1,29,950",--,9.8,--,--,--,--,--,--,Army Institute of Nursing,EXACT,False
Kaziranga University,Assam,Medical,"80,500","1,10,500",7.5,7.3,6.7,8.1,7.4,7.2,8.1,Kaziranga University,EXACT,False
Krishna Kanta Handiqui State Open University,Assam,Medical,"11,235",--,7.6,8.2,7.2,8.6,7.4,6.8,7.6,Krishna Kanta Handiqui State Open University,EXACT,False
Fakhruddin Ali Ahmed Medical College and Hospital,Assam,Medical,"20,000",--,8.2,8.4,7.8,8.4,8,8.8,7.8,Fakhruddin Ali Ahmed Medical College and Hospital,EXACT,False
Tezpur Medical College & Hospital,Assam,Medical,"27,075",--,7.9,8.8,5.8,8.7,7.8,--,--,Tezpur Medical College & Hospital,EXACT,False
"Pub Kamrup College, Kamrup",Assam,Medical,"4,000","20,500",7.4,8,6.3,8.2,8.5,5.4,8,"Pub Kamrup College, Kamrup",EXACT,False
"Krishnaguru Adhyatmik Visvavidyalaya, Barpeta",Assam,Medical,"70,000",--,--,--,--,--,--,--,--,Krishnaguru Adhyatmik Visvavidyalaya,EXACT,False
"Mahapurusha Srimanta Sankaradeva Viswavidyalaya, Nagaon",Assam,Medical,--,--,--,--,--,--,--,--,--,Mahapurusha Srimanta Sankaradeva Viswavidyalaya,EXACT,False
Srimanta Sankaradeva University of Health Sciences,Assam,Medical,--,--,8.2,8.5,7.5,8.7,7.5,8.3,8.4,Srimanta Sankaradeva University of Health Sciences,EXACT,False
"NEPEDS Group of Institutions, Guwahati",Assam,Medical,--,--,--,--,--,--,--,--,--,"NEPEDS Group of Institutions, Guwahati",EXACT,False
"PEWS Group of Institutions, Guwahati",Assam,Medical,"90,000","1,10,000",--,--,--,--,--,--,--,"PEWS Group of Institutions, Guwahati",EXACT,False
"Majuli University of Culture, Majuli",Assam,Medical,"11,850",--,--,--,--,--,--,--,--,"Majuli University of Culture, Majuli",EXACT,False
"Nalanda Medical College, Patna",Bihar,Medical,--,--,7.7,7.8,7.1,7.8,8,8.1,7.5,"Nalanda Medical College, Patna",EXACT,False
Indira Gandhi Institute of Medical Sciences,Bihar,Medical,"24,000","24,000",8.7,8.8,8.6,8.3,8.7,9.3,8.3,Indira Gandhi Institute of Medical Sciences,EXACT,False
Tilka Manjhi Bhagalpur University,Bihar,Medical,--,--,7.5,7.7,6.8,8.1,7.6,6.4,8.1,Tilka Manjhi Bhagalpur University,EXACT,False
Magadh University,Bihar,Medical,--,--,6,7.1,5,6.9,6.4,4.7,5.8,Magadh University,EXACT,False
Aryabhatta Knowledge University,Bihar,Medical,"42,000",--,8,8.7,7.1,8.1,8.3,7.6,8.1,Aryabhatta Knowledge University,EXACT,False
"College of Commerce, Arts & Science, Patna",Bihar,Medical,--,--,6.9,7.9,4.7,8.1,7.6,5.6,7.3,College of Commerce,EXACT,False
Patna University,Bihar,Medical,"12,500",--,7,7.6,6.2,8.2,7.3,5.1,7.4,Patna University,EXACT,False
Gopal Narayan Singh University,Bihar,Medical,--,--,8.5,8.6,8.6,8.2,8.9,8.1,8.4,Gopal Narayan Singh University,EXACT,False
Nalanda Open University,Bihar,Medical,"5,500",--,7.3,9,5.8,8.3,7.2,5.4,7.8,Nalanda Open University,EXACT,False
"Al-Karim University, Katihar",Bihar,Medical,"3,79,000","37,80,000",--,--,--,--,--,--,--,"Al-Karim University, Katihar",EXACT,False
Dr. C.V. Raman University,Bihar,Medical,"20,000",--,--,--,--,--,--,--,--,Dr. C.V. Raman University,EXACT,False
Bhuwaneshwari Dayal College,Bihar,Medical,--,--,7.2,8.2,6.3,8.4,7.6,5.3,7.1,Bhuwaneshwari Dayal College,EXACT,False
"H.D. Jain College, Arrah",Bihar,Medical,"3,000","1,000",7,8.1,5.7,7.7,6.7,6.4,7.1,"H.D. Jain College, Arrah",EXACT,False
"M.V. College, Buxar",Bihar,Medical,"3,000","3,000",6.5,6.3,4.8,7.9,6.8,5.5,7.7,"M.V. College, Buxar",EXACT,False
Dr RB Singh Gaya Homoeopathic Medical College,Bihar,Medical,"1,92,500",--,--,--,--,--,--,--,--,Dr RB Singh Gaya Homoeopathic Medical College,EXACT,False
Magadh Homoeopathic Medical College,Bihar,Medical,--,--,--,--,--,--,--,--,--,Magadh Homoeopathic Medical College,EXACT,False
Anugrah Narayan Magadh Medical College and Hospital,Bihar,Medical,"9,700","1,600",7.6,7.8,7.1,8,6.2,9.2,7.5,Anugrah Narayan Magadh Medical College and Hospital,EXACT,False
"Darbhanga Medical College, Darbhanga",Bihar,Medical,--,--,7.3,7.3,7,7.2,6.5,8.1,7.9,"Darbhanga Medical College, Darbhanga",EXACT,False
Jawaharlal Nehru Medical College,Bihar,Medical,"61,500","82,30,000",8.3,8.3,8.2,8.2,8.1,8.6,8.4,Jawaharlal Nehru Medical College,EXACT,False
"Katihar Medical College, Katihar",Bihar,Medical,"26,50,000","11,50,000",8.6,8.7,8.7,8.7,8.4,8.5,8.4,"Katihar Medical College, Katihar",EXACT,False
Patna Medical College,Bihar,Medical,279,279,7.4,7.8,7.2,7.8,6.2,8.6,7,Patna Medical College,EXACT,False
"Zulfequar Haider Unani Medical College and Hospital,",Bihar,Medical,"2,87,050",--,--,--,--,--,--,--,--,Zulfequar Haider Unani Medical College and Hospital,EXACT,False
Bihar Institute of Nursing and Paramedical,Bihar,Medical,--,--,--,--,--,--,--,--,--,Bihar Institute of Nursing and Paramedical,EXACT,False
JM Institute of Speech and Hearing,Bihar,Medical,--,--,--,--,--,--,--,--,--,JM Institute of Speech and Hearing,EXACT,False
BR Ambedkar Bihar University,Bihar,Medical,"6,000","6,000",7.7,7.9,7.5,8.1,7.6,7.2,8.1,BR Ambedkar Bihar University,EXACT,False
All India Institute of Medical Sciences,Bihar,Medical,"1,628","2,027",8,8.1,7.7,7.7,8.1,8.4,7.9,All India Institute of Medical Sciences,EXACT,False
Lalit Narayan Mithila University,Bihar,Medical,"12,000",--,7.9,8.6,7.8,8.6,8.6,5.9,8,Lalit Narayan Mithila University,EXACT,False
Maulana Mazharul Haque Arabic and Persian University,Bihar,Medical,"28,200","23,200",8.2,8.8,8.3,8.6,8.7,7.1,7.9,Maulana Mazharul Haque Arabic and Persian University,EXACT,False
Vardhman Institute of Medical Sciences,Bihar,Medical,"15,600",--,8.8,9.1,8.4,8.7,9.1,8.9,8.4,Vardhman Institute of Medical Sciences,EXACT,False
Shri Krishna Medical College,Bihar,Medical,"20,100",500,8.2,7,--,--,--,--,--,Shri Krishna Medical College,EXACT,False
"MATS University, Raipur",Chhattisgarh,Medical,"13,000",--,7.4,7.4,7,7.8,7.4,7.2,7.4,"MATS University, Raipur",EXACT,False
Shri Rawatpura Sarkar University,Chhattisgarh,Medical,"45,200","24,200",8.5,9,8,8.5,8.5,8.5,8.5,Shri Rawatpura Sarkar University,EXACT,False
Maharishi University of Management and Technology Bilaspur,Chhattisgarh,Medical,"12,000",--,6.4,7.5,7,6,7.5,5.3,5,Maharishi University of Management and Technology Bilaspur,EXACT,False
"ISBM University, Raipur",Chhattisgarh,Medical,"22,900",--,--,--,--,--,--,--,--,"ISBM University, Raipur",EXACT,False
"D.L.S. P.G. College, Bilaspur",Chhattisgarh,Medical,"8,000",--,--,--,--,--,--,--,--,"D.L.S. P.G. College, Bilaspur",EXACT,False
All India Institute of Medical Sciences,Chhattisgarh,Medical,"3,165","10,310",8.3,8.9,7.7,8.8,8.6,8.6,7.4,All India Institute of Medical Sciences,EXACT,False
"Apollo College of Physiotherapy, Durg",Chhattisgarh,Medical,"52,500","75,000",--,--,--,--,--,--,--,"Apollo College of Physiotherapy, Durg",EXACT,False
Chhattisgarh Institute of Medical Sciences,Chhattisgarh,Medical,"42,000","26,000",8,8.3,6.9,8.2,6.9,9,8.7,Chhattisgarh Institute of Medical Sciences,EXACT,False
Post Graduate Institute of Behavioral and Medical,Chhattisgarh,Medical,--,--,--,--,--,--,--,--,--,Post Graduate Institute of Behavioral and Medical,EXACT,False
"Netaji Subhash College, Raipur",Chhattisgarh,Medical,"15,980",--,--,--,--,--,--,--,--,"Netaji Subhash College, Raipur",EXACT,False
Pt. Deen Dayal Upadhaya Memorial Ayush and,Chhattisgarh,Medical,--,--,7.6,7,7.5,8,7.5,8,7.5,Pt. Deen Dayal Upadhaya Memorial Ayush and,EXACT,False
Chhattisgarh Swami Vivekanand Technical University,Chhattisgarh,Medical,--,--,6.1,7.3,5.4,6.9,6.4,4.7,5.8,Chhattisgarh Swami Vivekanand Technical University,EXACT,False
Chhattisgarh University,Chhattisgarh,Medical,--,--,7.7,8,7.5,8,7,8,7.5,Chhattisgarh University,EXACT,False
Pandit Sundarlal Sharma Open University,Chhattisgarh,Medical,"8,200",--,7.4,8,6,8.2,8,6.9,7.4,Pandit Sundarlal Sharma Open University,EXACT,False
"St Vincent Pallotti College, Raipur",Chhattisgarh,Medical,"17,600",--,7.3,8.5,5,8,7.5,6.5,8,"St Vincent Pallotti College, Raipur",EXACT,False
"Dr. CV Raman University, Institute of Open",Chhattisgarh,Medical,"21,000",--,6.8,7,6,7,7.5,6,7,Dr. CV Raman University,EXACT,False
Pt. Jawahar Lal Nehru Memorial Medical College,Chhattisgarh,Medical,"50,000","50,000",8.1,8.2,7.5,8,8.2,8.7,7.7,Pt. Jawahar Lal Nehru Memorial Medical College,EXACT,False
"Late Baliram Kashyap Memorial Govt. Medical College,",Chhattisgarh,Medical,--,--,7.8,7,8,--,7,9,--,Late Baliram Kashyap Memorial Govt. Medical College,EXACT,False
Late Shri Lakhi Ram Agrawal Memorial Government,Chhattisgarh,Medical,"50,000",--,7,7,7,7,7.5,7,6.5,Late Shri Lakhi Ram Agrawal Memorial Government,EXACT,False
Government Medical College Rajnandgaon,Chhattisgarh,Medical,"50,000",--,8.1,8.5,7.5,9,7.5,9.5,6.5,Government Medical College Rajnandgaon,EXACT,False
Government Medical College,Chhattisgarh,Medical,--,--,8,--,--,--,--,--,--,Government Medical College,EXACT,False
"Shri Narayan Prasad Awasthi Government Ayurved College,",Chhattisgarh,Medical,--,--,--,--,--,--,--,--,--,Shri Narayan Prasad Awasthi Government Ayurved College,EXACT,False
"Pt. Harishankar Shukla Memorial College, Raipur",Chhattisgarh,Medical,--,--,8.5,9,8,9,8,9,8,Pt. Harishankar Shukla Memorial College,EXACT,False
Hemchand Yadav Vishwavidyalaya,Chhattisgarh,Medical,--,--,7.8,7.9,7.4,8,7.6,7.7,8.2,Hemchand Yadav Vishwavidyalaya,EXACT,False
Shri Shankaracharya Institute Of Medical Sciences,Chhattisgarh,Medical,"7,13,156",--,7,7.7,6,7.7,6.7,8,5.7,Shri Shankaracharya Institute Of Medical Sciences,EXACT,False
Birsa Agricultural University,Jharkhand,Medical,--,--,7.3,7.6,8.3,7.2,7.6,5,8.3,Birsa Agricultural University,EXACT,False
"Ranchi University, Ranchi",Jharkhand,Medical,"2,350","2,850",7.5,7.9,6.8,8,8.3,6.2,7.8,"Ranchi University, Ranchi",EXACT,False
Central Institute of Psychiatry,Jharkhand,Medical,"3,000",--,6.3,--,--,7,--,4.5,7.5,Central Institute of Psychiatry,EXACT,False
YBN University,Jharkhand,Medical,"44,500","49,600",8.2,8.5,7.5,8.5,8,8.3,8.4,YBN University,EXACT,False
"AISECT University, Hazaribagh",Jharkhand,Medical,"15,000",--,9.9,--,--,--,--,--,--,"AISECT University, Hazaribagh",EXACT,False
"RKDF University, Ranchi",Jharkhand,Medical,"1,53,000","50,000",--,--,--,--,--,--,--,"RKDF University, Ranchi",EXACT,False
Jharkhand Rai University,Jharkhand,Medical,"75,000",--,7.7,8,7.5,8.8,7.3,6.9,7.8,Jharkhand Rai University,EXACT,False
Netaji Subhas University,Jharkhand,Medical,"40,000",--,9,9.5,9.4,8.7,9.2,8.5,8.7,Netaji Subhas University,EXACT,False
Radha Govind University,Jharkhand,Medical,"26,000",--,8.6,8.9,8,8.7,8.9,8.4,8.5,Radha Govind University,EXACT,False
"Arka Jain University, Jamshedpur",Jharkhand,Medical,"93,000",--,8.1,8.1,7.7,8.1,8,7.5,9,"Arka Jain University, Jamshedpur",EXACT,False
Usha Martin University,Jharkhand,Medical,"60,000","79,000",7.6,8.5,6.5,8.8,6.8,7.9,7.1,Usha Martin University,EXACT,False
Sarala Birla University,Jharkhand,Medical,"38,300",--,8.5,8.6,8.3,8.4,8.8,8.4,8.2,Sarala Birla University,EXACT,False
Capital University,Jharkhand,Medical,--,--,8.2,8.3,8.1,8,8.3,8.1,8.1,Capital University,EXACT,False
Ramchandra Chandravansi University,Jharkhand,Medical,"30,000","30,000",5.7,7,--,--,6,4,--,Ramchandra Chandravansi University,EXACT,False
"Coxtan Administrative & Management College, Dhanbad",Jharkhand,Medical,--,--,--,--,--,--,--,--,--,Coxtan Administrative & Management College,EXACT,False
"Jamshedpur Women's College, Jamshedpur",Jharkhand,Medical,"26,000",--,7.4,7.8,7.4,7.6,7.3,7.2,6.9,"Jamshedpur Women's College, Jamshedpur",EXACT,False
Shine Abdur Razzaque Ansari Institute of Health,Jharkhand,Medical,"45,000",--,--,--,--,--,--,--,--,Shine Abdur Razzaque Ansari Institute of Health,EXACT,False
"Mahatma Gandhi Memorial Medical College, Jamshedpur",Jharkhand,Medical,"1,500","1,500",7.6,7.6,7.9,7.3,6.8,8.3,7.6,Mahatma Gandhi Memorial Medical College,EXACT,False
Patliputra Medical College & Hospital,Jharkhand,Medical,--,--,8.3,8.8,8.2,8.4,7.2,9.2,8.1,Patliputra Medical College & Hospital,EXACT,False
Rajendra Institute of Medical Sciences,Jharkhand,Medical,--,--,8,8.3,7.5,8.3,8.1,8.6,7.3,Rajendra Institute of Medical Sciences,EXACT,False
"Florence College of Nursing, Ranchi",Jharkhand,Medical,--,--,--,--,--,--,--,--,--,"Florence College of Nursing, Ranchi",EXACT,False
"Kolhan University, Chaibasa",Jharkhand,Medical,--,--,7.3,7.4,6.7,8.1,6.7,6.9,7.7,"Kolhan University, Chaibasa",EXACT,False
"Vananchal Educational and Welfare Trust, Garhwa",Jharkhand,Medical,"1,30,000","24,000",7.2,8,7,7,7,7,7,Vananchal Educational and Welfare Trust,EXACT,False
"Dr. Shyama Prasad Mukherjee University, Ranchi",Jharkhand,Medical,"30,000","42,000",6.5,7.2,5.2,6.8,6.9,6,7.1,Dr. Shyama Prasad Mukherjee University,EXACT,False
"Markham college of Commerce, Hazaribagh",Jharkhand,Medical,--,--,7,6.3,6,8,6.7,7.3,7.5,"Markham college of Commerce, Hazaribagh",EXACT,False
"Pragyan International University, Ranchi",Jharkhand,Medical,"19,500","14,500",--,--,--,--,--,--,--,"Pragyan International University, Ranchi",EXACT,False
Binod Bihar Mahto Koylanchal University,Jharkhand,Medical,--,--,8.3,8.7,7.9,8.3,8.6,7.5,8.5,Binod Bihar Mahto Koylanchal University,EXACT,False
All India Institute of Medical Sciences,Jharkhand,Medical,"1,693",--,--,--,--,--,--,--,--,All India Institute of Medical Sciences,EXACT,False
Shrinivas Institute of Paramedical Sciences,Jharkhand,Medical,"36,000","36,000",--,--,--,--,--,--,--,Shrinivas Institute of Paramedical Sciences,EXACT,False
Dr Rajendra Prasad Government Medical College,Himachal Pradesh,Medical,--,--,8.7,8.7,8,8.3,9,8.7,9.3,Dr Rajendra Prasad Government Medical College,EXACT,False
"Shoolini University, Solan",Himachal Pradesh,Medical,"1,76,750",--,8.3,8.4,7.6,8.4,8.6,8.3,8.7,"Shoolini University, Solan",EXACT,False
Maharishi Markandeshwar,Himachal Pradesh,Medical,"73,500","91,500",8.6,9,8.2,8.9,8.2,8.4,8.9,Maharishi Markandeshwar,EXACT,False
Eternal University,Himachal Pradesh,Medical,"70,000",--,7.5,7.4,7.1,7.8,8.2,7.1,7.4,Eternal University,EXACT,False
Abhilashi University,Himachal Pradesh,Medical,"2,60,000",--,8.4,8.9,8.3,8.4,8.6,8.1,8.1,Abhilashi University,EXACT,False
Baddi University of Emerging Sciences and Technologies,Himachal Pradesh,Medical,"1,09,623",--,7.1,6.7,6.9,7.2,7.3,7,7.7,Baddi University of Emerging Sciences and Technologies,EXACT,False
IEC University Baddi,Himachal Pradesh,Medical,"88,600",--,7.6,7.5,7.5,7.4,7.7,8,7.5,IEC University Baddi,EXACT,False
Career Point University,Himachal Pradesh,Medical,"45,000",--,7.5,7.5,7.4,7,7.6,6.6,8.6,Career Point University,EXACT,False
Bahra University,Himachal Pradesh,Medical,"74,700",--,7.6,7.8,7.5,8,7.7,7,7.6,Bahra University,EXACT,False
Solan Homoeopathic Medical College and Hospital,Himachal Pradesh,Medical,"93,875",--,9,9,--,--,9,9,--,Solan Homoeopathic Medical College and Hospital,EXACT,False
Indira Gandhi Medical College,Himachal Pradesh,Medical,"13,000","39,000",7.1,7.8,6.5,7.8,5.9,7.8,6.7,Indira Gandhi Medical College,EXACT,False
Himachal Pradesh University,Himachal Pradesh,Medical,"76,500","28,900",7.2,7.7,6.7,7.7,7.3,6.1,7.7,Himachal Pradesh University,EXACT,False
Akal College of Public Health and Hospital,Himachal Pradesh,Medical,"65,000",--,8.3,9,8,--,8,8,--,Akal College of Public Health and Hospital,EXACT,False
"Dr. Y. S. Parmar Medical College Nahan,",Himachal Pradesh,Medical,"60,000",--,7.7,8.5,8.4,8.5,5.7,8.2,6.9,"Dr. Y. S. Parmar Medical College Nahan,",EXACT,False
Pt. Jawahar Lal Nehru Government Medical College,Himachal Pradesh,Medical,"60,000",--,7.6,8,7,8,7.5,8,7,Pt. Jawahar Lal Nehru Government Medical College,EXACT,False
Shri Lal Bahadur Shastri Government Medical College,Himachal Pradesh,Medical,"60,000",--,--,--,--,--,--,--,--,Shri Lal Bahadur Shastri Government Medical College,EXACT,False
Sher-e-Kashmir University of Agricultural Sciences and Technology,Jammu & Kashmir,Medical,"60,000",--,7.4,8.4,7.4,7.7,8,5.9,7.2,Sher-e-Kashmir University of Agricultural Sciences and Technology,EXACT,False
Jammu Institute of Ayurveda and Research College,Jammu & Kashmir,Medical,"1,13,500","1,72,500",5.9,6.5,4,7.7,8,4,5.3,Jammu Institute of Ayurveda and Research College,EXACT,False
"Bhargava Paramedical College, Jammu",Jammu & Kashmir,Medical,--,--,--,--,--,--,--,--,--,"Bhargava Paramedical College, Jammu",EXACT,False
"Acharya Shri Chander College of Medical Sciences,",Jammu & Kashmir,Medical,"39,000","13,05,000",7.5,8.2,6.8,7.8,7.2,8,6.8,Acharya Shri Chander College of Medical Sciences,EXACT,False
"Government Medical College, Srinagar",Jammu & Kashmir,Medical,"35,625","25,000",7.6,8.3,6,8,8.6,8.4,6.4,"Government Medical College, Srinagar",EXACT,False
Government Medical College,Jammu & Kashmir,Medical,--,--,7.5,7.3,7,7,7.5,8.3,8,Government Medical College,EXACT,False
Sher-i-Kashmir Institute of Medical Sciences,Jammu & Kashmir,Medical,"18,500","67,000",6.6,8,4.7,6.3,6.8,8,5.7,Sher-i-Kashmir Institute of Medical Sciences,EXACT,False
University of Kashmir,Jammu & Kashmir,Medical,--,--,6.7,7,6.9,7.1,7.2,5.1,6.8,University of Kashmir,EXACT,False
Jammu College of Physiotherapy,Jammu & Kashmir,Medical,"1,00,060",--,3.3,5,2,5,1,2,5,Jammu College of Physiotherapy,EXACT,False
Kashmir Tibbia College Hospital and Research Centre,Jammu & Kashmir,Medical,"1,10,000",--,4.5,8,1,8,6,3,1,Kashmir Tibbia College Hospital and Research Centre,EXACT,False
"Government Polytechnic For Women, Srinagar",Jammu & Kashmir,Medical,"2,130",--,--,--,--,--,--,--,--,Government Polytechnic For Women,EXACT,False
Post Graduate Institute of Medical Education &,Chandigarh,Medical,"3,470","3,470",8,8.3,6.8,8.8,8.2,8,8,Post Graduate Institute of Medical Education &,EXACT,False
Government Medical College and Hospital,Chandigarh,Medical,"25,000","22,000",7.9,8.7,7,8.5,8.2,6.9,8.3,Government Medical College and Hospital,EXACT,False
Panjab University,Chandigarh,Medical,"53,800","95,800",7.7,8.2,7.7,8,7.7,6.5,8.2,Panjab University,EXACT,False
"Sri Guru Gobind Singh College of Pharmacy,",Chandigarh,Medical,"2,575",--,8.8,9.3,8.3,9.7,8.3,7.7,9.3,Sri Guru Gobind Singh College of Pharmacy,EXACT,False
DAV College,Chandigarh,Medical,"23,510",--,8,8.4,7.4,8.3,8,6.8,8.8,DAV College,EXACT,False
Goswami Ganesh Dutt Sanatan Dharama College,Chandigarh,Medical,--,--,8.1,8.6,7.6,8.5,8.1,7.1,8.8,Goswami Ganesh Dutt Sanatan Dharama College,EXACT,False
"Homoeopathic Medical College & Hospital, Chandigarh",Chandigarh,Medical,"85,000",--,9.8,--,--,--,--,--,--,Homoeopathic Medical College & Hospital,EXACT,False
Shivalik Institute of Paramedical Technology,Chandigarh,Medical,"70,000","80,000",7.7,8.5,7.3,7.8,7.3,7.3,7.8,Shivalik Institute of Paramedical Technology,EXACT,False
Government Industrial Training Institute for Women,Chandigarh,Medical,--,--,--,--,--,--,--,--,--,Government Industrial Training Institute for Women,EXACT,False
Swami Vivekanand Group Of Institutes,Chandigarh,Medical,"32,840",--,8.5,9,7.8,--,9,8.1,--,Swami Vivekanand Group Of Institutes,EXACT,False
"Dibrugarh University, Dibrugarh",Assam,Pharmacy,"6,000","4,820",7.8,7.9,7.7,8,8.4,6.5,8.2,"Dibrugarh University, Dibrugarh",EXACT,False
Girijananda Chowdhury Institute of Pharmaceutical Science,Assam,Pharmacy,"1,55,000","1,20,000",8,8.3,6.7,8.3,7.7,8.3,8.7,Girijananda Chowdhury Institute of Pharmaceutical Science,EXACT,False
Royal Global University,Assam,Pharmacy,"1,20,000","95,000",7.6,7.8,6.6,8,9,6.5,7.7,Royal Global University,EXACT,False
Assam Down Town University,Assam,Pharmacy,"1,50,000","1,60,000",8.2,8.4,7.6,8.4,8.2,7.8,8.6,Assam Down Town University,EXACT,False
Assam Science and Technology University,Assam,Pharmacy,"21,000","3,000",7.8,7.9,7.6,8,7.7,7.6,7.9,Assam Science and Technology University,EXACT,False
National Institute of Pharmaceutical Education And Research,Assam,Pharmacy,"1,23,350","1,10,150",8.2,9,8,8.2,7.5,8.2,8.4,National Institute of Pharmaceutical Education And Research,EXACT,False
"Assam University, Silchar",Assam,Pharmacy,"41,545",--,7.5,7.8,6.5,8,7.6,6.6,8.4,"Assam University, Silchar",EXACT,False
Kaziranga University,Assam,Pharmacy,"1,20,500","1,00,500",7.5,7.3,6.7,8.1,7.4,7.2,8.1,Kaziranga University,EXACT,False
Srimanta Sankaradeva University of Health Sciences,Assam,Pharmacy,--,--,8.2,8.5,7.5,8.7,7.5,8.3,8.4,Srimanta Sankaradeva University of Health Sciences,EXACT,False
NETES Institute of Pharmaceutical Science,Assam,Pharmacy,"1,90,000","1,90,000",7.5,9,7,9,7,6,7,NETES Institute of Pharmaceutical Science,EXACT,False
"NEPEDS Group of Institutions, Guwahati",Assam,Pharmacy,"4,75,000","2,50,000",--,--,--,--,--,--,--,"NEPEDS Group of Institutions, Guwahati",EXACT,False
"PEWS Group of Institutions, Guwahati",Assam,Pharmacy,--,--,--,--,--,--,--,--,--,"PEWS Group of Institutions, Guwahati",EXACT,False
Indira Gandhi Institute of Medical Sciences,Bihar,Pharmacy,"20,000",--,8.7,8.8,8.6,8.3,8.7,9.3,8.3,Indira Gandhi Institute of Medical Sciences,EXACT,False
Aryabhatta Knowledge University,Bihar,Pharmacy,--,--,8,8.7,7.1,8.1,8.3,7.6,8.1,Aryabhatta Knowledge University,EXACT,False
Gopal Narayan Singh University,Bihar,Pharmacy,"80,000","1,00,000",8.5,8.6,8.6,8.2,8.9,8.1,8.4,Gopal Narayan Singh University,EXACT,False
Muzaffarpur Institute of Technology,Bihar,Pharmacy,--,--,7.1,7.3,6.8,7.6,7.2,6.2,7.4,Muzaffarpur Institute of Technology,EXACT,False
"Al-Karim University, Katihar",Bihar,Pharmacy,--,--,--,--,--,--,--,--,--,"Al-Karim University, Katihar",EXACT,False
"Sachchidanand Sinha College, Aurangabad",Bihar,Pharmacy,"64,500",--,6.8,7,6.4,6.6,8.3,4.8,7.8,"Sachchidanand Sinha College, Aurangabad",EXACT,False
"Bihar College of Pharmacy, Patna",Bihar,Pharmacy,"1,10,000","1,00,000",8,8.3,8,8.4,7.3,8.1,7.7,"Bihar College of Pharmacy, Patna",EXACT,False
National Institute of Pharmaceutical Education And Research,Bihar,Pharmacy,"69,500",--,8.1,8.8,7.5,8.4,7.5,8.2,8.3,National Institute of Pharmaceutical Education And Research,EXACT,False
"Patliputra University, Patna",Bihar,Pharmacy,--,--,7.7,7.8,7.4,8.3,7.7,7,7.7,"Patliputra University, Patna",EXACT,False
"K.K. University, Nalanda",Bihar,Pharmacy,--,--,8.6,7,--,--,--,--,--,"K.K. University, Nalanda",EXACT,False
"Mata Gujri University, Kishanganj",Bihar,Pharmacy,"1,06,000","96,000",6.7,6.5,7,7.5,6,7.5,5.5,"Mata Gujri University, Kishanganj",EXACT,False
Nibha Institute of Pharmaceutical Sciences,Bihar,Pharmacy,"1,00,000","2,25,000",--,--,--,--,--,--,--,Nibha Institute of Pharmaceutical Sciences,EXACT,False
Chanakya College of Pharmacy and Medical Science,Bihar,Pharmacy,"1,19,250","1,33,500",--,--,--,--,--,--,--,Chanakya College of Pharmacy and Medical Science,EXACT,False
"Aadarsh India Technical and Paramedical College, Muzaffarpur",Bihar,Pharmacy,"25,000","25,000",--,--,--,--,--,--,--,Aadarsh India Technical and Paramedical College,EXACT,False
Guru Ghasidas Vishwavidyalaya,Chhattisgarh,Pharmacy,"26,200","51,850",6.7,7.6,6.3,7.5,6.9,4.7,7.1,Guru Ghasidas Vishwavidyalaya,EXACT,False
Pt. Ravishankar Shukla University,Chhattisgarh,Pharmacy,"25,000","1,10,000",6.1,7,4.8,6.8,6.8,4.1,6.8,Pt. Ravishankar Shukla University,EXACT,False
Dr. C.V. Raman University,Chhattisgarh,Pharmacy,"55,000","71,900",7,6.9,6.2,7.4,7.5,6.7,7.3,Dr. C.V. Raman University,EXACT,False
Shri Rawatpura Sarkar University,Chhattisgarh,Pharmacy,"75,200","2,50,600",8.5,9,8,8.5,8.5,8.5,8.5,Shri Rawatpura Sarkar University,EXACT,False
Chouksey Engineering College,Chhattisgarh,Pharmacy,"74,800","1,13,800",8,8.2,8.3,8.1,8,7,8.5,Chouksey Engineering College,EXACT,False
Shri Shankaracharya Group of Institutions,Chhattisgarh,Pharmacy,"39,550","61,500",7.6,7.7,7.2,7.5,7.9,7,8.1,Shri Shankaracharya Group of Institutions,EXACT,False
"Rungta Group of Institutions Bhilai Campus, Bhilai",Chhattisgarh,Pharmacy,"75,800","80,000",8.6,9.1,8.7,7.9,9.2,9.1,7.6,Rungta Group of Institutions Bhilai Campus,EXACT,False
"ISBM University, Raipur",Chhattisgarh,Pharmacy,"68,900","92,900",--,--,--,--,--,--,--,"ISBM University, Raipur",EXACT,False
Ashoka Institute of Technology and Management,Chhattisgarh,Pharmacy,--,--,5.4,5.7,5.3,5,5.7,4,6.7,Ashoka Institute of Technology and Management,EXACT,False
"Rungta Group of Institutions Raipur Campus, Raipur",Chhattisgarh,Pharmacy,"71,900","55,500",8.7,9,8,8,9,9,9,Rungta Group of Institutions Raipur Campus,EXACT,False
"Apollo College of Pharmacy, Durg",Chhattisgarh,Pharmacy,"63,530",--,--,--,--,--,--,--,--,"Apollo College of Pharmacy, Durg",EXACT,False
Columbia Institute of Pharmacy,Chhattisgarh,Pharmacy,"65,150","1,04,640",8.1,9,7.3,9,8,7.5,7.5,Columbia Institute of Pharmacy,EXACT,False
Chhattisgarh Swami Vivekanand Technical University,Chhattisgarh,Pharmacy,"41,650",--,6.1,7.3,5.4,6.9,6.4,4.7,5.8,Chhattisgarh Swami Vivekanand Technical University,EXACT,False
"Sarguja University, Surguja",Chhattisgarh,Pharmacy,"30,295",--,7.5,7.7,6.7,8,7,7.5,8.2,"Sarguja University, Surguja",EXACT,False
"Kalinga University, Raipur",Chhattisgarh,Pharmacy,"1,10,250","1,10,250",8.3,8.6,8.1,8.6,8.4,7.6,8.2,"Kalinga University, Raipur",EXACT,False
Shri Rawatpura Sarkar Institute of Pharmacy,Chhattisgarh,Pharmacy,"58,800","72,400",4.9,6,4,5,5.5,4.5,4.5,Shri Rawatpura Sarkar Institute of Pharmacy,EXACT,False
Rungta College of Pharmaceutical Sciences and Research,Chhattisgarh,Pharmacy,"75,800","80,000",9.1,9.6,8,9,9.6,9.1,9,Rungta College of Pharmaceutical Sciences and Research,EXACT,False
Rungta College of Pharmaceutical Science & Research,Chhattisgarh,Pharmacy,"71,900","55,500",--,--,--,--,--,--,--,Rungta College of Pharmaceutical Science & Research,EXACT,False
Rungta Institute of Pharmaceutical Education & Research,Chhattisgarh,Pharmacy,"71,900","55,500",--,--,--,--,--,--,--,Rungta Institute of Pharmaceutical Education & Research,EXACT,False
Rungta Institute of Pharmaceutical Sciences,Chhattisgarh,Pharmacy,"35,950","55,500",--,--,--,--,--,--,--,Rungta Institute of Pharmaceutical Sciences,EXACT,False
Chhatrapati Shivaji Institute of Pharmacy,Chhattisgarh,Pharmacy,"71,900","55,550",--,--,--,--,--,--,--,Chhatrapati Shivaji Institute of Pharmacy,EXACT,False
Birla Institute of Technology,Jharkhand,Pharmacy,"2,65,000","75,000",8.1,8.3,7.6,7.9,8.3,8.1,8.4,Birla Institute of Technology,EXACT,False
YBN University,Jharkhand,Pharmacy,"1,25,500","1,03,000",8.2,8.5,7.5,8.5,8,8.3,8.4,YBN University,EXACT,False
"RKDF University, Ranchi",Jharkhand,Pharmacy,"65,000","1,00,000",--,--,--,--,--,--,--,"RKDF University, Ranchi",EXACT,False
Jharkhand Rai University,Jharkhand,Pharmacy,"1,15,000","1,15,000",7.7,8,7.5,8.8,7.3,6.9,7.8,Jharkhand Rai University,EXACT,False
Netaji Subhas University,Jharkhand,Pharmacy,"90,000","80,000",9,9.5,9.4,8.7,9.2,8.5,8.7,Netaji Subhas University,EXACT,False
"Sai Nath University, Ranchi",Jharkhand,Pharmacy,"1,07,000",--,6.8,7.4,6.7,6.8,6.9,6.9,6.3,"Sai Nath University, Ranchi",EXACT,False
Radha Govind University,Jharkhand,Pharmacy,"95,000","95,000",8.6,8.9,8,8.7,8.9,8.4,8.5,Radha Govind University,EXACT,False
"Arka Jain University, Jamshedpur",Jharkhand,Pharmacy,"98,000",--,8.1,8.1,7.7,8.1,8,7.5,9,"Arka Jain University, Jamshedpur",EXACT,False
Ramchandra Chandravansi University,Jharkhand,Pharmacy,"1,00,000","90,000",5.7,7,--,--,6,4,--,Ramchandra Chandravansi University,EXACT,False
"Coxtan Administrative & Management College, Dhanbad",Jharkhand,Pharmacy,--,--,--,--,--,--,--,--,--,Coxtan Administrative & Management College,EXACT,False
Shine Abdur Razzaque Ansari Institute of Health,Jharkhand,Pharmacy,"1,00,000",--,--,--,--,--,--,--,--,Shine Abdur Razzaque Ansari Institute of Health,EXACT,False
"Vananchal Educational and Welfare Trust, Garhwa",Jharkhand,Pharmacy,--,--,7.2,8,7,7,7,7,7,Vananchal Educational and Welfare Trust,EXACT,False
"Pragyan International University, Ranchi",Jharkhand,Pharmacy,"14,500",--,--,--,--,--,--,--,--,"Pragyan International University, Ranchi",EXACT,False
Jharkhand University of Technology,Jharkhand,Pharmacy,--,--,9.8,9,--,--,--,--,--,Jharkhand University of Technology,EXACT,False
"Sahyog College of Medical Sciences, Khunti",Jharkhand,Pharmacy,"75,000",--,--,--,--,--,--,--,--,Sahyog College of Medical Sciences,EXACT,False
"Faculty of Pharmaceutical Sciences, Shoolini University, Solan",Himachal Pradesh,Pharmacy,"1,48,168","1,41,320",7.5,8,6.8,7.3,8.2,7,7.7,Faculty of Pharmaceutical Sciences,EXACT,False
Maharishi Markandeshwar,Himachal Pradesh,Pharmacy,"1,09,100","1,75,500",8.6,9,8.2,8.9,8.2,8.4,8.9,Maharishi Markandeshwar,EXACT,False
Abhilashi University,Himachal Pradesh,Pharmacy,"1,20,000","80,000",8.4,8.9,8.3,8.4,8.6,8.1,8.1,Abhilashi University,EXACT,False
Baddi University of Emerging Sciences and Technologies,Himachal Pradesh,Pharmacy,"1,73,000","1,23,510",7.1,6.7,6.9,7.2,7.3,7,7.7,Baddi University of Emerging Sciences and Technologies,EXACT,False
IEC University Baddi,Himachal Pradesh,Pharmacy,"1,28,600","1,13,600",7.6,7.5,7.5,7.4,7.7,8,7.5,IEC University Baddi,EXACT,False
Career Point University,Himachal Pradesh,Pharmacy,"80,000","88,000",7.5,7.5,7.4,7,7.6,6.6,8.6,Career Point University,EXACT,False
Sri Sai University,Himachal Pradesh,Pharmacy,"30,000",--,7.4,7.3,6.3,8.2,7.7,6.8,8,Sri Sai University,EXACT,False
Bahra University,Himachal Pradesh,Pharmacy,"84,800","94,900",7.6,7.8,7.5,8,7.7,7,7.6,Bahra University,EXACT,False
Maharaja Agrasen University,Himachal Pradesh,Pharmacy,"1,10,000","90,000",7.5,7.7,7.5,7.6,8.7,7,6.2,Maharaja Agrasen University,EXACT,False
"Himalayan Group of Professional Institutions, Sirmaur",Himachal Pradesh,Pharmacy,"88,200","94,500",8.2,8.4,7.6,8.4,8.4,8.2,8,Himalayan Group of Professional Institutions,EXACT,False
Manav Bharti University,Himachal Pradesh,Pharmacy,"80,000","45,000",6.2,5.3,4.7,6.7,7,6.3,7,Manav Bharti University,EXACT,False
"Abhilashi College of Pharmacy, Mandi",Himachal Pradesh,Pharmacy,"59,000",--,8.7,--,--,8.5,--,9,8.5,"Abhilashi College of Pharmacy, Mandi",EXACT,False
Himachal Institute of Pharmaceutical Education and Research,Himachal Pradesh,Pharmacy,"74,100",--,4.5,8,1,7,6,3,2,Himachal Institute of Pharmaceutical Education and Research,EXACT,False
"Himachal Institute of Pharmacy, Paonta",Himachal Pradesh,Pharmacy,"74,100","1,45,100",--,--,--,--,--,--,--,"Himachal Institute of Pharmacy, Paonta",EXACT,False
"LR Institute of Pharmacy, Solan",Himachal Pradesh,Pharmacy,"2,88,000","2,54,000",5.3,6.5,8,4.5,8.5,3,1.5,"LR Institute of Pharmacy, Solan",EXACT,False
"SRET College of Pharmacy, Hamirpur",Himachal Pradesh,Pharmacy,--,--,--,--,--,--,--,--,--,"SRET College of Pharmacy, Hamirpur",EXACT,False
"Shanti Niketan College of Pharmacy, Mandi",Himachal Pradesh,Pharmacy,--,--,--,--,--,--,--,--,--,Shanti Niketan College of Pharmacy,EXACT,False
Himachal Pradesh Technical University,Himachal Pradesh,Pharmacy,"51,700","1,44,200",8.2,8.3,7.5,8.5,8.4,8.1,8.4,Himachal Pradesh Technical University,EXACT,False
"LR Group of Institutes, Solan",Himachal Pradesh,Pharmacy,"72,000","1,27,000",--,--,--,--,--,--,--,"LR Group of Institutes, Solan",EXACT,False
SIRDA Group of Institution,Himachal Pradesh,Pharmacy,--,--,--,--,--,--,--,--,--,SIRDA Group of Institution,EXACT,False
"KC Group of Institutions, Una",Himachal Pradesh,Pharmacy,"2,89,990","75,000",--,--,--,--,--,--,--,"KC Group of Institutions, Una",EXACT,False
"Government Polytechnic, Rohru",Himachal Pradesh,Pharmacy,"8,220",--,--,--,--,--,--,--,--,"Government Polytechnic, Rohru",EXACT,False
Sher-i-Kashmir Institute of Medical Sciences,Jammu & Kashmir,Pharmacy,"67,000",--,6.6,8,4.7,6.3,6.8,8,5.7,Sher-i-Kashmir Institute of Medical Sciences,EXACT,False
University of Kashmir,Jammu & Kashmir,Pharmacy,"17,800",--,6.7,7,6.9,7.1,7.2,5.1,6.8,University of Kashmir,EXACT,False
Panjab University,Chandigarh,Pharmacy,"29,400","15,665",7.7,8.2,7.7,8,7.7,6.5,8.2,Panjab University,EXACT,False
"Sri Guru Gobind Singh College of Pharmacy,",Chandigarh,Pharmacy,"2,575",--,8.8,9.3,8.3,9.7,8.3,7.7,9.3,Sri Guru Gobind Singh College of Pharmacy,EXACT,False
Shivalik Institute of Paramedical Technology,Chandigarh,Pharmacy,"60,000",--,7.7,8.5,7.3,7.8,7.3,7.3,7.8,Shivalik Institute of Paramedical Technology,EXACT,False
Swami Vivekanand College of Pharmacy,Chandigarh,Pharmacy,"93,960","85,000",7.8,8.5,6.5,8,8.5,8,7,Swami Vivekanand College of Pharmacy,EXACT,False
University Institute of Pharmaceutical Sciences,Chandigarh,Pharmacy,"15,665","28,825",8.1,8.6,7.2,8.4,7.9,8.2,8.2,University Institute of Pharmaceutical Sciences,EXACT,False
"Anovus Institute of Clinical Research, Chandigarh",Chandigarh,Pharmacy,--,--,--,--,--,--,--,--,--,Anovus Institute of Clinical Research,EXACT,False
"PG Government College for Girls, Chandigarh",Chandigarh,Pharmacy,"28,350",--,8.1,7.7,7.4,8.9,8.3,8.2,8,PG Government College for Girls,EXACT,False
Government Polytechnic for Women,Chandigarh,Pharmacy,"7,225",--,--,--,--,--,--,--,--,Government Polytechnic for Women,EXACT,False
"Universal Polytechnic College, Chandigarh",Chandigarh,Pharmacy,--,--,--,--,--,--,--,--,--,Universal Polytechnic College,EXACT,False
Swami Vivekanand Group Of Institutes,Chandigarh,Pharmacy,"88,960","75,000",8.5,9,7.8,--,9,8.1,--,Swami Vivekanand Group Of Institutes,EXACT,False
"NEF Law College, Guwahati",Assam,Law,"65,000","75,000",5.1,6.9,2.8,7.1,5.8,3.3,4.9,"NEF Law College, Guwahati",EXACT,False
"Dibrugarh University, Dibrugarh",Assam,Law,"32,380","46,380",7.8,7.9,7.7,8,8.4,6.5,8.2,"Dibrugarh University, Dibrugarh",EXACT,False
Tezpur University,Assam,Law,"39,436",--,8,8.2,8,7.9,8.8,6.7,8.5,Tezpur University,EXACT,False
Royal Global University,Assam,Law,"1,20,000","1,00,000",7.6,7.8,6.6,8,9,6.5,7.7,Royal Global University,EXACT,False
"Mangaldai Law College, Marigaon",Assam,Law,--,--,--,--,--,--,--,--,--,"Mangaldai Law College, Marigaon",EXACT,False
"Tezpur Law College, Sonitpur",Assam,Law,"46,750","61,500",8.1,8.3,7.7,8.3,7.7,8,8.3,"Tezpur Law College, Sonitpur",EXACT,False
"Jorhat Law College, Jorhat",Assam,Law,--,--,6.7,7.3,6.3,7,7,6.3,6,"Jorhat Law College, Jorhat",EXACT,False
Gauhati University,Assam,Law,"81,000","66,000",8.2,8.4,7.5,8.7,8.4,7.2,8.7,Gauhati University,EXACT,False
NERIM Group of Institutions,Assam,Law,"65,200","75,200",7.1,7.7,6.1,7.5,7.8,6.9,6.6,NERIM Group of Institutions,EXACT,False
Assam Rajiv Gandhi University of Cooperative Management,Assam,Law,"28,500",--,8.4,9,7.5,9,8.5,8,8.5,Assam Rajiv Gandhi University of Cooperative Management,EXACT,False
"Digboi College, Dibrugarh",Assam,Law,--,--,7.9,8.3,7.4,8.5,7.9,7.2,8.1,"Digboi College, Dibrugarh",EXACT,False
"Dispur Law College, Guwahati",Assam,Law,--,--,6.1,6.8,6,7,6.2,4.4,6.4,"Dispur Law College, Guwahati",EXACT,False
"JB Law College, Guwahati",Assam,Law,"13,000","22,000",8,8.3,7,8.5,8.3,7.7,8.1,"JB Law College, Guwahati",EXACT,False
"Assam University, Silchar",Assam,Law,"26,545","15,445",7.5,7.8,6.5,8,7.6,6.6,8.4,"Assam University, Silchar",EXACT,False
National Law University and Judicial Academy,Assam,Law,"5,90,000","1,90,000",7.3,7.8,7,7.2,8.8,5.4,7.4,National Law University and Judicial Academy,EXACT,False
"Pub Kamrup College, Kamrup",Assam,Law,--,--,7.4,8,6.3,8.2,8.5,5.4,8,"Pub Kamrup College, Kamrup",EXACT,False
"North Lakhimpur College, Lakhimpur",Assam,Law,--,--,7,7.7,6.5,7.3,7.6,5.4,7.4,"North Lakhimpur College, Lakhimpur",EXACT,False
"Mahapurusha Srimanta Sankaradeva Viswavidyalaya, Nagaon",Assam,Law,--,--,--,--,--,--,--,--,--,Mahapurusha Srimanta Sankaradeva Viswavidyalaya,EXACT,False
"Braja Mohan Thakur Law College (Autonomous), Purnea",Bihar,Law,--,--,--,--,--,--,--,--,--,Braja Mohan Thakur Law College (Autonomous),EXACT,False
Tilka Manjhi Bhagalpur University,Bihar,Law,--,--,7.5,7.7,6.8,8.1,7.6,6.4,8.1,Tilka Manjhi Bhagalpur University,EXACT,False
Magadh University,Bihar,Law,"57,400",--,6,7.1,5,6.9,6.4,4.7,5.8,Magadh University,EXACT,False
Bihar Institute of law,Bihar,Law,"36,404",--,7.7,8,7,8,7,8,8,Bihar Institute of law,EXACT,False
"S.K.J. Law College, Muzaffarpur",Bihar,Law,"15,600",--,7.5,8,7,7.8,7,7.2,7.8,"S.K.J. Law College, Muzaffarpur",EXACT,False
"Amity University, Patna",Bihar,Law,"1,27,000",--,7.8,8.5,7.2,7.8,7.7,7.8,7.9,"Amity University, Patna",EXACT,False
"College of Commerce, Arts & Science, Patna",Bihar,Law,--,--,6.9,7.9,4.7,8.1,7.6,5.6,7.3,College of Commerce,EXACT,False
Patna University,Bihar,Law,"9,000","6,900",7,7.6,6.2,8.2,7.3,5.1,7.4,Patna University,EXACT,False
Gopal Narayan Singh University,Bihar,Law,"60,000",--,8.5,8.6,8.6,8.2,8.9,8.1,8.4,Gopal Narayan Singh University,EXACT,False
Nalanda Open University,Bihar,Law,"1,650",--,7.3,9,5.8,8.3,7.2,5.4,7.8,Nalanda Open University,EXACT,False
"GDM College, Harnaut",Bihar,Law,"1,250",--,6.7,8,2,7,--,--,--,"GDM College, Harnaut",EXACT,False
"H.D. Jain College, Arrah",Bihar,Law,"1,000",--,7,8.1,5.7,7.7,6.7,6.4,7.1,"H.D. Jain College, Arrah",EXACT,False
"M.V. College, Buxar",Bihar,Law,"3,000","1,000",6.5,6.3,4.8,7.9,6.8,5.5,7.7,"M.V. College, Buxar",EXACT,False
"Munshi Singh College, Motihari",Bihar,Law,--,--,6.7,6,6,9.3,6.3,3.8,8.7,"Munshi Singh College, Motihari",EXACT,False
"Nawada Vidhi Mahavidyalaya, Nawada",Bihar,Law,"10,300",--,--,--,--,--,--,--,--,"Nawada Vidhi Mahavidyalaya, Nawada",EXACT,False
"Patna Law College, Patna",Bihar,Law,"2,220",--,8.1,8.5,8,8.2,8.1,7.9,7.9,"Patna Law College, Patna",EXACT,False
BR Ambedkar Bihar University,Bihar,Law,--,--,7.7,7.9,7.5,8.1,7.6,7.2,8.1,BR Ambedkar Bihar University,EXACT,False
Chanakya National Law University,Bihar,Law,"1,50,500","1,54,000",6.3,6.6,6.4,6.2,6.3,5.1,7.3,Chanakya National Law University,EXACT,False
"Jai Prakash University, Chapra",Bihar,Law,"10,250",--,7.7,7.8,7.2,8.3,7.6,7.6,7.9,"Jai Prakash University, Chapra",EXACT,False
Central University of South Bihar,Bihar,Law,"33,518","18,218",8,8.6,7.7,8.9,8.6,5.8,8.3,Central University of South Bihar,EXACT,False
"T.N.B. Law College, Bhagalpur",Bihar,Law,--,--,7.6,8,7,8,7,7.5,8,"T.N.B. Law College, Bhagalpur",EXACT,False
"Patliputra University, Patna",Bihar,Law,--,--,7.7,7.8,7.4,8.3,7.7,7,7.7,"Patliputra University, Patna",EXACT,False
"K.K. University, Nalanda",Bihar,Law,--,--,8.6,7,--,--,--,--,--,"K.K. University, Nalanda",EXACT,False
"Purnea University, Purnahiya",Bihar,Law,--,--,--,--,--,--,--,--,--,"Purnea University, Purnahiya",EXACT,False
Hidayatullah National Law University,Chhattisgarh,Law,"1,31,000","1,81,000",7.3,7.7,6.3,6.1,8,7.1,8.6,Hidayatullah National Law University,EXACT,False
Dr. C.V. Raman University,Chhattisgarh,Law,"30,000","30,000",7,6.9,6.2,7.4,7.5,6.7,7.3,Dr. C.V. Raman University,EXACT,False
Pt. Ravishankar Shukla University,Chhattisgarh,Law,"33,580","17,050",6.1,7,4.8,6.8,6.8,4.1,6.8,Pt. Ravishankar Shukla University,EXACT,False
"Amity University, Raipur",Chhattisgarh,Law,"1,36,000","54,000",7.8,7.8,8.3,8,8,6.3,8.2,"Amity University, Raipur",EXACT,False
"ITM University, Raipur",Chhattisgarh,Law,"63,500",--,7.4,8,6.4,7,8.3,7.2,7.6,"ITM University, Raipur",EXACT,False
Shri Rawatpura Sarkar University,Chhattisgarh,Law,"35,700","40,700",8.5,9,8,8.5,8.5,8.5,8.5,Shri Rawatpura Sarkar University,EXACT,False
"ISBM University, Raipur",Chhattisgarh,Law,"57,900","31,900",--,--,--,--,--,--,--,"ISBM University, Raipur",EXACT,False
"D.P. Vipra Law College , Bilaspur",Chhattisgarh,Law,"24,000","30,000",6.5,8,4,6,6,5,--,"D.P. Vipra Law College , Bilaspur",EXACT,False
Chhattisgarh University,Chhattisgarh,Law,--,--,7.7,8,7.5,8,7,8,7.5,Chhattisgarh University,EXACT,False
Guru Ghasidas Vishwavidyalaya,Chhattisgarh,Law,"7,850",--,6.7,7.6,6.3,7.5,6.9,4.7,7.1,Guru Ghasidas Vishwavidyalaya,EXACT,False
Pandit Sundarlal Sharma Open University,Chhattisgarh,Law,"11,200",--,7.4,8,6,8.2,8,6.9,7.4,Pandit Sundarlal Sharma Open University,EXACT,False
"Sarguja University, Surguja",Chhattisgarh,Law,"2,284",--,7.5,7.7,6.7,8,7,7.5,8.2,"Sarguja University, Surguja",EXACT,False
"MATS School of Law, Raipur",Chhattisgarh,Law,"85,000","62,000",7.9,8.3,7.3,8,8.4,8.1,7.5,"MATS School of Law, Raipur",EXACT,False
"Kalinga University, Raipur",Chhattisgarh,Law,"1,30,250","66,000",8.3,8.6,8.1,8.6,8.4,7.6,8.2,"Kalinga University, Raipur",EXACT,False
"Govt. T.C.L. College, Janjgir",Chhattisgarh,Law,--,--,--,--,--,--,--,--,--,"Govt. T.C.L. College, Janjgir",EXACT,False
"Ranchi University, Ranchi",Jharkhand,Law,"2,350","2,850",7.5,7.9,6.8,8,8.3,6.2,7.8,"Ranchi University, Ranchi",EXACT,False
Chotanagpur Law College,Jharkhand,Law,"44,000","34,850",8.3,8.5,8,8.5,8,8.5,8.5,Chotanagpur Law College,EXACT,False
Central University of Jharkhand,Jharkhand,Law,"20,320",--,7.5,8.3,7.5,8.5,7.2,5.3,8.1,Central University of Jharkhand,EXACT,False
"RKDF University, Ranchi",Jharkhand,Law,"30,000","55,000",--,--,--,--,--,--,--,"RKDF University, Ranchi",EXACT,False
Jharkhand Rai University,Jharkhand,Law,"75,000",--,7.7,8,7.5,8.8,7.3,6.9,7.8,Jharkhand Rai University,EXACT,False
Netaji Subhas University,Jharkhand,Law,"50,000",--,9,9.5,9.4,8.7,9.2,8.5,8.7,Netaji Subhas University,EXACT,False
"Sai Nath University, Ranchi",Jharkhand,Law,"63,000","20,000",6.8,7.4,6.7,6.8,6.9,6.9,6.3,"Sai Nath University, Ranchi",EXACT,False
Radha Govind University,Jharkhand,Law,"30,000","40,000",8.6,8.9,8,8.7,8.9,8.4,8.5,Radha Govind University,EXACT,False
"Arka Jain University, Jamshedpur",Jharkhand,Law,"78,000",--,8.1,8.1,7.7,8.1,8,7.5,9,"Arka Jain University, Jamshedpur",EXACT,False
"Amity University, Ranchi",Jharkhand,Law,"1,25,000",--,7.8,8.2,7.5,8.5,7.2,7,8.2,"Amity University, Ranchi",EXACT,False
"ICFAI University, Ranchi",Jharkhand,Law,"60,000",--,7.2,7.8,6.1,8.6,6.4,6.7,7.4,"ICFAI University, Ranchi",EXACT,False
Sarala Birla University,Jharkhand,Law,"1,29,200",--,8.5,8.6,8.3,8.4,8.8,8.4,8.2,Sarala Birla University,EXACT,False
"Coxtan Administrative & Management College, Dhanbad",Jharkhand,Law,"15,000",--,--,--,--,--,--,--,--,Coxtan Administrative & Management College,EXACT,False
"Jamshedpur Women's College, Jamshedpur",Jharkhand,Law,"10,000",--,7.4,7.8,7.4,7.6,7.3,7.2,6.9,"Jamshedpur Women's College, Jamshedpur",EXACT,False
Jharkhand Vidhi Mahavidyalaya,Jharkhand,Law,"18,600",--,--,--,--,--,--,--,--,Jharkhand Vidhi Mahavidyalaya,EXACT,False
"Kolhan University, Chaibasa",Jharkhand,Law,--,--,7.3,7.4,6.7,8.1,6.7,6.9,7.7,"Kolhan University, Chaibasa",EXACT,False
National University of Study and Research in,Jharkhand,Law,"1,75,000","1,75,000",7.4,7.8,7.7,7.1,6.4,7.3,8,National University of Study and Research in,EXACT,False
Sido Kanhu Murmu University,Jharkhand,Law,--,--,7.4,7.7,6.6,7.9,7.1,7.1,8,Sido Kanhu Murmu University,EXACT,False
Vinoba Bhave University,Jharkhand,Law,--,--,7.2,7.4,6.4,8,7.4,6.2,7.6,Vinoba Bhave University,EXACT,False
"Dr. Shyama Prasad Mukherjee University, Ranchi",Jharkhand,Law,"40,000",--,6.5,7.2,5.2,6.8,6.9,6,7.1,Dr. Shyama Prasad Mukherjee University,EXACT,False
Binod Bihar Mahto Koylanchal University,Jharkhand,Law,--,--,8.3,8.7,7.9,8.3,8.6,7.5,8.5,Binod Bihar Mahto Koylanchal University,EXACT,False
Maharishi Markandeshwar,Himachal Pradesh,Law,"65,500","65,500",8.6,9,8.2,8.9,8.2,8.4,8.9,Maharishi Markandeshwar,EXACT,False
IEC University Baddi,Himachal Pradesh,Law,"88,600","33,600",7.6,7.5,7.5,7.4,7.7,8,7.5,IEC University Baddi,EXACT,False
Career Point University,Himachal Pradesh,Law,"65,000","44,000",7.5,7.5,7.4,7,7.6,6.6,8.6,Career Point University,EXACT,False
Bahra University,Himachal Pradesh,Law,"64,600","54,500",7.6,7.8,7.5,8,7.7,7,7.6,Bahra University,EXACT,False
"AP Goyal Shimla University, Shimla",Himachal Pradesh,Law,"1,00,000","1,00,000",7.4,7,6.8,7.7,8,7.5,7.3,"AP Goyal Shimla University, Shimla",EXACT,False
Maharaja Agrasen University,Himachal Pradesh,Law,"64,000","65,000",7.5,7.7,7.5,7.6,8.7,7,6.2,Maharaja Agrasen University,EXACT,False
"ICFAI University, Baddi",Himachal Pradesh,Law,"55,000",--,8,9,7,8,8,8,8,"ICFAI University, Baddi",EXACT,False
Himachal Institute of Engineering and Technology,Himachal Pradesh,Law,"44,000",--,7.5,8.7,6.2,7.8,7.4,6.6,8,Himachal Institute of Engineering and Technology,EXACT,False
"Himalayan Group of Professional Institutions, Sirmaur",Himachal Pradesh,Law,"54,000",--,8.2,8.4,7.6,8.4,8.4,8.2,8,Himalayan Group of Professional Institutions,EXACT,False
Manav Bharti University,Himachal Pradesh,Law,"45,000","45,000",6.2,5.3,4.7,6.7,7,6.3,7,Manav Bharti University,EXACT,False
"LR Institute of Legal Studies, Solan",Himachal Pradesh,Law,"60,000",--,--,--,--,--,--,--,--,"LR Institute of Legal Studies, Solan",EXACT,False
Himachal Pradesh University,Himachal Pradesh,Law,"42,000",--,7.2,7.7,6.7,7.7,7.3,6.1,7.7,Himachal Pradesh University,EXACT,False
International Centre For Distance Education And Open,Himachal Pradesh,Law,"7,440",--,--,--,--,--,--,--,--,International Centre For Distance Education And Open,EXACT,False
"Faculty of Legal Sciences, Shoolini University, Solan",Himachal Pradesh,Law,"1,22,290","1,09,526",9.5,--,--,--,--,--,--,Faculty of Legal Sciences,EXACT,False
Himachal Pradesh National Law University,Himachal Pradesh,Law,"1,46,500","2,00,500",6.7,7.3,5.4,8.1,4.6,7.2,7.4,Himachal Pradesh National Law University,EXACT,False
"SHEDS College of Hospitality Management, Solan",Himachal Pradesh,Law,--,--,--,--,--,--,--,--,--,SHEDS College of Hospitality Management,EXACT,False
"LR Group of Institutes, Solan",Himachal Pradesh,Law,"60,000",--,--,--,--,--,--,--,--,"LR Group of Institutes, Solan",EXACT,False
"University of Jammu, Jammu",Jammu & Kashmir,Law,--,--,6.6,7.5,6.8,7.4,7.6,4.9,5.6,"University of Jammu, Jammu",EXACT,False
"Dogra Law College, Jammu",Jammu & Kashmir,Law,"40,353",--,8.3,8.5,8,9.8,8,6,9.5,"Dogra Law College, Jammu",EXACT,False
"Ashoka Law College, Kathua",Jammu & Kashmir,Law,--,--,--,--,--,--,--,--,--,"Ashoka Law College, Kathua",EXACT,False
"Bhargava Law College, Jammu",Jammu & Kashmir,Law,--,--,--,--,--,--,--,--,--,"Bhargava Law College, Jammu",EXACT,False
"KC Law College, Jammu",Jammu & Kashmir,Law,--,--,7.9,8.8,7,8.4,7.6,8.1,7.6,"KC Law College, Jammu",EXACT,False
"Kashmir Law College, Srinagar",Jammu & Kashmir,Law,"1,05,000",--,8.8,9,8.3,9.3,9,8.7,8.7,"Kashmir Law College, Srinagar",EXACT,False
Kashmir Creative Education Foundation,Jammu & Kashmir,Law,--,--,--,--,--,--,--,--,--,Kashmir Creative Education Foundation,EXACT,False
Central University of Kashmir,Jammu & Kashmir,Law,"12,900","19,650",7.8,8.2,7.8,8.4,7.2,7.4,7.6,Central University of Kashmir,EXACT,False
University of Kashmir,Jammu & Kashmir,Law,"4,500",--,6.7,7,6.9,7.1,7.2,5.1,6.8,University of Kashmir,EXACT,False
"Directorate of Distance Education, University Of Kashmir,",Jammu & Kashmir,Law,"6,350",--,--,--,--,--,--,--,--,Directorate of Distance Education,EXACT,False
"Department of Laws Panjab University, Chandigarh",Chandigarh,Law,"13,452","48,187",--,--,--,--,--,--,--,Department of Laws Panjab University,EXACT,False
Panjab University,Chandigarh,Law,"9,480","86,200",7.7,8.2,7.7,8,7.7,6.5,8.2,Panjab University,EXACT,False
"University Institute of Legal Studies, Panjab University,",Chandigarh,Law,"88,695","1,02,685",7.7,8.6,7,8.4,7.4,6.5,8.3,University Institute of Legal Studies,EXACT,False
Goswami Ganesh Dutt Sanatan Dharama College,Chandigarh,Law,--,--,8.1,8.6,7.6,8.5,8.1,7.1,8.8,Goswami Ganesh Dutt Sanatan Dharama College,EXACT,False
"University Institute of Legal Studies, Chandigarh University",Chandigarh,Law,"1,20,000","90,000",9.1,9.4,8.9,9.3,9.1,8.3,9.6,University Institute of Legal Studies,EXACT,False
"PG Government College for Girls, Chandigarh",Chandigarh,Law,"28,350",--,8.1,7.7,7.4,8.9,8.3,8.2,8,PG Government College for Girls,EXACT,False
National Institute of Technology,Goa,Engineering,"1,44,400","89,400",7.3,8.3,6,8.4,5.6,7.9,7.6,NIT,EXACT,False
Indian Institute of Technology,Goa,Engineering,"2,29,900","32,019",8,8.4,7.9,8.5,7.9,7,8.4,IIT,EXACT,False
Birla Institute of Technology and Science,Goa,Engineering,"3,99,475","3,99,475",8.5,8.4,8.3,7.8,8.7,8.7,8.9,Birla Institute of Technology and Science,EXACT,False
Goa College of Engineering,Goa,Engineering,"59,500","57,375",7.5,7.6,6.7,7.3,8,6.7,8.6,Goa College of Engineering,EXACT,False
"Padre Conceicao College of Engineering, Salcete",Goa,Engineering,"1,30,000","83,500",6.6,7.4,4.2,7.6,6.7,6.8,6.9,Padre Conceicao College of Engineering,EXACT,False
National Centre for Antarctic and Ocean Research,Goa,Engineering,--,--,9.2,9,9,--,--,--,--,National Centre for Antarctic and Ocean Research,EXACT,False
"Shree Rayeshwar Institute of Engineering and Information Technology, North Goa",Goa,Engineering,"1,02,300",--,6.6,6.6,5.9,6.8,6.2,7.2,6.8,Shree Rayeshwar Institute of Engineering and Information Technology,EXACT,False
National Institute of Oceanography,Goa,Engineering,"14,000","14,000",8.8,9.5,8.8,8.9,9.3,8.3,8.2,National Institute of Oceanography,EXACT,False
"Goa University, North Goa",Goa,Engineering,"17,290",--,7.9,8.6,7.4,7.8,7.7,8,7.6,"Goa University, North Goa",EXACT,False
International Institute of Hotel Management,Goa,Engineering,--,--,8.7,8.5,8.5,8.9,8.5,9.1,8.6,International Institute of Hotel Management,EXACT,False
"Government Polytechnic, Bicholim",Goa,Engineering,--,--,--,--,--,--,--,--,--,"Government Polytechnic, Bicholim",EXACT,False
"Agnel Polytechnic, South Goa",Goa,Engineering,"37,200","37,200",--,--,--,--,--,--,--,"Agnel Polytechnic, South Goa",EXACT,False
"Government Polytechnic, Curchorem",Goa,Engineering,"16,000",--,--,--,--,--,--,--,--,"Government Polytechnic, Curchorem",EXACT,False
Government Polytechnic,Goa,Engineering,"42,300","42,300",--,--,--,--,--,--,--,Government Polytechnic,EXACT,False
Goa Institute of Management,Goa,Management,"8,80,000","52,000",8.8,8.7,8.7,8.5,9.2,8.6,8.9,Goa Institute of Management,EXACT,False
Sri Sri Institute of Management Studies,Goa,Management,"3,67,000",--,--,--,--,--,--,--,--,Sri Sri Institute of Management Studies,EXACT,False
Sridora Caculo College of Commerce and Management Studies,Goa,Management,"61,804",--,7.3,8.3,7,8,6.7,6,8,Sridora Caculo College of Commerce and Management Studies,EXACT,False
"St. Xavier's College, Bardez",Goa,Management,"62,194",--,7.6,8.1,7.2,7.9,8.3,5.3,8.6,"St. Xavier's College, Bardez",EXACT,False
"Ann Institute of Hotel Management and Catering Technology, North Goa",Goa,Management,--,--,--,--,--,--,--,--,--,Ann Institute of Hotel Management and Catering Technology,EXACT,False
"Dnyanprassarak Mandal's College of Arts Science Commerce Management Studies & Technology, Bardez",Goa,Management,--,--,6.6,7.2,5.2,7.8,7.2,5.8,6.4,Dnyanprassarak Mandal's College of Arts Science Commerce Management Studies & Technology,EXACT,False
Murgaon Education Societys College of Arts and Commerce,Goa,Management,"62,275",--,8.1,9,7.5,8.5,8.7,6.7,8,Murgaon Education Societys College of Arts and Commerce,EXACT,False
"Rosary College of Commerce and Arts, Salcete",Goa,Management,"63,987",--,7.3,8,5.5,8.5,7.1,6.4,8,Rosary College of Commerce and Arts,EXACT,False
"Goa College of Hospitality and Culinary Education , North Goa",Goa,Management,"85,000",--,--,--,--,--,--,--,--,Goa College of Hospitality and Culinary Education,EXACT,False
"Shree Damodar College of Commerce and Economics, Salcete",Goa,Management,"37,407",--,7.9,7.8,7.1,8.4,8.9,7,8.3,Shree Damodar College of Commerce and Economics,EXACT,False
"Narayan Zantye College of Commerce, North Goa",Goa,Management,--,--,--,--,--,--,--,--,--,Narayan Zantye College of Commerce,EXACT,False
"Goa University, North Goa",Goa,Management,"1,28,875","85,162",7.9,8.6,7.4,7.8,7.7,8,7.6,"Goa University, North Goa",EXACT,False
"S. S. Dempo College of Commerce and Economics, Panji",Goa,Management,"69,856","42,846",6.6,7.3,4.8,6.8,7.5,6.3,7,S. S. Dempo College of Commerce and Economics,EXACT,False
"Don Bosco College, Panji",Goa,Management,"64,554",--,6.3,6.9,4.9,7,6.3,4.4,8.1,"Don Bosco College, Panji",EXACT,False
International Institute of Hotel Management,Goa,Management,--,--,8.7,8.5,8.5,8.9,8.5,9.1,8.6,International Institute of Hotel Management,EXACT,False
Fr. Agnel College of Arts and Commerce,Goa,Management,--,--,--,--,--,--,--,--,--,Fr. Agnel College of Arts and Commerce,EXACT,False
"St. Xavier's College, Bardez",Goa,Science,"7,640","13,010",7.6,8.1,7.2,7.9,8.3,5.3,8.6,"St. Xavier's College, Bardez",EXACT,False
National Institute of Technology,Goa,Science,"28,400",--,7.3,8.3,6,8.4,5.6,7.9,7.6,NIT,EXACT,False
Indian Institute of Technology,Goa,Science,"29,919",--,8,8.4,7.9,8.5,7.9,7,8.4,IIT,EXACT,False
Birla Institute of Technology and Science,Goa,Science,"3,99,475","78,625",8.5,8.4,8.3,7.8,8.7,8.7,8.9,Birla Institute of Technology and Science,EXACT,False
"Government College of Arts Science and Commerce Sanquelim, North Goa",Goa,Science,"8,520",--,--,--,--,--,--,--,--,Government College of Arts Science and Commerce Sanquelim,EXACT,False
National Centre for Antarctic and Ocean Research,Goa,Science,--,--,9.2,9,9,--,--,--,--,National Centre for Antarctic and Ocean Research,EXACT,False
"Carmel College for Women, Salcete",Goa,Science,"9,876",--,7.5,9,5.3,9.3,6.3,6.3,9,"Carmel College for Women, Salcete",EXACT,False
"DCT’s Dhempe College of Arts and Science, Panji",Goa,Science,"7,130",--,7.3,8.2,6.5,8,7.5,5.3,8.5,DCT’s Dhempe College of Arts and Science,EXACT,False
"Dnyanprassarak Mandal's College of Arts Science Commerce Management Studies & Technology, Bardez",Goa,Science,--,--,6.6,7.2,5.2,7.8,7.2,5.8,6.4,Dnyanprassarak Mandal's College of Arts Science Commerce Management Studies & Technology,EXACT,False
"Government College of Arts Science and Commerce Quepem, North Goa",Goa,Science,"5,540",--,7.8,8,8,9.7,6.5,5,9.3,Government College of Arts Science and Commerce Quepem,EXACT,False
"Parvatibai Chowgule College of Arts and Science, Salcete",Goa,Science,"19,305","1,06,140",7.6,7.3,6.3,8.5,8.3,6.6,8.5,Parvatibai Chowgule College of Arts and Science,EXACT,False
"Goa Medical College and Hospital, Tiswadi",Goa,Science,--,--,8.3,8.5,7.5,8.7,8.1,8.4,8.5,Goa Medical College and Hospital,EXACT,False
National Institute of Oceanography,Goa,Science,"14,000","50,000",8.8,9.5,8.8,8.9,9.3,8.3,8.2,National Institute of Oceanography,EXACT,False
"Goa University, North Goa",Goa,Science,"17,290","18,880",7.9,8.6,7.4,7.8,7.7,8,7.6,"Goa University, North Goa",EXACT,False
V.M. Salgaocar Institute of International Hospitality Education,Goa,Science,--,--,--,--,--,--,--,--,--,V.M. Salgaocar Institute of International Hospitality Education,EXACT,False
International Institute of Hotel Management,Goa,Science,--,--,8.7,8.5,8.5,8.9,8.5,9.1,8.6,International Institute of Hotel Management,EXACT,False
"JD Institute of Fashion Technology, Panji",Goa,Science,--,--,--,--,--,--,--,--,--,JD Institute of Fashion Technology,EXACT,False
"Government College of Arts, Science and Commerce, North Goa",Goa,Science,"8,800",--,--,--,--,--,--,--,--,Government College of Arts,EXACT,False
Government Polytechnic,Goa,Science,"42,300",--,--,--,--,--,--,--,--,Government Polytechnic,EXACT,False
"St. Xavier's College, Bardez",Goa,Commerce,"6,180","6,515",7.6,8.1,7.2,7.9,8.3,5.3,8.6,"St. Xavier's College, Bardez",EXACT,False
Birla Institute of Technology and Science,Goa,Commerce,"78,625",--,8.5,8.4,8.3,7.8,8.7,8.7,8.9,Birla Institute of Technology and Science,EXACT,False
"Government College of Arts Science and Commerce Sanquelim, North Goa",Goa,Commerce,"6,260",--,--,--,--,--,--,--,--,Government College of Arts Science and Commerce Sanquelim,EXACT,False
Sridora Caculo College of Commerce and Management Studies,Goa,Commerce,"8,920",--,7.3,8.3,7,8,6.7,6,8,Sridora Caculo College of Commerce and Management Studies,EXACT,False
"CES College of Arts and Commerce, Salcete",Goa,Commerce,--,--,--,--,--,--,--,--,--,CES College of Arts and Commerce,EXACT,False
"Carmel College for Women, Salcete",Goa,Commerce,"8,906","33,906",7.5,9,5.3,9.3,6.3,6.3,9,"Carmel College for Women, Salcete",EXACT,False
"Dnyanprassarak Mandal's College of Arts Science Commerce Management Studies & Technology, Bardez",Goa,Commerce,--,--,6.6,7.2,5.2,7.8,7.2,5.8,6.4,Dnyanprassarak Mandal's College of Arts Science Commerce Management Studies & Technology,EXACT,False
"Government College of Arts Science and Commerce Quepem, North Goa",Goa,Commerce,"4,760",--,7.8,8,8,9.7,6.5,5,9.3,Government College of Arts Science and Commerce Quepem,EXACT,False
Murgaon Education Societys College of Arts and Commerce,Goa,Commerce,"7,708",--,8.1,9,7.5,8.5,8.7,6.7,8,Murgaon Education Societys College of Arts and Commerce,EXACT,False
"Rosary College of Commerce and Arts, Salcete",Goa,Commerce,"8,320","46,787",7.3,8,5.5,8.5,7.1,6.4,8,Rosary College of Commerce and Arts,EXACT,False
"Shree Maliikarjun College of Arts and Commerce, South Goa",Goa,Commerce,"8,780",--,9.5,--,--,--,--,--,--,Shree Maliikarjun College of Arts and Commerce,EXACT,False
"Shree Damodar College of Commerce and Economics, Salcete",Goa,Commerce,"7,805","44,640",7.9,7.8,7.1,8.4,8.9,7,8.3,Shree Damodar College of Commerce and Economics,EXACT,False
"Narayan Zantye College of Commerce, North Goa",Goa,Commerce,"5,440","47,926",--,--,--,--,--,--,--,Narayan Zantye College of Commerce,EXACT,False
"Goa University, North Goa",Goa,Commerce,"10,000","11,105",7.9,8.6,7.4,7.8,7.7,8,7.6,"Goa University, North Goa",EXACT,False
"S. S. Dempo College of Commerce and Economics, Panji",Goa,Commerce,"8,265","39,910",6.6,7.3,4.8,6.8,7.5,6.3,7,S. S. Dempo College of Commerce and Economics,EXACT,False
"Government College of Arts, Science and Commerce, North Goa",Goa,Commerce,"7,250",--,--,--,--,--,--,--,--,Government College of Arts,EXACT,False
Fr. Agnel College of Arts and Commerce,Goa,Commerce,"7,880",--,--,--,--,--,--,--,--,Fr. Agnel College of Arts and Commerce,EXACT,False
"Government College of Arts Science and Commerce Sanquelim, North Goa",Goa,Arts,"6,260",--,--,--,--,--,--,--,--,Government College of Arts Science and Commerce Sanquelim,EXACT,False
"St. Xavier's College, Bardez",Goa,Arts,"5,980","6,515",7.6,8.1,7.2,7.9,8.3,5.3,8.6,"St. Xavier's College, Bardez",EXACT,False
National Institute of Technology,Goa,Arts,"28,400",--,7.3,8.3,6,8.4,5.6,7.9,7.6,NIT,EXACT,False
Indian Institute of Technology,Goa,Arts,"29,919",--,8,8.4,7.9,8.5,7.9,7,8.4,IIT,EXACT,False
Birla Institute of Technology and Science,Goa,Arts,--,--,8.5,8.4,8.3,7.8,8.7,8.7,8.9,Birla Institute of Technology and Science,EXACT,False
"CES College of Arts and Commerce, Salcete",Goa,Arts,--,--,--,--,--,--,--,--,--,CES College of Arts and Commerce,EXACT,False
"Carmel College for Women, Salcete",Goa,Arts,"8,906",--,7.5,9,5.3,9.3,6.3,6.3,9,"Carmel College for Women, Salcete",EXACT,False
"DCT’s Dhempe College of Arts and Science, Panji",Goa,Arts,"6,660",--,7.3,8.2,6.5,8,7.5,5.3,8.5,DCT’s Dhempe College of Arts and Science,EXACT,False
"Dnyanprassarak Mandal's College of Arts Science Commerce Management Studies & Technology, Bardez",Goa,Arts,--,--,6.6,7.2,5.2,7.8,7.2,5.8,6.4,Dnyanprassarak Mandal's College of Arts Science Commerce Management Studies & Technology,EXACT,False
"Government College of Arts Science and Commerce Quepem, North Goa",Goa,Arts,"4,760",--,7.8,8,8,9.7,6.5,5,9.3,Government College of Arts Science and Commerce Quepem,EXACT,False
Murgaon Education Societys College of Arts and Commerce,Goa,Arts,"7,708",--,8.1,9,7.5,8.5,8.7,6.7,8,Murgaon Education Societys College of Arts and Commerce,EXACT,False
"Rosary College of Commerce and Arts, Salcete",Goa,Arts,"8,110",--,7.3,8,5.5,8.5,7.1,6.4,8,Rosary College of Commerce and Arts,EXACT,False
"Shree Maliikarjun College of Arts and Commerce, South Goa",Goa,Arts,"8,920",--,9.5,--,--,--,--,--,--,Shree Maliikarjun College of Arts and Commerce,EXACT,False
"Parvatibai Chowgule College of Arts and Science, Salcete",Goa,Arts,"63,060","18,035",7.6,7.3,6.3,8.5,8.3,6.6,8.5,Parvatibai Chowgule College of Arts and Science,EXACT,False
"Goa College of Art, Panji",Goa,Arts,"23,320","30,000",6.2,7,6.5,7,6.5,3,7,"Goa College of Art, Panji",EXACT,False
"Goa University, North Goa",Goa,Arts,"31,690","27,874",7.9,8.6,7.4,7.8,7.7,8,7.6,"Goa University, North Goa",EXACT,False
"S. S. Dempo College of Commerce and Economics, Panji",Goa,Arts,--,--,6.6,7.3,4.8,6.8,7.5,6.3,7,S. S. Dempo College of Commerce and Economics,EXACT,False
"Don Bosco College, Panji",Goa,Arts,"23,339","50,339",6.3,6.9,4.9,7,6.3,4.4,8.1,"Don Bosco College, Panji",EXACT,False
International Institute of Hotel Management,Goa,Arts,--,--,8.7,8.5,8.5,8.9,8.5,9.1,8.6,International Institute of Hotel Management,EXACT,False
"Government College of Arts, Science and Commerce, North Goa",Goa,Arts,"8,280",--,--,--,--,--,--,--,--,Government College of Arts,EXACT,False
Fr. Agnel College of Arts and Commerce,Goa,Arts,"7,880",--,--,--,--,--,--,--,--,Fr. Agnel College of Arts and Commerce,EXACT,False
Institute of Hotel Management Catering Technology and Applied Nutrition,Goa,Hotel-management,"1,02,978","69,500",8.2,7.9,7.5,8.3,8.5,8.5,8.7,Institute of Hotel Management Catering Technology and Applied Nutrition,EXACT,False
"Ann Institute of Hotel Management and Catering Technology, North Goa",Goa,Hotel-management,"1,95,000",--,--,--,--,--,--,--,--,Ann Institute of Hotel Management and Catering Technology,EXACT,False
"Goa College of Hospitality and Culinary Education , North Goa",Goa,Hotel-management,"1,19,000","35,056",--,--,--,--,--,--,--,Goa College of Hospitality and Culinary Education,EXACT,False
Guardian Angel Institute of Hotel Management and Catering Technology,Goa,Hotel-management,"40,000","40,000",--,--,--,--,--,--,--,Guardian Angel Institute of Hotel Management and Catering Technology,EXACT,False
"S. S. Dempo College of Commerce and Economics, Panji",Goa,Hotel-management,--,--,6.6,7.3,4.8,6.8,7.5,6.3,7,S. S. Dempo College of Commerce and Economics,EXACT,False
Enviroskills Academy,Goa,Hotel-management,"3,50,000","1,02,000",--,--,--,--,--,--,--,Enviroskills Academy,EXACT,False
International Institute of Hotel Management,Goa,Hotel-management,--,--,8.7,8.5,8.5,8.9,8.5,9.1,8.6,International Institute of Hotel Management,EXACT,False
ICAR-Central Coastal Agricultural Research Institute,Goa,Agriculture,"60,000",--,--,--,--,--,--,--,--,ICAR-Central Coastal Agricultural Research Institute,EXACT,False
"Goa University, North Goa",Goa,Agriculture,--,--,7.9,8.6,7.4,7.8,7.7,8,7.6,"Goa University, North Goa",EXACT,False
"Parvatibai Chowgule College of Arts and Science, Salcete",Goa,Medical,"72,370","42,000",7.6,7.3,6.3,8.5,8.3,6.6,8.5,Parvatibai Chowgule College of Arts and Science,EXACT,False
"Goa Medical College and Hospital, Tiswadi",Goa,Medical,"5,62,000",--,8.3,8.5,7.5,8.7,8.1,8.4,8.5,Goa Medical College and Hospital,EXACT,False
"Goa University, North Goa",Goa,Medical,"47,734",--,7.9,8.6,7.4,7.8,7.7,8,7.6,"Goa University, North Goa",EXACT,False
"Goa College of Pharmacy, Panji",Goa,Pharmacy,"88,100",--,5.4,7,4,6.7,4.5,4.8,5.3,"Goa College of Pharmacy, Panji",EXACT,False
"Goa University, North Goa",Goa,Pharmacy,"17,935",--,7.9,8.6,7.4,7.8,7.7,8,7.6,"Goa University, North Goa",EXACT,False
"VM Salgaocar College of Law, Panji",Goa,Law,"21,000","26,400",8,8,8.2,8.1,7.9,7.6,8.4,"VM Salgaocar College of Law, Panji",EXACT,False
"Govind Ramnath Kare College of Law, South Goa",Goa,Law,"27,882","39,512",5.8,8,6,5,8,4,3.5,Govind Ramnath Kare College of Law,EXACT,False
"Goa University, North Goa",Goa,Law,"12,200","39,452",7.9,8.6,7.4,7.8,7.7,8,7.6,"Goa University, North Goa",EXACT,False
North Eastern Regional Institute of Science and Technology,Arunachal Pradesh,Engineering,"20,470","29,640",6.9,7.8,6.7,7.2,6.5,5.1,8.3,North Eastern Regional Institute of Science and Technology,EXACT,False
National Institute of Technology,Arunachal Pradesh,Engineering,"1,45,600","92,172",7.3,7.4,7.1,7.7,6.5,7.4,7.8,NIT,EXACT,False
"Arunodaya University, Itanagar",Arunachal Pradesh,Engineering,--,--,8.4,9,8.5,8.2,9,7.5,7.9,"Arunodaya University, Itanagar",EXACT,False
Himalayan University,Arunachal Pradesh,Engineering,"81,000",--,8.6,8.6,8,8.9,9.1,8.1,9,Himalayan University,EXACT,False
Apex Professional University,Arunachal Pradesh,Engineering,"70,000","87,000",7.4,7.5,7.5,7.5,7.5,7.5,7,Apex Professional University,EXACT,False
Rajiv Gandhi University,Arunachal Pradesh,Engineering,"19,850","16,800",7,7.4,6.6,7.7,7.6,5.4,7.2,Rajiv Gandhi University,EXACT,False
Arunachal University of Studies,Arunachal Pradesh,Engineering,"25,000","32,000",8.3,8.7,7.9,8.4,8.1,8.2,8.4,Arunachal University of Studies,EXACT,False
North East Frontier Technical University,Arunachal Pradesh,Engineering,--,--,8.3,9,7.6,8.5,8.2,8.7,8,North East Frontier Technical University,EXACT,False
Venkateshwara Open University,Arunachal Pradesh,Engineering,"10,000",--,7.9,8.3,7.3,8.5,7.5,7.8,8.2,Venkateshwara Open University,EXACT,False
"Tomi Polytechnic College, Basar",Arunachal Pradesh,Engineering,"45,000",--,--,--,--,--,--,--,--,"Tomi Polytechnic College, Basar",EXACT,False
"Government Polytechnic Laying, Itanagar",Arunachal Pradesh,Engineering,--,--,--,--,--,--,--,--,--,"Government Polytechnic Laying, Itanagar",EXACT,False
"Government Polytechnic Roing, Roing",Arunachal Pradesh,Engineering,"15,050",--,--,--,--,--,--,--,--,"Government Polytechnic Roing, Roing",EXACT,False
Government Polytechnic,Arunachal Pradesh,Engineering,"15,350",--,--,--,--,--,--,--,--,Government Polytechnic,EXACT,False
Rajiv Gandhi Government Polytechnic,Arunachal Pradesh,Engineering,"15,350",--,--,--,--,--,--,--,--,Rajiv Gandhi Government Polytechnic,EXACT,False
"The Global University, Itanagar",Arunachal Pradesh,Engineering,"90,000","1,00,000",--,--,--,--,--,--,--,"The Global University, Itanagar",EXACT,False
"Arunodaya University, Itanagar",Arunachal Pradesh,Management,--,--,8.4,9,8.5,8.2,9,7.5,7.9,"Arunodaya University, Itanagar",EXACT,False
Himalayan University,Arunachal Pradesh,Management,"81,000","7,000",8.6,8.6,8,8.9,9.1,8.1,9,Himalayan University,EXACT,False
North Eastern Regional Institute of Science and Technology,Arunachal Pradesh,Management,"33,080","52,210",6.9,7.8,6.7,7.2,6.5,5.1,8.3,North Eastern Regional Institute of Science and Technology,EXACT,False
National Institute of Technology,Arunachal Pradesh,Management,"29,000",--,7.3,7.4,7.1,7.7,6.5,7.4,7.8,NIT,EXACT,False
Apex Professional University,Arunachal Pradesh,Management,"50,000","19,000",7.4,7.5,7.5,7.5,7.5,7.5,7,Apex Professional University,EXACT,False
Rajiv Gandhi University,Arunachal Pradesh,Management,"8,000","1,500",7,7.4,6.6,7.7,7.6,5.4,7.2,Rajiv Gandhi University,EXACT,False
Arunachal University of Studies,Arunachal Pradesh,Management,"63,000","60,000",8.3,8.7,7.9,8.4,8.1,8.2,8.4,Arunachal University of Studies,EXACT,False
North East Frontier Technical University,Arunachal Pradesh,Management,--,--,8.3,9,7.6,8.5,8.2,8.7,8,North East Frontier Technical University,EXACT,False
Venkateshwara Open University,Arunachal Pradesh,Management,"25,000","38,000",7.9,8.3,7.3,8.5,7.5,7.8,8.2,Venkateshwara Open University,EXACT,False
"Indira Gandhi Technological And Medical Sciences University, Ziro",Arunachal Pradesh,Management,"58,500",--,--,--,--,--,--,--,--,Indira Gandhi Technological And Medical Sciences University,EXACT,False
Rajiv Gandhi Government Polytechnic,Arunachal Pradesh,Management,"15,350",--,--,--,--,--,--,--,--,Rajiv Gandhi Government Polytechnic,EXACT,False
"The Global University, Itanagar",Arunachal Pradesh,Management,"30,000","30,000",--,--,--,--,--,--,--,"The Global University, Itanagar",EXACT,False
North Eastern Regional Institute of Science and Technology,Arunachal Pradesh,Science,"26,400","20,470",6.9,7.8,6.7,7.2,6.5,5.1,8.3,North Eastern Regional Institute of Science and Technology,EXACT,False
"Arunodaya University, Itanagar",Arunachal Pradesh,Science,--,--,8.4,9,8.5,8.2,9,7.5,7.9,"Arunodaya University, Itanagar",EXACT,False
National Institute of Technology,Arunachal Pradesh,Science,"37,172",--,7.3,7.4,7.1,7.7,6.5,7.4,7.8,NIT,EXACT,False
Himalayan University,Arunachal Pradesh,Science,"81,000","10,000",8.6,8.6,8,8.9,9.1,8.1,9,Himalayan University,EXACT,False
Dera Natung Government College,Arunachal Pradesh,Science,"6,250",--,4.3,4.7,1.5,6.3,5,2.3,6,Dera Natung Government College,EXACT,False
Apex Professional University,Arunachal Pradesh,Science,"19,000","56,000",7.4,7.5,7.5,7.5,7.5,7.5,7,Apex Professional University,EXACT,False
"Jawaharlal Nehru College, East Siang",Arunachal Pradesh,Science,"6,740",--,--,--,--,--,--,--,--,"Jawaharlal Nehru College, East Siang",EXACT,False
Rajiv Gandhi University,Arunachal Pradesh,Science,"11,250","8,800",7,7.4,6.6,7.7,7.6,5.4,7.2,Rajiv Gandhi University,EXACT,False
Arunachal University of Studies,Arunachal Pradesh,Science,"53,000","43,000",8.3,8.7,7.9,8.4,8.1,8.2,8.4,Arunachal University of Studies,EXACT,False
"Institute of Distance Education, Rajiv Gandhi University, Itanagar",Arunachal Pradesh,Science,"7,180",--,--,--,--,--,--,--,--,Institute of Distance Education,EXACT,False
North East Frontier Technical University,Arunachal Pradesh,Science,--,--,8.3,9,7.6,8.5,8.2,8.7,8,North East Frontier Technical University,EXACT,False
Venkateshwara Open University,Arunachal Pradesh,Science,"12,500","15,000",7.9,8.3,7.3,8.5,7.5,7.8,8.2,Venkateshwara Open University,EXACT,False
"Indira Gandhi Technological And Medical Sciences University, Ziro",Arunachal Pradesh,Science,"34,000","58,500",--,--,--,--,--,--,--,Indira Gandhi Technological And Medical Sciences University,EXACT,False
Rajiv Gandhi Government Polytechnic,Arunachal Pradesh,Science,"15,350",--,--,--,--,--,--,--,--,Rajiv Gandhi Government Polytechnic,EXACT,False
"The Global University, Itanagar",Arunachal Pradesh,Science,"15,000","30,000",--,--,--,--,--,--,--,"The Global University, Itanagar",EXACT,False
"Mudo Tamo Memorial College, Lower Subansiri",Arunachal Pradesh,Science,"60,000",--,--,--,--,--,--,--,--,Mudo Tamo Memorial College,EXACT,False
"Arunodaya University, Itanagar",Arunachal Pradesh,Commerce,--,--,8.4,9,8.5,8.2,9,7.5,7.9,"Arunodaya University, Itanagar",EXACT,False
Himalayan University,Arunachal Pradesh,Commerce,"81,000",--,8.6,8.6,8,8.9,9.1,8.1,9,Himalayan University,EXACT,False
Dera Natung Government College,Arunachal Pradesh,Commerce,"6,250",--,4.3,4.7,1.5,6.3,5,2.3,6,Dera Natung Government College,EXACT,False
Apex Professional University,Arunachal Pradesh,Commerce,"50,000","38,000",7.4,7.5,7.5,7.5,7.5,7.5,7,Apex Professional University,EXACT,False
"Indira Gandhi Government College, Lohit",Arunachal Pradesh,Commerce,--,--,--,--,--,--,--,--,--,"Indira Gandhi Government College, Lohit",EXACT,False
"Jawaharlal Nehru College, East Siang",Arunachal Pradesh,Commerce,"6,340",--,--,--,--,--,--,--,--,"Jawaharlal Nehru College, East Siang",EXACT,False
"Saint Claret College, Ziro",Arunachal Pradesh,Commerce,"42,600",--,--,--,--,--,--,--,--,"Saint Claret College, Ziro",EXACT,False
Rajiv Gandhi University,Arunachal Pradesh,Commerce,"6,000","20,025",7,7.4,6.6,7.7,7.6,5.4,7.2,Rajiv Gandhi University,EXACT,False
Arunachal University of Studies,Arunachal Pradesh,Commerce,"60,000","28,000",8.3,8.7,7.9,8.4,8.1,8.2,8.4,Arunachal University of Studies,EXACT,False
North East Frontier Technical University,Arunachal Pradesh,Commerce,--,--,8.3,9,7.6,8.5,8.2,8.7,8,North East Frontier Technical University,EXACT,False
Venkateshwara Open University,Arunachal Pradesh,Commerce,"10,000","12,500",7.9,8.3,7.3,8.5,7.5,7.8,8.2,Venkateshwara Open University,EXACT,False
"Indira Gandhi Technological And Medical Sciences University, Ziro",Arunachal Pradesh,Commerce,"34,000",--,--,--,--,--,--,--,--,Indira Gandhi Technological And Medical Sciences University,EXACT,False
"Don Bosco College, Itanagar",Arunachal Pradesh,Commerce,"37,900",--,--,--,--,--,--,--,--,"Don Bosco College, Itanagar",EXACT,False
"The Global University, Itanagar",Arunachal Pradesh,Commerce,"13,000","13,000",--,--,--,--,--,--,--,"The Global University, Itanagar",EXACT,False
"Mahabodhi Lord Buddha College, Namsai",Arunachal Pradesh,Commerce,"30,000",--,--,--,--,--,--,--,--,"Mahabodhi Lord Buddha College, Namsai",EXACT,False
Dera Natung Government College,Arunachal Pradesh,Arts,"6,250",--,4.3,4.7,1.5,6.3,5,2.3,6,Dera Natung Government College,EXACT,False
North Eastern Regional Institute of Science and Technology,Arunachal Pradesh,Arts,"33,080",--,6.9,7.8,6.7,7.2,6.5,5.1,8.3,North Eastern Regional Institute of Science and Technology,EXACT,False
"Arunodaya University, Itanagar",Arunachal Pradesh,Arts,--,--,8.4,9,8.5,8.2,9,7.5,7.9,"Arunodaya University, Itanagar",EXACT,False
Himalayan University,Arunachal Pradesh,Arts,"81,000",--,8.6,8.6,8,8.9,9.1,8.1,9,Himalayan University,EXACT,False
Apex Professional University,Arunachal Pradesh,Arts,"19,000","15,000",7.4,7.5,7.5,7.5,7.5,7.5,7,Apex Professional University,EXACT,False
"Indira Gandhi Government College, Lohit",Arunachal Pradesh,Arts,--,--,--,--,--,--,--,--,--,"Indira Gandhi Government College, Lohit",EXACT,False
"Jawaharlal Nehru College, East Siang",Arunachal Pradesh,Arts,"5,940","3,030",--,--,--,--,--,--,--,"Jawaharlal Nehru College, East Siang",EXACT,False
"Saint Claret College, Ziro",Arunachal Pradesh,Arts,"40,600",--,--,--,--,--,--,--,--,"Saint Claret College, Ziro",EXACT,False
"St Francis Sales College, West Siang",Arunachal Pradesh,Arts,"50,700",--,7.5,8,8,8,7,6,8,"St Francis Sales College, West Siang",EXACT,False
Rajiv Gandhi University,Arunachal Pradesh,Arts,"5,000","2,620",7,7.4,6.6,7.7,7.6,5.4,7.2,Rajiv Gandhi University,EXACT,False
Arunachal University of Studies,Arunachal Pradesh,Arts,"28,000","38,000",8.3,8.7,7.9,8.4,8.1,8.2,8.4,Arunachal University of Studies,EXACT,False
"Institute of Distance Education, Rajiv Gandhi University, Itanagar",Arunachal Pradesh,Arts,"5,400","12,100",--,--,--,--,--,--,--,Institute of Distance Education,EXACT,False
North East Frontier Technical University,Arunachal Pradesh,Arts,--,--,8.3,9,7.6,8.5,8.2,8.7,8,North East Frontier Technical University,EXACT,False
Venkateshwara Open University,Arunachal Pradesh,Arts,"20,000","12,500",7.9,8.3,7.3,8.5,7.5,7.8,8.2,Venkateshwara Open University,EXACT,False
"Indira Gandhi Technological And Medical Sciences University, Ziro",Arunachal Pradesh,Arts,"34,000","34,000",--,--,--,--,--,--,--,Indira Gandhi Technological And Medical Sciences University,EXACT,False
"Don Bosco College, Itanagar",Arunachal Pradesh,Arts,"37,300","40,900",--,--,--,--,--,--,--,"Don Bosco College, Itanagar",EXACT,False
Siang Royal Academy,Arunachal Pradesh,Arts,"25,000",--,--,--,--,--,--,--,--,Siang Royal Academy,EXACT,False
"The Global University, Itanagar",Arunachal Pradesh,Arts,"14,000","15,000",--,--,--,--,--,--,--,"The Global University, Itanagar",EXACT,False
"Mahabodhi Lord Buddha College, Namsai",Arunachal Pradesh,Arts,"30,000",--,--,--,--,--,--,--,--,"Mahabodhi Lord Buddha College, Namsai",EXACT,False
"Mudo Tamo Memorial College, Lower Subansiri",Arunachal Pradesh,Arts,"30,000",--,--,--,--,--,--,--,--,Mudo Tamo Memorial College,EXACT,False
"Doying Gumin College, Pasighat",Arunachal Pradesh,Arts,"22,500",--,--,--,--,--,--,--,--,"Doying Gumin College, Pasighat",EXACT,False
"Arunodaya University, Itanagar",Arunachal Pradesh,Hotel-management,--,--,8.4,9,8.5,8.2,9,7.5,7.9,"Arunodaya University, Itanagar",EXACT,False
Himalayan University,Arunachal Pradesh,Hotel-management,"85,000",--,8.6,8.6,8,8.9,9.1,8.1,9,Himalayan University,EXACT,False
Apex Professional University,Arunachal Pradesh,Hotel-management,"19,000",--,7.4,7.5,7.5,7.5,7.5,7.5,7,Apex Professional University,EXACT,False
Arunachal University of Studies,Arunachal Pradesh,Hotel-management,"63,000","43,000",8.3,8.7,7.9,8.4,8.1,8.2,8.4,Arunachal University of Studies,EXACT,False
North East Frontier Technical University,Arunachal Pradesh,Hotel-management,--,--,8.3,9,7.6,8.5,8.2,8.7,8,North East Frontier Technical University,EXACT,False
Venkateshwara Open University,Arunachal Pradesh,Hotel-management,"10,000",--,7.9,8.3,7.3,8.5,7.5,7.8,8.2,Venkateshwara Open University,EXACT,False
Rajiv Gandhi Government Polytechnic,Arunachal Pradesh,Hotel-management,"15,350",--,--,--,--,--,--,--,--,Rajiv Gandhi Government Polytechnic,EXACT,False
"The Global University, Itanagar",Arunachal Pradesh,Hotel-management,"20,000","20,000",--,--,--,--,--,--,--,"The Global University, Itanagar",EXACT,False
National Research Centre on Yak,Arunachal Pradesh,Agriculture,--,--,7.8,8,8,7.5,7.5,8,8,National Research Centre on Yak,EXACT,False
North Eastern Regional Institute of Science and Technology,Arunachal Pradesh,Agriculture,"26,400","33,080",6.9,7.8,6.7,7.2,6.5,5.1,8.3,North Eastern Regional Institute of Science and Technology,EXACT,False
"Arunodaya University, Itanagar",Arunachal Pradesh,Agriculture,--,--,8.4,9,8.5,8.2,9,7.5,7.9,"Arunodaya University, Itanagar",EXACT,False
Himalayan University,Arunachal Pradesh,Agriculture,"81,000",--,8.6,8.6,8,8.9,9.1,8.1,9,Himalayan University,EXACT,False
Apex Professional University,Arunachal Pradesh,Agriculture,"95,000","70,000",7.4,7.5,7.5,7.5,7.5,7.5,7,Apex Professional University,EXACT,False
"St Francis Sales College, West Siang",Arunachal Pradesh,Agriculture,--,--,7.5,8,8,8,7,6,8,"St Francis Sales College, West Siang",EXACT,False
Arunachal University of Studies,Arunachal Pradesh,Agriculture,"63,000","85,100",8.3,8.7,7.9,8.4,8.1,8.2,8.4,Arunachal University of Studies,EXACT,False
North East Frontier Technical University,Arunachal Pradesh,Agriculture,--,--,8.3,9,7.6,8.5,8.2,8.7,8,North East Frontier Technical University,EXACT,False
"The Global University, Itanagar",Arunachal Pradesh,Agriculture,"25,000","30,000",--,--,--,--,--,--,--,"The Global University, Itanagar",EXACT,False
"Arunodaya University, Itanagar",Arunachal Pradesh,Medical,--,--,8.4,9,8.5,8.2,9,7.5,7.9,"Arunodaya University, Itanagar",EXACT,False
Himalayan University,Arunachal Pradesh,Medical,"21,000",--,8.6,8.6,8,8.9,9.1,8.1,9,Himalayan University,EXACT,False
Apex Professional University,Arunachal Pradesh,Medical,"1,00,000","60,000",7.4,7.5,7.5,7.5,7.5,7.5,7,Apex Professional University,EXACT,False
Rajiv Gandhi University,Arunachal Pradesh,Medical,"10,050",--,7,7.4,6.6,7.7,7.6,5.4,7.2,Rajiv Gandhi University,EXACT,False
Arunachal University of Studies,Arunachal Pradesh,Medical,"1,55,000","1,25,000",8.3,8.7,7.9,8.4,8.1,8.2,8.4,Arunachal University of Studies,EXACT,False
North East Frontier Technical University,Arunachal Pradesh,Medical,--,--,8.3,9,7.6,8.5,8.2,8.7,8,North East Frontier Technical University,EXACT,False
"Indira Gandhi Technological And Medical Sciences University, Ziro",Arunachal Pradesh,Medical,"59,000","58,500",--,--,--,--,--,--,--,Indira Gandhi Technological And Medical Sciences University,EXACT,False
"North East Homoeopathic Medical College And Hospital, Itanagar",Arunachal Pradesh,Medical,"2,50,000",--,--,--,--,--,--,--,--,North East Homoeopathic Medical College And Hospital,EXACT,False
"Sarah Institute of Paramedical Sciences, Itanagar",Arunachal Pradesh,Medical,"85,000",--,--,--,--,--,--,--,--,Sarah Institute of Paramedical Sciences,EXACT,False
"The Global University, Itanagar",Arunachal Pradesh,Medical,"40,000","40,000",--,--,--,--,--,--,--,"The Global University, Itanagar",EXACT,False
Himalayan University,Arunachal Pradesh,Pharmacy,"81,000",--,8.6,8.6,8,8.9,9.1,8.1,9,Himalayan University,EXACT,False
Apex Professional University,Arunachal Pradesh,Pharmacy,"1,20,000","70,000",7.4,7.5,7.5,7.5,7.5,7.5,7,Apex Professional University,EXACT,False
Arunachal University of Studies,Arunachal Pradesh,Pharmacy,"1,05,000","1,15,000",8.3,8.7,7.9,8.4,8.1,8.2,8.4,Arunachal University of Studies,EXACT,False
North East Frontier Technical University,Arunachal Pradesh,Pharmacy,--,--,8.3,9,7.6,8.5,8.2,8.7,8,North East Frontier Technical University,EXACT,False
"The Global University, Itanagar",Arunachal Pradesh,Pharmacy,"60,000",--,--,--,--,--,--,--,--,"The Global University, Itanagar",EXACT,False
"Arunodaya University, Itanagar",Arunachal Pradesh,Law,--,--,8.4,9,8.5,8.2,9,7.5,7.9,"Arunodaya University, Itanagar",EXACT,False
Himalayan University,Arunachal Pradesh,Law,"81,000",--,8.6,8.6,8,8.9,9.1,8.1,9,Himalayan University,EXACT,False
Apex Professional University,Arunachal Pradesh,Law,"70,000","75,000",7.4,7.5,7.5,7.5,7.5,7.5,7,Apex Professional University,EXACT,False
Arunachal University of Studies,Arunachal Pradesh,Law,"85,100","48,000",8.3,8.7,7.9,8.4,8.1,8.2,8.4,Arunachal University of Studies,EXACT,False
North East Frontier Technical University,Arunachal Pradesh,Law,--,--,8.3,9,7.6,8.5,8.2,8.7,8,North East Frontier Technical University,EXACT,False
"Indira Gandhi Technological And Medical Sciences University, Ziro",Arunachal Pradesh,Law,"58,000",--,--,--,--,--,--,--,--,Indira Gandhi Technological And Medical Sciences University,EXACT,False
"The Global University, Itanagar",Arunachal Pradesh,Law,"35,000","15,000",--,--,--,--,--,--,--,"The Global University, Itanagar",EXACT,False
National Institute of Technology,Meghalaya,Engineering,"2,53,700","43,000",7.3,8.1,7,7.9,6.1,7.1,7.5,NIT,EXACT,False
"CMJ University, Ri-Bhoi",Meghalaya,Engineering,"3,75,000","2,35,000",8.3,8.8,7.8,8.5,7.8,8.2,8.6,"CMJ University, Ri-Bhoi",EXACT,False
North-Eastern Hill University,Meghalaya,Engineering,"5,060","5,010",7.9,7.9,7.8,8.2,8.4,6.6,8.2,North-Eastern Hill University,EXACT,False
William Carey University,Meghalaya,Engineering,"1,06,000","1,06,000",8.5,9.2,8.4,8.4,8.2,8.1,8.6,William Carey University,EXACT,False
Mahatma Gandhi University,Meghalaya,Engineering,"16,000",--,8.1,9,7,9,9,6.3,8.4,Mahatma Gandhi University,EXACT,False
"MIT University, Shillong",Meghalaya,Engineering,"1,35,000",--,3.8,4.8,2.5,3.8,3.3,4.5,3.8,"MIT University, Shillong",EXACT,False
Regional Institute of Science and Technolog,Meghalaya,Engineering,"1,25,000",--,8.2,9,8,7.7,9,7,8.3,Regional Institute of Science and Technolog,EXACT,False
"Tura Polytechnic College, Tura",Meghalaya,Engineering,"3,516",--,--,--,--,--,--,--,--,"Tura Polytechnic College, Tura",EXACT,False
"Shillong Polytechnic, Mawlai",Meghalaya,Engineering,--,--,--,--,--,--,--,--,--,"Shillong Polytechnic, Mawlai",EXACT,False
"Jowai Polytechnic, Jowai",Meghalaya,Engineering,"1,500",--,--,--,--,--,--,--,--,"Jowai Polytechnic, Jowai",EXACT,False
Indian Institute of Management,Meghalaya,Management,"1,46,000","7,50,000",8.9,8.8,8.8,9,8.9,8.9,8.7,Indian Institute of Management,EXACT,False
Martin Luther Christian University,Meghalaya,Management,"1,57,400","23,250",7.9,8.3,8,8.4,7,7.4,8.1,Martin Luther Christian University,EXACT,False
"CMJ University, Ri-Bhoi",Meghalaya,Management,"1,45,000","1,10,000",8.3,8.8,7.8,8.5,7.8,8.2,8.6,"CMJ University, Ri-Bhoi",EXACT,False
University of Science and Technology,Meghalaya,Management,"1,45,000","1,80,000",8.4,8.7,8.1,8.7,8.5,7.9,8.5,University of Science and Technology,EXACT,False
North-Eastern Hill University,Meghalaya,Management,"13,950","5,060",7.9,7.9,7.8,8.2,8.4,6.6,8.2,North-Eastern Hill University,EXACT,False
William Carey University,Meghalaya,Management,"1,18,000","74,000",8.5,9.2,8.4,8.4,8.2,8.1,8.6,William Carey University,EXACT,False
Mahatma Gandhi University,Meghalaya,Management,"50,000","80,000",8.1,9,7,9,9,6.3,8.4,Mahatma Gandhi University,EXACT,False
National Institute of Fashion Technology,Meghalaya,Management,"2,06,750",--,8.7,8.3,8,8.8,9,8.9,8.9,National Institute of Fashion Technology,EXACT,False
"ICFAI University, Shillong",Meghalaya,Management,"41,000","1,19,000",7.1,7.2,6.7,7.3,7.2,7.4,6.8,"ICFAI University, Shillong",EXACT,False
"MIT University, Shillong",Meghalaya,Management,"55,000","1,15,000",3.8,4.8,2.5,3.8,3.3,4.5,3.8,"MIT University, Shillong",EXACT,False
"Lady Keane College, Shillong",Meghalaya,Management,"44,520",--,--,--,--,--,--,--,--,"Lady Keane College, Shillong",EXACT,False
"St Anthony's College, Shillong",Meghalaya,Management,--,--,8.3,8.9,7.4,8.4,8.9,6.9,9,"St Anthony's College, Shillong",EXACT,False
"Shillong College, Shillong",Meghalaya,Management,"35,310",--,7,6.5,6,8.6,6.7,6.4,7.8,"Shillong College, Shillong",EXACT,False
Techno Global University,Meghalaya,Management,"3,00,000",--,8.1,8,8.5,9,8,7,8,Techno Global University,EXACT,False
Indian Institute of Management,Meghalaya,Science,"60,000",--,8.9,8.8,8.8,9,8.9,8.9,8.7,Indian Institute of Management,EXACT,False
National Institute of Technology,Meghalaya,Science,"39,000","43,000",7.3,8.1,7,7.9,6.1,7.1,7.5,NIT,EXACT,False
"CMJ University, Ri-Bhoi",Meghalaya,Science,"28,000","95,000",8.3,8.8,7.8,8.5,7.8,8.2,8.6,"CMJ University, Ri-Bhoi",EXACT,False
North-Eastern Hill University,Meghalaya,Science,"5,010","45,000",7.9,7.9,7.8,8.2,8.4,6.6,8.2,North-Eastern Hill University,EXACT,False
Martin Luther Christian University,Meghalaya,Science,"1,09,900","1,57,400",7.9,8.3,8,8.4,7,7.4,8.1,Martin Luther Christian University,EXACT,False
University of Science and Technology,Meghalaya,Science,"1,48,000","1,01,000",8.4,8.7,8.1,8.7,8.5,7.9,8.5,University of Science and Technology,EXACT,False
Mahatma Gandhi University,Meghalaya,Science,"50,000","40,000",8.1,9,7,9,9,6.3,8.4,Mahatma Gandhi University,EXACT,False
William Carey University,Meghalaya,Science,"1,14,000","66,000",8.5,9.2,8.4,8.4,8.2,8.1,8.6,William Carey University,EXACT,False
"Lady Keane College, Shillong",Meghalaya,Science,"32,120",--,--,--,--,--,--,--,--,"Lady Keane College, Shillong",EXACT,False
"Sankardev College, Shillong",Meghalaya,Science,"19,910",--,8.1,8.7,8,8,8,7.7,8,"Sankardev College, Shillong",EXACT,False
"St Anthony's College, Shillong",Meghalaya,Science,--,--,8.3,8.9,7.4,8.4,8.9,6.9,9,"St Anthony's College, Shillong",EXACT,False
"St Mary's College, Shillong",Meghalaya,Science,"30,620",--,7.2,7,8,8,7.7,5.3,7.3,"St Mary's College, Shillong",EXACT,False
"Synod College, Shillong",Meghalaya,Science,--,--,3.5,4.3,1,5,3.5,2,5,"Synod College, Shillong",EXACT,False
"Union Christian College, Shillong",Meghalaya,Science,"27,540",--,8.4,9,8.5,7.7,9,6.6,9.7,"Union Christian College, Shillong",EXACT,False
"Shillong College, Shillong",Meghalaya,Science,"32,610",--,7,6.5,6,8.6,6.7,6.4,7.8,"Shillong College, Shillong",EXACT,False
"St. Edmund's College, Shillong",Meghalaya,Science,"72,220",--,--,--,--,--,--,--,--,"St. Edmund's College, Shillong",EXACT,False
"CMJ University, Ri-Bhoi",Meghalaya,Commerce,"65,000","85,000",8.3,8.8,7.8,8.5,7.8,8.2,8.6,"CMJ University, Ri-Bhoi",EXACT,False
North-Eastern Hill University,Meghalaya,Commerce,"4,810","13,350",7.9,7.9,7.8,8.2,8.4,6.6,8.2,North-Eastern Hill University,EXACT,False
Martin Luther Christian University,Meghalaya,Commerce,"88,500","1,17,360",7.9,8.3,8,8.4,7,7.4,8.1,Martin Luther Christian University,EXACT,False
University of Science and Technology,Meghalaya,Commerce,"1,80,000","78,000",8.4,8.7,8.1,8.7,8.5,7.9,8.5,University of Science and Technology,EXACT,False
Mahatma Gandhi University,Meghalaya,Commerce,"30,000","40,000",8.1,9,7,9,9,6.3,8.4,Mahatma Gandhi University,EXACT,False
William Carey University,Meghalaya,Commerce,"87,300","36,500",8.5,9.2,8.4,8.4,8.2,8.1,8.6,William Carey University,EXACT,False
"ICFAI University, Shillong",Meghalaya,Commerce,"22,000","60,000",7.1,7.2,6.7,7.3,7.2,7.4,6.8,"ICFAI University, Shillong",EXACT,False
Jaintia Eastern College,Meghalaya,Commerce,"15,200",--,--,--,--,--,--,--,--,Jaintia Eastern College,EXACT,False
"St Anthony's College, Shillong",Meghalaya,Commerce,--,--,8.3,8.9,7.4,8.4,8.9,6.9,9,"St Anthony's College, Shillong",EXACT,False
"St Mary's College, Shillong",Meghalaya,Commerce,"19,320",--,7.2,7,8,8,7.7,5.3,7.3,"St Mary's College, Shillong",EXACT,False
"Synod College, Shillong",Meghalaya,Commerce,--,--,3.5,4.3,1,5,3.5,2,5,"Synod College, Shillong",EXACT,False
"Umshyrpi College, Shillong",Meghalaya,Commerce,"24,550",--,7.6,8,7,7.5,8,8,7,"Umshyrpi College, Shillong",EXACT,False
"Union Christian College, Shillong",Meghalaya,Commerce,"21,540",--,8.4,9,8.5,7.7,9,6.6,9.7,"Union Christian College, Shillong",EXACT,False
"Shillong College, Shillong",Meghalaya,Commerce,"20,730",--,7,6.5,6,8.6,6.7,6.4,7.8,"Shillong College, Shillong",EXACT,False
"St. Edmund's College, Shillong",Meghalaya,Commerce,"41,820",--,--,--,--,--,--,--,--,"St. Edmund's College, Shillong",EXACT,False
Indian Institute of Management,Meghalaya,Arts,"7,50,000",--,8.9,8.8,8.8,9,8.9,8.9,8.7,Indian Institute of Management,EXACT,False
"CMJ University, Ri-Bhoi",Meghalaya,Arts,"75,000","91,000",8.3,8.8,7.8,8.5,7.8,8.2,8.6,"CMJ University, Ri-Bhoi",EXACT,False
North-Eastern Hill University,Meghalaya,Arts,"4,910","8,210",7.9,7.9,7.8,8.2,8.4,6.6,8.2,North-Eastern Hill University,EXACT,False
Martin Luther Christian University,Meghalaya,Arts,"30,500","88,500",7.9,8.3,8,8.4,7,7.4,8.1,Martin Luther Christian University,EXACT,False
University of Science and Technology,Meghalaya,Arts,"1,05,000","88,000",8.4,8.7,8.1,8.7,8.5,7.9,8.5,University of Science and Technology,EXACT,False
Mahatma Gandhi University,Meghalaya,Arts,"40,000","24,000",8.1,9,7,9,9,6.3,8.4,Mahatma Gandhi University,EXACT,False
William Carey University,Meghalaya,Arts,"46,000","83,000",8.5,9.2,8.4,8.4,8.2,8.1,8.6,William Carey University,EXACT,False
"ICFAI University, Shillong",Meghalaya,Arts,"20,000","50,000",7.1,7.2,6.7,7.3,7.2,7.4,6.8,"ICFAI University, Shillong",EXACT,False
Jaintia Eastern College,Meghalaya,Arts,"15,000",--,--,--,--,--,--,--,--,Jaintia Eastern College,EXACT,False
"Lady Keane College, Shillong",Meghalaya,Arts,"19,870",200,--,--,--,--,--,--,--,"Lady Keane College, Shillong",EXACT,False
"Sankardev College, Shillong",Meghalaya,Arts,"14,510",--,8.1,8.7,8,8,8,7.7,8,"Sankardev College, Shillong",EXACT,False
"St Anthony's College, Shillong",Meghalaya,Arts,--,--,8.3,8.9,7.4,8.4,8.9,6.9,9,"St Anthony's College, Shillong",EXACT,False
"St Mary's College, Shillong",Meghalaya,Arts,"19,970",--,7.2,7,8,8,7.7,5.3,7.3,"St Mary's College, Shillong",EXACT,False
"Synod College, Shillong",Meghalaya,Arts,--,--,3.5,4.3,1,5,3.5,2,5,"Synod College, Shillong",EXACT,False
"Umshyrpi College, Shillong",Meghalaya,Arts,"24,550",--,7.6,8,7,7.5,8,8,7,"Umshyrpi College, Shillong",EXACT,False
"Union Christian College, Shillong",Meghalaya,Arts,"41,230",--,8.4,9,8.5,7.7,9,6.6,9.7,"Union Christian College, Shillong",EXACT,False
"Harding Theological College, West Garo Hills",Meghalaya,Arts,--,--,--,--,--,--,--,--,--,Harding Theological College,EXACT,False
English and Foreign Languages University,Meghalaya,Arts,--,--,8.3,9,8.3,8.3,9,7.7,7.3,English and Foreign Languages University,EXACT,False
"Shillong College, Shillong",Meghalaya,Arts,"20,730","34,110",7,6.5,6,8.6,6.7,6.4,7.8,"Shillong College, Shillong",EXACT,False
Techno Global University,Meghalaya,Arts,"2,50,000","3,00,000",8.1,8,8.5,9,8,7,8,Techno Global University,EXACT,False
"St. Edmund's College, Shillong",Meghalaya,Arts,"28,620","42,220",--,--,--,--,--,--,--,"St. Edmund's College, Shillong",EXACT,False
"CMJ University, Ri-Bhoi",Meghalaya,Hotel-management,"1,20,000","2,55,000",8.3,8.8,7.8,8.5,7.8,8.2,8.6,"CMJ University, Ri-Bhoi",EXACT,False
Mahatma Gandhi University,Meghalaya,Hotel-management,"70,000","70,000",8.1,9,7,9,9,6.3,8.4,Mahatma Gandhi University,EXACT,False
William Carey University,Meghalaya,Hotel-management,"76,000","81,500",8.5,9.2,8.4,8.4,8.2,8.1,8.6,William Carey University,EXACT,False
"Institute of Hotel Management Catering Technology and Applied Nutrition, Shillong",Meghalaya,Hotel-management,"1,16,800","55,000",8.1,8,7.5,8.3,8.5,8.4,8.1,Institute of Hotel Management Catering Technology and Applied Nutrition,EXACT,False
"CMJ University, Ri-Bhoi",Meghalaya,Agriculture,"2,35,000","2,20,000",8.3,8.8,7.8,8.5,7.8,8.2,8.6,"CMJ University, Ri-Bhoi",EXACT,False
William Carey University,Meghalaya,Agriculture,"1,21,000","74,000",8.5,9.2,8.4,8.4,8.2,8.1,8.6,William Carey University,EXACT,False
Techno Global University,Meghalaya,Agriculture,"2,40,000","2,50,000",8.1,8,8.5,9,8,7,8,Techno Global University,EXACT,False
"Tura Polytechnic College, Tura",Meghalaya,Agriculture,"3,516",--,--,--,--,--,--,--,--,"Tura Polytechnic College, Tura",EXACT,False
"CMJ University, Ri-Bhoi",Meghalaya,Medical,"95,000","23,000",8.3,8.8,7.8,8.5,7.8,8.2,8.6,"CMJ University, Ri-Bhoi",EXACT,False
Martin Luther Christian University,Meghalaya,Medical,"1,09,900","73,900",7.9,8.3,8,8.4,7,7.4,8.1,Martin Luther Christian University,EXACT,False
University of Science and Technology,Meghalaya,Medical,"1,38,000","1,03,000",8.4,8.7,8.1,8.7,8.5,7.9,8.5,University of Science and Technology,EXACT,False
Mahatma Gandhi University,Meghalaya,Medical,"70,000","88,000",8.1,9,7,9,9,6.3,8.4,Mahatma Gandhi University,EXACT,False
North Eastern Indira Gandhi Regional Institute of Health and Medical Sciences,Meghalaya,Medical,"6,020","5,225",8.6,8.7,8.1,9,8.5,8.4,8.6,North Eastern Indira Gandhi Regional Institute of Health and Medical Sciences,EXACT,False
Indian Institute of Public Health,Meghalaya,Medical,"1,10,000",--,--,--,--,--,--,--,--,Indian Institute of Public Health,EXACT,False
"CMJ University, Ri-Bhoi",Meghalaya,Pharmacy,"1,80,000","3,50,000",8.3,8.8,7.8,8.5,7.8,8.2,8.6,"CMJ University, Ri-Bhoi",EXACT,False
University of Science and Technology,Meghalaya,Pharmacy,"1,84,000","1,69,000",8.4,8.7,8.1,8.7,8.5,7.9,8.5,University of Science and Technology,EXACT,False
Mahatma Gandhi University,Meghalaya,Pharmacy,"1,20,000","1,00,000",8.1,9,7,9,9,6.3,8.4,Mahatma Gandhi University,EXACT,False
"CMJ University, Ri-Bhoi",Meghalaya,Law,"1,45,000","1,75,000",8.3,8.8,7.8,8.5,7.8,8.2,8.6,"CMJ University, Ri-Bhoi",EXACT,False
North-Eastern Hill University,Meghalaya,Law,"13,950","4,610",7.9,7.9,7.8,8.2,8.4,6.6,8.2,North-Eastern Hill University,EXACT,False
University of Science and Technology,Meghalaya,Law,"95,000",--,8.4,8.7,8.1,8.7,8.5,7.9,8.5,University of Science and Technology,EXACT,False
Mahatma Gandhi University,Meghalaya,Law,"50,000","70,000",8.1,9,7,9,9,6.3,8.4,Mahatma Gandhi University,EXACT,False
National Institute of Technology,Nagaland,Engineering,"1,33,800","85,700",7,7.3,6,7.5,6.3,7.2,7.8,NIT,EXACT,False
"St.Joseph University, Dimapur",Nagaland,Engineering,"1,23,000",--,8.1,8.4,7.9,8.3,8,8.1,8.1,"St.Joseph University, Dimapur",EXACT,False
"Nagaland University, Zunhebotto",Nagaland,Engineering,"26,960",--,8.1,8.1,7.7,8.7,7.8,7.8,8.3,"Nagaland University, Zunhebotto",EXACT,False
The Global Open University,Nagaland,Engineering,"6,525",--,7.8,8.9,7.3,8.4,7.6,7.3,7.4,The Global Open University,EXACT,False
"Government Polytechnic, Kohima",Nagaland,Engineering,"7,450",--,--,--,--,--,--,--,--,"Government Polytechnic, Kohima",EXACT,False
"Khelhoshe Polytechnic Atoizu[KPA], Kohima",Nagaland,Engineering,"11,100",--,--,--,--,--,--,--,--,Khelhoshe Polytechnic Atoizu[KPA],EXACT,False
"Government Polytechnic Seithekema C, Dimapur",Nagaland,Engineering,"8,000",--,--,--,--,--,--,--,--,Government Polytechnic Seithekema C,EXACT,False
Government Polytechnic Tsunazho,Nagaland,Engineering,"7,550",--,--,--,--,--,--,--,--,Government Polytechnic Tsunazho,EXACT,False
"Government Polytechnic Sedem, Tuensang",Nagaland,Engineering,"10,500",--,--,--,--,--,--,--,--,"Government Polytechnic Sedem, Tuensang",EXACT,False
"Institute of Communication and Information Technology, Kohima",Nagaland,Engineering,--,--,--,--,--,--,--,--,--,Institute of Communication and Information Technology,EXACT,False
"St.Joseph University, Dimapur",Nagaland,Management,"63,000","42,500",8.1,8.4,7.9,8.3,8,8.1,8.1,"St.Joseph University, Dimapur",EXACT,False
"Nagaland University, Zunhebotto",Nagaland,Management,"24,240",--,8.1,8.1,7.7,8.7,7.8,7.8,8.3,"Nagaland University, Zunhebotto",EXACT,False
"ICFAI University, Dimapur",Nagaland,Management,"47,470","1,47,600",7.4,7.1,7.1,7.8,8.2,7,7.3,"ICFAI University, Dimapur",EXACT,False
"St Joseph's College, Kohima",Nagaland,Management,"31,300",--,8.4,9,7.9,8.5,8.9,7.1,9.2,"St Joseph's College, Kohima",EXACT,False
The Global Open University,Nagaland,Management,"31,625","24,125",7.8,8.9,7.3,8.4,7.6,7.3,7.4,The Global Open University,EXACT,False
Modern College Kohima,Nagaland,Management,"3,000",--,--,--,--,--,--,--,--,Modern College Kohima,EXACT,False
"Tetso College, Dimapur",Nagaland,Management,"42,000",--,--,--,--,--,--,--,--,"Tetso College, Dimapur",EXACT,False
"Nagaland University, Zunhebotto",Nagaland,Science,"10,300","30,290",8.1,8.1,7.7,8.7,7.8,7.8,8.3,"Nagaland University, Zunhebotto",EXACT,False
National Research Centre on Mithun,Nagaland,Science,--,--,--,--,--,--,--,--,--,National Research Centre on Mithun,EXACT,False
National Institute of Technology,Nagaland,Science,"24,700","10,850",7,7.3,6,7.5,6.3,7.2,7.8,NIT,EXACT,False
"St.Joseph University, Dimapur",Nagaland,Science,"75,000","56,000",8.1,8.4,7.9,8.3,8,8.1,8.1,"St.Joseph University, Dimapur",EXACT,False
"Immanuel College, Dimapur",Nagaland,Science,"28,540",--,5.3,6,5,8,5,1,7,"Immanuel College, Dimapur",EXACT,False
"Patkai Christian College, Dimapur",Nagaland,Science,"17,000","18,600",8.1,9,7,9.4,8.3,5.8,9,"Patkai Christian College, Dimapur",EXACT,False
"St Joseph's College, Kohima",Nagaland,Science,"34,300",--,8.4,9,7.9,8.5,8.9,7.1,9.2,"St Joseph's College, Kohima",EXACT,False
Kohima Science College,Nagaland,Science,"12,550","19,070",7.6,8.6,7.6,8.3,7.2,6,8,Kohima Science College,EXACT,False
The Global Open University,Nagaland,Science,"24,125","24,125",7.8,8.9,7.3,8.4,7.6,7.3,7.4,The Global Open University,EXACT,False
"Fazl Ali College, Mokokchung",Nagaland,Science,"9,050",--,7.5,8.2,7.3,7.8,7.6,6.2,7.6,"Fazl Ali College, Mokokchung",EXACT,False
Modern College Kohima,Nagaland,Science,"2,000",--,--,--,--,--,--,--,--,Modern College Kohima,EXACT,False
Model Christian College,Nagaland,Science,"43,300",--,--,--,--,--,--,--,--,Model Christian College,EXACT,False
"Nagaland University, Zunhebotto",Nagaland,Commerce,"7,470","26,090",8.1,8.1,7.7,8.7,7.8,7.8,8.3,"Nagaland University, Zunhebotto",EXACT,False
"St.Joseph University, Dimapur",Nagaland,Commerce,"40,600","47,500",8.1,8.4,7.9,8.3,8,8.1,8.1,"St.Joseph University, Dimapur",EXACT,False
"ICFAI University, Dimapur",Nagaland,Commerce,"34,900","61,300",7.4,7.1,7.1,7.8,8.2,7,7.3,"ICFAI University, Dimapur",EXACT,False
"Dimapur Government College, Dimapur",Nagaland,Commerce,"7,590",--,7,8.2,5.9,8.6,6.4,6.2,6.7,"Dimapur Government College, Dimapur",EXACT,False
"Kohima College, Kohima",Nagaland,Commerce,"13,020",--,7,7.6,6,7.5,7.6,6.2,7,"Kohima College, Kohima",EXACT,False
"Patkai Christian College, Dimapur",Nagaland,Commerce,"12,000",--,8.1,9,7,9.4,8.3,5.8,9,"Patkai Christian College, Dimapur",EXACT,False
"St Joseph's College, Kohima",Nagaland,Commerce,"24,000",--,8.4,9,7.9,8.5,8.9,7.1,9.2,"St Joseph's College, Kohima",EXACT,False
The Global Open University,Nagaland,Commerce,"24,125","24,125",7.8,8.9,7.3,8.4,7.6,7.3,7.4,The Global Open University,EXACT,False
Public College of Commerce,Nagaland,Commerce,"11,000",--,6.5,8,5,9,8,4,5,Public College of Commerce,EXACT,False
"Oriental College, Kohima",Nagaland,Commerce,"25,500",--,--,--,--,--,--,--,--,"Oriental College, Kohima",EXACT,False
"Unity College, Dimapur",Nagaland,Commerce,"31,000",--,--,--,--,--,--,--,--,"Unity College, Dimapur",EXACT,False
"Tetso College, Dimapur",Nagaland,Commerce,"26,500",--,--,--,--,--,--,--,--,"Tetso College, Dimapur",EXACT,False
"Shri Digamber Jain Girls' College, Dimapur",Nagaland,Commerce,"21,200",--,--,--,--,--,--,--,--,Shri Digamber Jain Girls' College,EXACT,False
"Nagaland University, Zunhebotto",Nagaland,Arts,"10,300","26,090",8.1,8.1,7.7,8.7,7.8,7.8,8.3,"Nagaland University, Zunhebotto",EXACT,False
"St.Joseph University, Dimapur",Nagaland,Arts,"38,000","47,500",8.1,8.4,7.9,8.3,8,8.1,8.1,"St.Joseph University, Dimapur",EXACT,False
"ICFAI University, Dimapur",Nagaland,Arts,"52,000","52,000",7.4,7.1,7.1,7.8,8.2,7,7.3,"ICFAI University, Dimapur",EXACT,False
"Alder College, Kohima",Nagaland,Arts,"6,400",--,8.7,9,8,9,8,9,9,"Alder College, Kohima",EXACT,False
Anderson Theological College,Nagaland,Arts,--,--,--,--,--,--,--,--,--,Anderson Theological College,EXACT,False
"Dimapur Government College, Dimapur",Nagaland,Arts,"7,590",--,7,8.2,5.9,8.6,6.4,6.2,6.7,"Dimapur Government College, Dimapur",EXACT,False
Discipleship Bible College,Nagaland,Arts,--,--,--,--,--,--,--,--,--,Discipleship Bible College,EXACT,False
"Immanuel College, Dimapur",Nagaland,Arts,"18,440",--,5.3,6,5,8,5,1,7,"Immanuel College, Dimapur",EXACT,False
"Kohima College, Kohima",Nagaland,Arts,"13,020",--,7,7.6,6,7.5,7.6,6.2,7,"Kohima College, Kohima",EXACT,False
Oriental Theological Seminary,Nagaland,Arts,--,--,--,--,--,--,--,--,--,Oriental Theological Seminary,EXACT,False
"Patkai Christian College, Dimapur",Nagaland,Arts,"12,000","12,600",8.1,9,7,9.4,8.3,5.8,9,"Patkai Christian College, Dimapur",EXACT,False
"St Joseph's College, Kohima",Nagaland,Arts,"24,000","40,000",8.4,9,7.9,8.5,8.9,7.1,9.2,"St Joseph's College, Kohima",EXACT,False
"Baptist Theological College-[BTC], Phek",Nagaland,Arts,"42,500",--,--,--,--,--,--,--,--,"Baptist Theological College-[BTC], Phek",EXACT,False
Clark Theological College,Nagaland,Arts,--,--,--,--,--,--,--,--,--,Clark Theological College,EXACT,False
Kohima Science College,Nagaland,Arts,"12,050",--,7.6,8.6,7.6,8.3,7.2,6,8,Kohima Science College,EXACT,False
The Global Open University,Nagaland,Arts,"24,125","18,125",7.8,8.9,7.3,8.4,7.6,7.3,7.4,The Global Open University,EXACT,False
"Fazl Ali College, Mokokchung",Nagaland,Arts,"8,750",--,7.5,8.2,7.3,7.8,7.6,6.2,7.6,"Fazl Ali College, Mokokchung",EXACT,False
Modern College Kohima,Nagaland,Arts,--,--,--,--,--,--,--,--,--,Modern College Kohima,EXACT,False
"Oriental College, Kohima",Nagaland,Arts,"25,500",--,--,--,--,--,--,--,--,"Oriental College, Kohima",EXACT,False
"Unity College, Dimapur",Nagaland,Arts,"31,000",--,--,--,--,--,--,--,--,"Unity College, Dimapur",EXACT,False
"Tetso College, Dimapur",Nagaland,Arts,"42,000","47,500",--,--,--,--,--,--,--,"Tetso College, Dimapur",EXACT,False
"Shri Digamber Jain Girls' College, Dimapur",Nagaland,Arts,"21,200",--,--,--,--,--,--,--,--,Shri Digamber Jain Girls' College,EXACT,False
"Sakus Mission College, Dimapur",Nagaland,Arts,"17,100",--,--,--,--,--,--,--,--,"Sakus Mission College, Dimapur",EXACT,False
"North East Institute of Social Science & Research, Dimapur",Nagaland,Arts,"72,500",--,--,--,--,--,--,--,--,North East Institute of Social Science & Research,EXACT,False
Model Christian College,Nagaland,Arts,"29,900",--,--,--,--,--,--,--,--,Model Christian College,EXACT,False
"KROS College, Kohima",Nagaland,Arts,"3,700",--,--,--,--,--,--,--,--,"KROS College, Kohima",EXACT,False
Capital College of Higher Education,Nagaland,Arts,"29,650",--,--,--,--,--,--,--,--,Capital College of Higher Education,EXACT,False
"ICFAI University, Dimapur",Nagaland,Hotel-management,"20,000",--,7.4,7.1,7.1,7.8,8.2,7,7.3,"ICFAI University, Dimapur",EXACT,False
The Global Open University,Nagaland,Hotel-management,"24,125",--,7.8,8.9,7.3,8.4,7.6,7.3,7.4,The Global Open University,EXACT,False
"Nagaland University, Zunhebotto",Nagaland,Agriculture,"10,300",--,8.1,8.1,7.7,8.7,7.8,7.8,8.3,"Nagaland University, Zunhebotto",EXACT,False
National Research Centre on Mithun,Nagaland,Agriculture,--,--,--,--,--,--,--,--,--,National Research Centre on Mithun,EXACT,False
The Global Open University,Nagaland,Agriculture,"24,125",--,7.8,8.9,7.3,8.4,7.6,7.3,7.4,The Global Open University,EXACT,False
Modern College Kohima,Nagaland,Agriculture,"2,000","2,000",--,--,--,--,--,--,--,Modern College Kohima,EXACT,False
"Nagaland University, Zunhebotto",Nagaland,Law,"21,440",--,8.1,8.1,7.7,8.7,7.8,7.8,8.3,"Nagaland University, Zunhebotto",EXACT,False
The Global Open University,Nagaland,Law,"24,125",--,7.8,8.9,7.3,8.4,7.6,7.3,7.4,The Global Open University,EXACT,False
Pondicherry Engineering College,Puducherry,Engineering,"1,71,200","38,050",7.8,8.5,6.9,8.1,7.5,8,7.7,Pondicherry Engineering College,EXACT,False
National Institute of Technology,Puducherry,Engineering,"54,366","28,400",7,7.8,6.8,7.2,6.3,6.6,7.2,NIT,EXACT,False
Manakula Vinayagar Institute of Technology,Puducherry,Engineering,"2,44,000",--,7.4,7.9,7.1,7.6,7.7,7.5,6.8,Manakula Vinayagar Institute of Technology,EXACT,False
"Sri Manakula Vinayagar Engineering College, Pondicherry",Puducherry,Engineering,"40,000","20,450",7.5,8.1,6.6,7.9,7.8,8.1,6.5,Sri Manakula Vinayagar Engineering College,EXACT,False
"Rajiv Gandhi College of Engineering and Technology, Pondicherry",Puducherry,Engineering,"40,000","20,450",6.8,7.1,6,7,6.9,6.9,6.6,Rajiv Gandhi College of Engineering and Technology,EXACT,False
"Christ College of Engineering and Technology, Pondicherry",Puducherry,Engineering,"1,16,000","90,000",7,8.2,5.8,7.9,6.4,6.5,7.1,Christ College of Engineering and Technology,EXACT,False
Perunthalaivar Kamarajar Institute of Engineering and Technology,Puducherry,Engineering,"31,915",--,8,8,8,8,8,8,8,Perunthalaivar Kamarajar Institute of Engineering and Technology,EXACT,False
Achariya College of Engineering Technology,Puducherry,Engineering,"68,000",--,6.3,7,6,6.1,6.5,5.4,6.9,Achariya College of Engineering Technology,EXACT,False
"Regency Institute of Technology, Yanam",Puducherry,Engineering,"41,263",--,5.7,5.4,6,5.2,7.1,4.4,5.9,"Regency Institute of Technology, Yanam",EXACT,False
Bharathiyar College of Engineering and Technology,Puducherry,Engineering,--,--,6,6.5,5.8,7,7.5,4.5,4.8,Bharathiyar College of Engineering and Technology,EXACT,False
"PSV College of Engineering and Technology, Pondicherry",Puducherry,Engineering,"30,000",--,5.3,5.3,4.7,6,5.3,5,5.7,PSV College of Engineering and Technology,EXACT,False
Christ Institute of Technology,Puducherry,Engineering,"45,000",--,5.2,5.6,4.9,5.7,5.3,5,4.4,Christ Institute of Technology,EXACT,False
R V S College of Engineering and Technology,Puducherry,Engineering,"40,000",--,--,--,--,--,--,--,--,R V S College of Engineering and Technology,EXACT,False
"Alpha College of Engineering & Technology, Pondicherry",Puducherry,Engineering,"29,000",--,4.7,5,5.3,5,4.2,3.8,5,Alpha College of Engineering & Technology,EXACT,False
Pondicherry University,Puducherry,Engineering,"26,218","36,301",7.8,8,7.3,8,8.1,6.9,8.4,Pondicherry University,EXACT,False
"Sri Chakra Maritime College, Pondicherry",Puducherry,Engineering,--,--,--,--,--,--,--,--,--,"Sri Chakra Maritime College, Pondicherry",EXACT,False
"Motilal Nehru Government Polytechnic College, Pondicherry",Puducherry,Engineering,--,--,--,--,--,--,--,--,--,Motilal Nehru Government Polytechnic College,EXACT,False
Karaikal Polytechnic College,Puducherry,Engineering,"6,000",--,--,--,--,--,--,--,--,Karaikal Polytechnic College,EXACT,False
Dr. B. R. Ambedkar Polytechnic College,Puducherry,Engineering,"6,000",--,--,--,--,--,--,--,--,Dr. B. R. Ambedkar Polytechnic College,EXACT,False
Indira Gandhi Polytechnic College,Puducherry,Engineering,"7,095","7,195",--,--,--,--,--,--,--,Indira Gandhi Polytechnic College,EXACT,False
"Sri Manakula Vinayagar Polytechnic College-[SMVPC], Pondicherry",Puducherry,Engineering,"17,500",--,--,--,--,--,--,--,--,Sri Manakula Vinayagar Polytechnic College-[SMVPC],EXACT,False
Women’s Polytechnic College,Puducherry,Engineering,"6,000","6,000",--,--,--,--,--,--,--,Women’s Polytechnic College,EXACT,False
Pondicherry University,Puducherry,Management,"74,718","23,301",7.8,8,7.3,8,8.1,6.9,8.4,Pondicherry University,EXACT,False
Achariya School of Business & Technology,Puducherry,Management,"60,000",--,8.5,8,8,9,9,9,8,Achariya School of Business & Technology,EXACT,False
Manakula Vinayagar Institute of Technology,Puducherry,Management,--,--,7.4,7.9,7.1,7.6,7.7,7.5,6.8,Manakula Vinayagar Institute of Technology,EXACT,False
"Sri Manakula Vinayagar Engineering College, Pondicherry",Puducherry,Management,"55,850",--,7.5,8.1,6.6,7.9,7.8,8.1,6.5,Sri Manakula Vinayagar Engineering College,EXACT,False
"Rajiv Gandhi College of Engineering and Technology, Pondicherry",Puducherry,Management,"55,850",--,6.8,7.1,6,7,6.9,6.9,6.6,Rajiv Gandhi College of Engineering and Technology,EXACT,False
"Christ College of Engineering and Technology, Pondicherry",Puducherry,Management,"66,000",--,7,8.2,5.8,7.9,6.4,6.5,7.1,Christ College of Engineering and Technology,EXACT,False
"Regency Institute of Technology, Yanam",Puducherry,Management,--,--,5.7,5.4,6,5.2,7.1,4.4,5.9,"Regency Institute of Technology, Yanam",EXACT,False
"Perunthalaivar Kamarajar Government Arts College, Pondicherry",Puducherry,Management,--,--,6.2,6.3,5.8,7.3,5.8,5,7,Perunthalaivar Kamarajar Government Arts College,EXACT,False
Tagore Art College,Puducherry,Management,--,--,6.1,6.7,5.4,7,6,5.7,6,Tagore Art College,EXACT,False
Mahe Co-operative Centre for Information Technology,Puducherry,Management,"49,850",--,7.3,7.5,7,7.8,7.3,6.3,7.8,Mahe Co-operative Centre for Information Technology,EXACT,False
"Pondicherry University, Directorate of Distance Education",Puducherry,Management,"24,925","9,975",8.2,8.8,7.9,8.2,8.3,7.7,8,Pondicherry University,EXACT,False
Jawaharlal Institute of Post Graduate Medical Education and Research,Puducherry,Science,"3,760","2,760",8.8,9.5,7.8,9,8.9,9.1,8.7,Jawaharlal Institute of Post Graduate Medical Education and Research,EXACT,False
Pondicherry University,Puducherry,Science,"26,218","25,901",7.8,8,7.3,8,8.1,6.9,8.4,Pondicherry University,EXACT,False
Pondicherry Engineering College,Puducherry,Science,"44,300","11,350",7.8,8.5,6.9,8.1,7.5,8,7.7,Pondicherry Engineering College,EXACT,False
Bharathidasan Government College for Women,Puducherry,Science,"1,360","1,558",7.4,7.7,6.4,7.4,7.6,7.6,7.6,Bharathidasan Government College for Women,EXACT,False
Pandit Jawaharlal Nehru College of Agriculture & Research Institute,Puducherry,Science,"65,986",--,8.1,8.1,7.8,8.3,7.9,7.7,8.8,Pandit Jawaharlal Nehru College of Agriculture & Research Institute,EXACT,False
National Institute of Technology,Puducherry,Science,"28,400",--,7,7.8,6.8,7.2,6.3,6.6,7.2,NIT,EXACT,False
Sri Balaji Vidyapeeth University,Puducherry,Science,"30,000","25,000",8.9,9,8.5,9.3,9.5,9,8,Sri Balaji Vidyapeeth University,EXACT,False
Achariya School of Business & Technology,Puducherry,Science,"26,000",--,8.5,8,8,9,9,9,8,Achariya School of Business & Technology,EXACT,False
Achariya Arts and Science College,Puducherry,Science,--,--,7.2,7.5,6.7,7.5,6.9,7.3,7.5,Achariya Arts and Science College,EXACT,False
Avvaiyar Government College for Women,Puducherry,Science,--,--,--,--,--,--,--,--,--,Avvaiyar Government College for Women,EXACT,False
"Dr SRK Government Arts College, Yanam",Puducherry,Science,--,--,--,--,--,--,--,--,--,"Dr SRK Government Arts College, Yanam",EXACT,False
"Idhaya Arts and Science College for Women, Pondicherry",Puducherry,Science,--,--,5.7,5.8,5.4,5.6,6,5.8,5.8,Idhaya Arts and Science College for Women,EXACT,False
Kanchi Mamunivar Centre for Post Graduate Studies,Puducherry,Science,"1,590",--,5.8,6,5,6,5.5,6,6.5,Kanchi Mamunivar Centre for Post Graduate Studies,EXACT,False
"Perunthalaivar Kamarajar Government Arts College, Pondicherry",Puducherry,Science,--,--,6.2,6.3,5.8,7.3,5.8,5,7,Perunthalaivar Kamarajar Government Arts College,EXACT,False
Tagore Art College,Puducherry,Science,"2,360","20,270",6.1,6.7,5.4,7,6,5.7,6,Tagore Art College,EXACT,False
Aarupadai Veedu Medical College,Puducherry,Science,--,--,7.5,7.9,6.6,8.4,6.6,7.9,7.6,Aarupadai Veedu Medical College,EXACT,False
The French Institute of Pondicherry,Puducherry,Science,--,--,--,--,--,--,--,--,--,The French Institute of Pondicherry,EXACT,False
"Mahatma Gandhi Medical College and Research Institute, Sri Balaji Vidyapeeth",Puducherry,Science,"50,000","25,000",8.5,8.6,8.1,9,8.6,8,8.7,Mahatma Gandhi Medical College and Research Institute,EXACT,False
"Sree Lakshmi Narayana Institute of Medical Sciences, Pondicherry",Puducherry,Science,"75,000","1,25,000",8,8.3,8.1,8.3,8.1,7.7,7.6,Sree Lakshmi Narayana Institute of Medical Sciences,EXACT,False
"Sri Chakra Maritime College, Pondicherry",Puducherry,Science,--,--,--,--,--,--,--,--,--,"Sri Chakra Maritime College, Pondicherry",EXACT,False
"Indira Gandhi College of Arts and Science, Pondicherry",Puducherry,Science,"1,488",--,7.1,7.3,6.6,7.3,7.3,7,7.1,Indira Gandhi College of Arts and Science,EXACT,False
Mahatma Gandhi Government Arts College,Puducherry,Science,--,--,5.7,8,4,5.3,7.7,2,7.3,Mahatma Gandhi Government Arts College,EXACT,False
Mother Teresa Post Graduate and Research Institute of Health Sciences,Puducherry,Science,"20,000",--,6.6,7,6.2,6.9,6.6,5.7,7,Mother Teresa Post Graduate and Research Institute of Health Sciences,EXACT,False
Pondicherry University,Puducherry,Commerce,"23,718","23,301",7.8,8,7.3,8,8.1,6.9,8.4,Pondicherry University,EXACT,False
Bharathidasan Government College for Women,Puducherry,Commerce,"1,660","1,628",7.4,7.7,6.4,7.4,7.6,7.6,7.6,Bharathidasan Government College for Women,EXACT,False
Achariya Arts and Science College,Puducherry,Commerce,--,--,7.2,7.5,6.7,7.5,6.9,7.3,7.5,Achariya Arts and Science College,EXACT,False
Avvaiyar Government College for Women,Puducherry,Commerce,--,--,--,--,--,--,--,--,--,Avvaiyar Government College for Women,EXACT,False
"Dr SRK Government Arts College, Yanam",Puducherry,Commerce,--,--,--,--,--,--,--,--,--,"Dr SRK Government Arts College, Yanam",EXACT,False
"Idhaya Arts and Science College for Women, Pondicherry",Puducherry,Commerce,--,--,5.7,5.8,5.4,5.6,6,5.8,5.8,Idhaya Arts and Science College for Women,EXACT,False
Kanchi Mamunivar Centre for Post Graduate Studies,Puducherry,Commerce,"1,530",--,5.8,6,5,6,5.5,6,6.5,Kanchi Mamunivar Centre for Post Graduate Studies,EXACT,False
"Perunthalaivar Kamarajar Government Arts College, Pondicherry",Puducherry,Commerce,--,--,6.2,6.3,5.8,7.3,5.8,5,7,Perunthalaivar Kamarajar Government Arts College,EXACT,False
Tagore Art College,Puducherry,Commerce,"4,200","20,250",6.1,6.7,5.4,7,6,5.7,6,Tagore Art College,EXACT,False
Mahe Co-operative Centre for Information Technology,Puducherry,Commerce,--,--,7.3,7.5,7,7.8,7.3,6.3,7.8,Mahe Co-operative Centre for Information Technology,EXACT,False
"Pondicherry University, Directorate of Distance Education",Puducherry,Commerce,"9,975","11,425",8.2,8.8,7.9,8.2,8.3,7.7,8,Pondicherry University,EXACT,False
"Indira Gandhi College of Arts and Science, Pondicherry",Puducherry,Commerce,"1,488",--,7.1,7.3,6.6,7.3,7.3,7,7.1,Indira Gandhi College of Arts and Science,EXACT,False
Mahatma Gandhi Government Arts College,Puducherry,Commerce,--,--,5.7,8,4,5.3,7.7,2,7.3,Mahatma Gandhi Government Arts College,EXACT,False
Pondicherry University,Puducherry,Arts,"23,901","20,718",7.8,8,7.3,8,8.1,6.9,8.4,Pondicherry University,EXACT,False
Bharathidasan Government College for Women,Puducherry,Arts,"1,360",--,7.4,7.7,6.4,7.4,7.6,7.6,7.6,Bharathidasan Government College for Women,EXACT,False
National Institute of Technology,Puducherry,Arts,"28,400",--,7,7.8,6.8,7.2,6.3,6.6,7.2,NIT,EXACT,False
Sri Balaji Vidyapeeth University,Puducherry,Arts,"50,500",--,8.9,9,8.5,9.3,9.5,9,8,Sri Balaji Vidyapeeth University,EXACT,False
Achariya Arts and Science College,Puducherry,Arts,--,--,7.2,7.5,6.7,7.5,6.9,7.3,7.5,Achariya Arts and Science College,EXACT,False
Avvaiyar Government College for Women,Puducherry,Arts,--,--,--,--,--,--,--,--,--,Avvaiyar Government College for Women,EXACT,False
"Dr SRK Government Arts College, Yanam",Puducherry,Arts,--,--,--,--,--,--,--,--,--,"Dr SRK Government Arts College, Yanam",EXACT,False
"Idhaya Arts and Science College for Women, Pondicherry",Puducherry,Arts,--,--,5.7,5.8,5.4,5.6,6,5.8,5.8,Idhaya Arts and Science College for Women,EXACT,False
Kanchi Mamunivar Centre for Post Graduate Studies,Puducherry,Arts,"1,530",--,5.8,6,5,6,5.5,6,6.5,Kanchi Mamunivar Centre for Post Graduate Studies,EXACT,False
"Perunthalaivar Kamarajar Government Arts College, Pondicherry",Puducherry,Arts,--,--,6.2,6.3,5.8,7.3,5.8,5,7,Perunthalaivar Kamarajar Government Arts College,EXACT,False
Tagore Art College,Puducherry,Arts,"2,360",--,6.1,6.7,5.4,7,6,5.7,6,Tagore Art College,EXACT,False
"Bharathiar Palkalaikoodam, Pondicherry",Puducherry,Arts,"8,268",--,8.8,8,--,--,--,--,--,"Bharathiar Palkalaikoodam, Pondicherry",EXACT,False
The French Institute of Pondicherry,Puducherry,Arts,--,--,--,--,--,--,--,--,--,The French Institute of Pondicherry,EXACT,False
"Achariya College of Education, Pondicherry",Puducherry,Arts,--,--,--,--,--,--,--,--,--,Achariya College of Education,EXACT,False
"Pondicherry University, Directorate of Distance Education",Puducherry,Arts,"11,425",--,8.2,8.8,7.9,8.2,8.3,7.7,8,Pondicherry University,EXACT,False
Mahatma Gandhi Government Arts College,Puducherry,Arts,--,--,5.7,8,4,5.3,7.7,2,7.3,Mahatma Gandhi Government Arts College,EXACT,False
Pondicherry Institute of Hotel Management & Catering Technology,Puducherry,Hotel-management,"1,09,400",--,7.6,8,7.5,8,7.5,7.5,7,Pondicherry Institute of Hotel Management & Catering Technology,EXACT,False
Achariya School Tourism and Hotel Management,Puducherry,Hotel-management,"15,000","45,000",9.3,--,--,--,--,--,--,Achariya School Tourism and Hotel Management,EXACT,False
Pandit Jawaharlal Nehru College of Agriculture & Research Institute,Puducherry,Agriculture,"69,370","70,750",8.1,8.1,7.8,8.3,7.9,7.7,8.8,Pandit Jawaharlal Nehru College of Agriculture & Research Institute,EXACT,False
Avvaiyar Government College for Women,Puducherry,Agriculture,--,--,--,--,--,--,--,--,--,Avvaiyar Government College for Women,EXACT,False
Tagore Art College,Puducherry,Agriculture,--,--,6.1,6.7,5.4,7,6,5.7,6,Tagore Art College,EXACT,False
Mahatma Gandhi Government Arts College,Puducherry,Agriculture,--,--,5.7,8,4,5.3,7.7,2,7.3,Mahatma Gandhi Government Arts College,EXACT,False
Jawaharlal Institute of Post Graduate Medical Education and Research,Puducherry,Medical,"2,760","7,760",8.8,9.5,7.8,9,8.9,9.1,8.7,Jawaharlal Institute of Post Graduate Medical Education and Research,EXACT,False
"Mahatma Gandhi Medical College and Research Institute, Sri Balaji Vidyapeeth",Puducherry,Medical,"75,000","75,000",8.5,8.6,8.1,9,8.6,8,8.7,Mahatma Gandhi Medical College and Research Institute,EXACT,False
Pondicherry Institute of Medical Sciences,Puducherry,Medical,"16,00,000","34,50,000",8,8,7,8.5,7.8,8,8.5,Pondicherry Institute of Medical Sciences,EXACT,False
Sri Manakula Vinayagar Medical College and Hospital,Puducherry,Medical,"9,04,000","16,20,000",8.9,9.1,8.5,9.5,8.6,8.9,8.6,Sri Manakula Vinayagar Medical College and Hospital,EXACT,False
Pondicherry University,Puducherry,Medical,--,--,7.8,8,7.3,8,8.1,6.9,8.4,Pondicherry University,EXACT,False
Sri Balaji Vidyapeeth University,Puducherry,Medical,"75,000","75,000",8.9,9,8.5,9.3,9.5,9,8,Sri Balaji Vidyapeeth University,EXACT,False
Aarupadai Veedu Medical College,Puducherry,Medical,"20,18,550",--,7.5,7.9,6.6,8.4,6.6,7.9,7.6,Aarupadai Veedu Medical College,EXACT,False
"Sree Lakshmi Narayana Institute of Medical Sciences, Pondicherry",Puducherry,Medical,"75,000","21,50,000",8,8.3,8.1,8.3,8.1,7.7,7.6,Sree Lakshmi Narayana Institute of Medical Sciences,EXACT,False
"Sri Venkateshwaraa Medical College Hospital & Research Centre, Pondicherry",Puducherry,Medical,"20,00,000","6,00,000",7.1,7.6,6.4,7.7,6.5,6.8,7.3,Sri Venkateshwaraa Medical College Hospital & Research Centre,EXACT,False
Vinayaka Missions College of Nursing,Puducherry,Medical,--,--,9,--,--,--,--,--,--,Vinayaka Missions College of Nursing,EXACT,False
Indira Gandhi Medial College and Research Institute,Puducherry,Medical,"1,00,500",--,7.2,7.8,6.8,7.8,6.6,6.8,7.2,Indira Gandhi Medial College and Research Institute,EXACT,False
Mother Teresa Post Graduate and Research Institute of Health Sciences,Puducherry,Medical,"40,000","65,000",6.6,7,6.2,6.9,6.6,5.7,7,Mother Teresa Post Graduate and Research Institute of Health Sciences,EXACT,False
Vinayaka Missions Medical College and Hospital,Puducherry,Medical,"18,68,550","33,50,000",8.1,8.5,7.5,8.5,7.7,8.1,8.2,Vinayaka Missions Medical College and Hospital,EXACT,False
Jawaharlal Institute of Post Graduate Medical Education and Research,Puducherry,Pharmacy,"3,600",--,8.8,9.5,7.8,9,8.9,9.1,8.7,Jawaharlal Institute of Post Graduate Medical Education and Research,EXACT,False
Mother Teresa Post Graduate and Research Institute of Health Sciences,Puducherry,Pharmacy,"55,000","65,000",6.6,7,6.2,6.9,6.6,5.7,7,Mother Teresa Post Graduate and Research Institute of Health Sciences,EXACT,False
Pondicherry University,Puducherry,Law,"23,301","23,659",7.8,8,7.3,8,8.1,6.9,8.4,Pondicherry University,EXACT,False
"Dr. B.R. Ambedkar Government Law College, Pondicherry",Puducherry,Law,--,--,4.2,5,4,4,5,3,4,Dr. B.R. Ambedkar Government Law College,EXACT,False
National Institute of Technology,Tripura,Engineering,"1,50,100","89,800",8,8.1,7.7,7.3,8.7,7.8,8.2,NIT,EXACT,False
"ICFAI University, West Tripura",Tripura,Engineering,"1,30,000","1,11,000",8,8.1,7.6,8.1,8.3,7.6,8.5,"ICFAI University, West Tripura",EXACT,False
Indian Institute of Information Technology,Tripura,Engineering,"2,06,200",--,8.4,8.9,7.6,8.9,8.4,8.1,8.6,IIIT,EXACT,False
"Tripura Institute of Technology, Agartala",Tripura,Engineering,"12,180","6,751",7.6,7.8,6.5,8.2,8.3,6.8,8.1,Tripura Institute of Technology,EXACT,False
Techno College of Engineering Agartala,Tripura,Engineering,"98,000",--,8,7.6,7.4,7.6,9.2,7.8,8.4,Techno College of Engineering Agartala,EXACT,False
"Tripura University, West Tripura",Tripura,Engineering,"55,300","5,200",7.5,8,7.1,8.4,7.6,6,8,"Tripura University, West Tripura",EXACT,False
"TTAADC Polytechnic Institute, West Tripura",Tripura,Engineering,"6,750",--,--,--,--,--,--,--,--,TTAADC Polytechnic Institute,EXACT,False
"ICFAI University, West Tripura",Tripura,Management,"1,50,000","84,000",8,8.1,7.6,8.1,8.3,7.6,8.5,"ICFAI University, West Tripura",EXACT,False
National Institute of Technology,Tripura,Management,"69,800","28,800",8,8.1,7.7,7.3,8.7,7.8,8.2,NIT,EXACT,False
Bhavan's Tripura College of Science and Technology,Tripura,Management,"27,000",--,4.3,4,4,5,5,4,4,Bhavan's Tripura College of Science and Technology,EXACT,False
"Holy Cross College, Agartala",Tripura,Management,"58,600",--,7.3,8.1,7.9,8.1,6.9,5.3,7.4,"Holy Cross College, Agartala",EXACT,False
"Tripura University, West Tripura",Tripura,Management,"59,300","59,300",7.5,8,7.1,8.4,7.6,6,8,"Tripura University, West Tripura",EXACT,False
"ICFAI University, Directorate of Distance Education, Agartala",Tripura,Management,"14,000","18,500",7.9,8.3,7.5,8,7.5,8.5,7.8,ICFAI University,EXACT,False
National Institute of Technology,Tripura,Science,"31,800","23,100",8,8.1,7.7,7.3,8.7,7.8,8.2,NIT,EXACT,False
"ICFAI University, West Tripura",Tripura,Science,"1,00,000","84,000",8,8.1,7.6,8.1,8.3,7.6,8.5,"ICFAI University, West Tripura",EXACT,False
Bhavan's Tripura College of Science and Technology,Tripura,Science,"17,000","55,000",4.3,4,4,5,5,4,4,Bhavan's Tripura College of Science and Technology,EXACT,False
Bir Bikram Memorial College,Tripura,Science,--,--,7.8,8.5,7.5,8,7.5,7,8,Bir Bikram Memorial College,EXACT,False
Dasarath Deb Memorial College,Tripura,Science,--,--,5.8,8,4,7,6,3,7,Dasarath Deb Memorial College,EXACT,False
"Holy Cross College, Agartala",Tripura,Science,"57,400",--,7.3,8.1,7.9,8.1,6.9,5.3,7.4,"Holy Cross College, Agartala",EXACT,False
"Netaji Subhash Mahavidyalaya, Udaipur",Tripura,Science,--,--,--,--,--,--,--,--,--,"Netaji Subhash Mahavidyalaya, Udaipur",EXACT,False
"Ramthakur College, West Tripura",Tripura,Science,--,--,7.1,8.4,4.6,8.4,7.8,7,6.6,"Ramthakur College, West Tripura",EXACT,False
"Womens College, Agartala",Tripura,Science,--,--,7.5,--,--,--,--,--,--,"Womens College, Agartala",EXACT,False
"Government Degree College, North Tripura",Tripura,Science,702,--,7.8,--,--,--,--,--,--,"Government Degree College, North Tripura",EXACT,False
"Tripura University, West Tripura",Tripura,Science,"49,500","9,800",7.5,8,7.1,8.4,7.6,6,8,"Tripura University, West Tripura",EXACT,False
"Maharaja Bir Bikram College, Agartala",Tripura,Science,"4,000",--,6.6,6.9,4,7.7,7.3,6.2,7.2,"Maharaja Bir Bikram College, Agartala",EXACT,False
"Government Degree College, Dhalai",Tripura,Science,320,--,--,--,--,--,--,--,--,"Government Degree College, Dhalai",EXACT,False
Kabi Nazrul Mahavidyalaya,Tripura,Science,--,--,--,--,--,--,--,--,--,Kabi Nazrul Mahavidyalaya,EXACT,False
"Adwaita Malla Barman Smriti Mahavidyalaya (AMBS), Amarpur",Tripura,Science,968,--,--,--,--,--,--,--,--,Adwaita Malla Barman Smriti Mahavidyalaya (AMBS),EXACT,False
"Maharaja Bir Bikram University, Agartala",Tripura,Science,--,--,--,--,--,--,--,--,--,"Maharaja Bir Bikram University, Agartala",EXACT,False
"ICFAI University, West Tripura",Tripura,Commerce,"80,000","82,000",8,8.1,7.6,8.1,8.3,7.6,8.5,"ICFAI University, West Tripura",EXACT,False
Bir Bikram Memorial College,Tripura,Commerce,--,--,7.8,8.5,7.5,8,7.5,7,8,Bir Bikram Memorial College,EXACT,False
Dasarath Deb Memorial College,Tripura,Commerce,--,--,5.8,8,4,7,6,3,7,Dasarath Deb Memorial College,EXACT,False
"Holy Cross College, Agartala",Tripura,Commerce,"50,200",--,7.3,8.1,7.9,8.1,6.9,5.3,7.4,"Holy Cross College, Agartala",EXACT,False
"Netaji Subhash Mahavidyalaya, Udaipur",Tripura,Commerce,--,--,--,--,--,--,--,--,--,"Netaji Subhash Mahavidyalaya, Udaipur",EXACT,False
"Ramthakur College, West Tripura",Tripura,Commerce,--,--,7.1,8.4,4.6,8.4,7.8,7,6.6,"Ramthakur College, West Tripura",EXACT,False
"Government Degree College, North Tripura",Tripura,Commerce,362,--,7.8,--,--,--,--,--,--,"Government Degree College, North Tripura",EXACT,False
"Tripura University, West Tripura",Tripura,Commerce,"8,800","10,500",7.5,8,7.1,8.4,7.6,6,8,"Tripura University, West Tripura",EXACT,False
"Maharaja Bir Bikram College, Agartala",Tripura,Commerce,"3,000",--,6.6,6.9,4,7.7,7.3,6.2,7.2,"Maharaja Bir Bikram College, Agartala",EXACT,False
National Institute of Technology,Tripura,Arts,"28,800",--,8,8.1,7.7,7.3,8.7,7.8,8.2,NIT,EXACT,False
"ICFAI University, West Tripura",Tripura,Arts,"72,000","1,11,000",8,8.1,7.6,8.1,8.3,7.6,8.5,"ICFAI University, West Tripura",EXACT,False
Bir Bikram Memorial College,Tripura,Arts,--,--,7.8,8.5,7.5,8,7.5,7,8,Bir Bikram Memorial College,EXACT,False
Dasarath Deb Memorial College,Tripura,Arts,--,--,5.8,8,4,7,6,3,7,Dasarath Deb Memorial College,EXACT,False
"Holy Cross College, Agartala",Tripura,Arts,"46,600",--,7.3,8.1,7.9,8.1,6.9,5.3,7.4,"Holy Cross College, Agartala",EXACT,False
"Netaji Subhash Mahavidyalaya, Udaipur",Tripura,Arts,--,--,--,--,--,--,--,--,--,"Netaji Subhash Mahavidyalaya, Udaipur",EXACT,False
"Ramthakur College, West Tripura",Tripura,Arts,"7,500",--,7.1,8.4,4.6,8.4,7.8,7,6.6,"Ramthakur College, West Tripura",EXACT,False
"Womens College, Agartala",Tripura,Arts,--,--,7.5,--,--,--,--,--,--,"Womens College, Agartala",EXACT,False
"Government Degree College, North Tripura",Tripura,Arts,360,--,7.8,--,--,--,--,--,--,"Government Degree College, North Tripura",EXACT,False
"Tripura University, West Tripura",Tripura,Arts,"17,300","17,300",7.5,8,7.1,8.4,7.6,6,8,"Tripura University, West Tripura",EXACT,False
"Maharaja Bir Bikram College, Agartala",Tripura,Arts,"2,500",--,6.6,6.9,4,7.7,7.3,6.2,7.2,"Maharaja Bir Bikram College, Agartala",EXACT,False
"Directorate of Distance Education, Tripura University, West Tripura",Tripura,Arts,--,--,--,--,--,--,--,--,--,Directorate of Distance Education,EXACT,False
"Government Degree College, Dhalai",Tripura,Arts,320,--,--,--,--,--,--,--,--,"Government Degree College, Dhalai",EXACT,False
Kabi Nazrul Mahavidyalaya,Tripura,Arts,--,--,--,--,--,--,--,--,--,Kabi Nazrul Mahavidyalaya,EXACT,False
"Adwaita Malla Barman Smriti Mahavidyalaya (AMBS), Amarpur",Tripura,Arts,968,--,--,--,--,--,--,--,--,Adwaita Malla Barman Smriti Mahavidyalaya (AMBS),EXACT,False
"Maharaja Bir Bikram University, Agartala",Tripura,Arts,--,--,--,--,--,--,--,--,--,"Maharaja Bir Bikram University, Agartala",EXACT,False
"Tripura Institute of Technology, Agartala",Tripura,Agriculture,"6,751",--,7.6,7.8,6.5,8.2,8.3,6.8,8.1,Tripura Institute of Technology,EXACT,False
"ICFAI University, West Tripura",Tripura,Medical,"1,00,000","1,11,000",8,8.1,7.6,8.1,8.3,7.6,8.5,"ICFAI University, West Tripura",EXACT,False
Bhavan's Tripura College of Science and Technology,Tripura,Medical,--,--,4.3,4,4,5,5,4,4,Bhavan's Tripura College of Science and Technology,EXACT,False
"Netaji Subhash Mahavidyalaya, Udaipur",Tripura,Medical,--,--,--,--,--,--,--,--,--,"Netaji Subhash Mahavidyalaya, Udaipur",EXACT,False
"Womens College, Agartala",Tripura,Medical,--,--,7.5,--,--,--,--,--,--,"Womens College, Agartala",EXACT,False
"Agartala Government Medical College, Agartala",Tripura,Medical,"95,000","1,85,000",7.7,8.1,6.6,7.9,7.5,8.4,7.6,Agartala Government Medical College,EXACT,False
"Tripura Medical College, West Tripura",Tripura,Medical,"11,40,920","10,13,110",7.4,7.8,5.8,7.7,7.2,9.3,6.8,"Tripura Medical College, West Tripura",EXACT,False
"Government Degree College, North Tripura",Tripura,Medical,--,--,7.8,--,--,--,--,--,--,"Government Degree College, North Tripura",EXACT,False
"Tripura University, West Tripura",Tripura,Medical,"2,700",--,7.5,8,7.1,8.4,7.6,6,8,"Tripura University, West Tripura",EXACT,False
"Tripura University, West Tripura",Tripura,Pharmacy,"51,300",--,7.5,8,7.1,8.4,7.6,6,8,"Tripura University, West Tripura",EXACT,False
"ICFAI University, West Tripura",Tripura,Law,"84,000","90,000",8,8.1,7.6,8.1,8.3,7.6,8.5,"ICFAI University, West Tripura",EXACT,False
"Tripura University, West Tripura",Tripura,Law,"39,900",--,7.5,8,7.1,8.4,7.6,6,8,"Tripura University, West Tripura",EXACT,False
Sikkim Manipal University,Sikkim,Engineering,"2,60,000","1,74,000",7.4,7.9,6.5,8.2,7.6,6.8,7.4,Sikkim Manipal University,EXACT,False
National Institute of Technology,Sikkim,Engineering,"1,39,400","82,900",7.5,8.1,7.2,8,6.5,7.8,7.6,NIT,EXACT,False
"SRM University Sikkim, Gangtok",Sikkim,Engineering,"2,25,000",--,8.1,7.7,7.1,8.5,8.3,8.3,8.4,"SRM University Sikkim, Gangtok",EXACT,False
Vinayaka Missions Sikkim University,Sikkim,Engineering,--,--,7.8,7.8,7.8,8,7.8,7.5,7.8,Vinayaka Missions Sikkim University,EXACT,False
College of Agricultural Engineering and Post Harvest Technology,Sikkim,Engineering,"4,280",--,6.8,6.8,6.2,7.1,6.6,6.6,7.4,College of Agricultural Engineering and Post Harvest Technology,EXACT,False
Sikkim Manipal University,Sikkim,Management,"2,75,000","40,000",7.4,7.9,6.5,8.2,7.6,6.8,7.4,Sikkim Manipal University,EXACT,False
"SRM University Sikkim, Gangtok",Sikkim,Management,"1,30,000","60,000",8.1,7.7,7.1,8.5,8.3,8.3,8.4,"SRM University Sikkim, Gangtok",EXACT,False
Vinayaka Missions Sikkim University,Sikkim,Management,"1,18,000","1,62,000",7.8,7.8,7.8,8,7.8,7.5,7.8,Vinayaka Missions Sikkim University,EXACT,False
"ICFAI University, Gangtok",Sikkim,Management,"66,000","1,62,000",6.8,6.7,6.8,7,6.7,7,6.6,"ICFAI University, Gangtok",EXACT,False
Sikkim Manipal Institute of Technology,Sikkim,Management,"2,75,000","1,28,000",8.7,8.7,8.5,8.6,8.9,8.5,8.7,Sikkim Manipal Institute of Technology,EXACT,False
"Sikkim University, Gangtok",Sikkim,Management,"19,822","16,102",8.4,9,8.3,8.9,7.4,8.1,8.5,"Sikkim University, Gangtok",EXACT,False
"Institute of Hotel Management, Gangtok",Sikkim,Management,"55,000",--,7.7,8,7,8,8,8,7,"Institute of Hotel Management, Gangtok",EXACT,False
Directorate of Distance Education Sikkim Manipal University,Sikkim,Management,"32,500","42,500",8.2,8.8,7.7,7.9,8.7,8.1,8.2,Directorate of Distance Education Sikkim Manipal University,EXACT,False
Sikkim Manipal Institute of Medical Sciences,Sikkim,Science,"1,22,000","1,16,000",7.1,7.6,6.2,7.8,6.9,7.5,6.8,Sikkim Manipal Institute of Medical Sciences,EXACT,False
"ICFAI University, Gangtok",Sikkim,Science,"66,000",--,6.8,6.7,6.8,7,6.7,7,6.6,"ICFAI University, Gangtok",EXACT,False
"SRM University Sikkim, Gangtok",Sikkim,Science,"43,000","1,00,000",8.1,7.7,7.1,8.5,8.3,8.3,8.4,"SRM University Sikkim, Gangtok",EXACT,False
Sikkim Manipal University,Sikkim,Science,"1,22,000","1,00,000",7.4,7.9,6.5,8.2,7.6,6.8,7.4,Sikkim Manipal University,EXACT,False
National Institute of Technology,Sikkim,Science,"23,200","26,900",7.5,8.1,7.2,8,6.5,7.8,7.6,NIT,EXACT,False
Vinayaka Missions Sikkim University,Sikkim,Science,"1,18,000",--,7.8,7.8,7.8,8,7.8,7.5,7.8,Vinayaka Missions Sikkim University,EXACT,False
Sikkim Manipal Institute of Technology,Sikkim,Science,"1,00,000","98,000",8.7,8.7,8.5,8.6,8.9,8.5,8.7,Sikkim Manipal Institute of Technology,EXACT,False
College of Agricultural Engineering and Post Harvest Technology,Sikkim,Science,--,--,6.8,6.8,6.2,7.1,6.6,6.6,7.4,College of Agricultural Engineering and Post Harvest Technology,EXACT,False
"Damber Singh College, East Sikkim",Sikkim,Science,--,--,8,8,8,8,8,8,8,"Damber Singh College, East Sikkim",EXACT,False
"Nar Bahadur Bhandari Degree College, East Sikkim",Sikkim,Science,"1,792",--,7.7,8,7.7,9,7.7,5.3,8.3,Nar Bahadur Bhandari Degree College,EXACT,False
"Harkamaya College of Education, East Sikkim",Sikkim,Science,"1,00,000",--,7.8,7,8,8,9,7,8,Harkamaya College of Education,EXACT,False
"Sikkim University, Gangtok",Sikkim,Science,"7,852","7,282",8.4,9,8.3,8.9,7.4,8.1,8.5,"Sikkim University, Gangtok",EXACT,False
Directorate of Distance Education Sikkim Manipal University,Sikkim,Science,"32,500","40,000",8.2,8.8,7.7,7.9,8.7,8.1,8.2,Directorate of Distance Education Sikkim Manipal University,EXACT,False
"ICFAI University, Gangtok",Sikkim,Commerce,"52,000","76,000",6.8,6.7,6.8,7,6.7,7,6.6,"ICFAI University, Gangtok",EXACT,False
"SRM University Sikkim, Gangtok",Sikkim,Commerce,"45,000","55,000",8.1,7.7,7.1,8.5,8.3,8.3,8.4,"SRM University Sikkim, Gangtok",EXACT,False
Sikkim Manipal University,Sikkim,Commerce,"57,700","68,400",7.4,7.9,6.5,8.2,7.6,6.8,7.4,Sikkim Manipal University,EXACT,False
Vinayaka Missions Sikkim University,Sikkim,Commerce,"1,18,000","1,42,000",7.8,7.8,7.8,8,7.8,7.5,7.8,Vinayaka Missions Sikkim University,EXACT,False
"Nar Bahadur Bhandari Degree College, East Sikkim",Sikkim,Commerce,"1,692",--,7.7,8,7.7,9,7.7,5.3,8.3,Nar Bahadur Bhandari Degree College,EXACT,False
"Sikkim University, Gangtok",Sikkim,Commerce,"19,822","7,852",8.4,9,8.3,8.9,7.4,8.1,8.5,"Sikkim University, Gangtok",EXACT,False
"ICFAI University, Gangtok",Sikkim,Arts,"52,000","70,000",6.8,6.7,6.8,7,6.7,7,6.6,"ICFAI University, Gangtok",EXACT,False
"SRM University Sikkim, Gangtok",Sikkim,Arts,"55,000","38,000",8.1,7.7,7.1,8.5,8.3,8.3,8.4,"SRM University Sikkim, Gangtok",EXACT,False
Sikkim Manipal University,Sikkim,Arts,"54,000","57,700",7.4,7.9,6.5,8.2,7.6,6.8,7.4,Sikkim Manipal University,EXACT,False
National Institute of Technology,Sikkim,Arts,"23,200",--,7.5,8.1,7.2,8,6.5,7.8,7.6,NIT,EXACT,False
Vinayaka Missions Sikkim University,Sikkim,Arts,"1,18,000","1,42,000",7.8,7.8,7.8,8,7.8,7.5,7.8,Vinayaka Missions Sikkim University,EXACT,False
"Damber Singh College, East Sikkim",Sikkim,Arts,--,--,8,8,8,8,8,8,8,"Damber Singh College, East Sikkim",EXACT,False
"Nar Bahadur Bhandari Degree College, East Sikkim",Sikkim,Arts,"1,592",--,7.7,8,7.7,9,7.7,5.3,8.3,Nar Bahadur Bhandari Degree College,EXACT,False
"Sikkim University, Gangtok",Sikkim,Arts,"5,230","7,282",8.4,9,8.3,8.9,7.4,8.1,8.5,"Sikkim University, Gangtok",EXACT,False
Directorate of Distance Education Sikkim Manipal University,Sikkim,Arts,"12,000",--,8.2,8.8,7.7,7.9,8.7,8.1,8.2,Directorate of Distance Education Sikkim Manipal University,EXACT,False
Sikkim State University,Sikkim,Arts,--,--,--,--,--,--,--,--,--,Sikkim State University,EXACT,False
"ICFAI University, Gangtok",Sikkim,Hotel-management,"78,000",--,6.8,6.7,6.8,7,6.7,7,6.6,"ICFAI University, Gangtok",EXACT,False
"Institute of Hotel Management, Gangtok",Sikkim,Hotel-management,"1,10,000","55,000",7.7,8,7,8,8,8,7,"Institute of Hotel Management, Gangtok",EXACT,False
National Research Centre for Orchids,Sikkim,Agriculture,--,--,--,--,--,--,--,--,--,National Research Centre for Orchids,EXACT,False
"Sikkim University, Gangtok",Sikkim,Agriculture,"7,030","16,102",8.4,9,8.3,8.9,7.4,8.1,8.5,"Sikkim University, Gangtok",EXACT,False
Sikkim Manipal Institute of Medical Sciences,Sikkim,Medical,"17,00,000","98,000",7.1,7.6,6.2,7.8,6.9,7.5,6.8,Sikkim Manipal Institute of Medical Sciences,EXACT,False
"SRM University Sikkim, Gangtok",Sikkim,Medical,"1,00,000",--,8.1,7.7,7.1,8.5,8.3,8.3,8.4,"SRM University Sikkim, Gangtok",EXACT,False
Sikkim Manipal University,Sikkim,Medical,"40,000","50,000",7.4,7.9,6.5,8.2,7.6,6.8,7.4,Sikkim Manipal University,EXACT,False
Vinayaka Missions Sikkim University,Sikkim,Medical,--,--,7.8,7.8,7.8,8,7.8,7.5,7.8,Vinayaka Missions Sikkim University,EXACT,False
Sikkim Manipal College of Physiotherapy,Sikkim,Medical,"1,50,000","2,20,000",8.5,9,8,9,8,9,8,Sikkim Manipal College of Physiotherapy,EXACT,False
"Himalayan Pharmacy Institute, East Sikkim",Sikkim,Pharmacy,--,--,7.4,8.4,5.9,8.1,7.4,8.6,5.9,Himalayan Pharmacy Institute,EXACT,False
Vinayaka Missions Sikkim University,Sikkim,Pharmacy,"1,76,000",--,7.8,7.8,7.8,8,7.8,7.5,7.8,Vinayaka Missions Sikkim University,EXACT,False
"ICFAI University, Gangtok",Sikkim,Law,"78,000",--,6.8,6.7,6.8,7,6.7,7,6.6,"ICFAI University, Gangtok",EXACT,False
"Sikkim University, Gangtok",Sikkim,Law,"15,262","16,102",8.4,9,8.3,8.9,7.4,8.1,8.5,"Sikkim University, Gangtok",EXACT,False
National Institute of Technology,Manipur,Engineering,"1,47,700","89,400",7.9,7.9,7.1,8.2,7.4,8.4,8.2,NIT,EXACT,False
Indian Institute of Information Technology,Manipur,Engineering,"1,87,945","21,795",6.8,7.1,6.7,7.6,6.3,6.6,6.2,IIIT,EXACT,False
Manipur Institute of Technology,Manipur,Engineering,"69,200","75,900",7,7,6.5,7.3,7,7,7,Manipur Institute of Technology,EXACT,False
Manipur Technical University,Manipur,Engineering,"63,000",--,8.3,--,--,--,--,--,--,Manipur Technical University,EXACT,False
Central Agricultural University,Manipur,Engineering,"2,980","5,500",7.5,8,6.7,7.5,9,6.8,7,Central Agricultural University,EXACT,False
Manipur University,Manipur,Engineering,"61,250","61,250",8.1,8.4,8.2,8.5,7.7,7.2,8.4,Manipur University,EXACT,False
"Government Polytechnic, Imphal",Manipur,Engineering,--,--,--,--,--,--,--,--,--,"Government Polytechnic, Imphal",EXACT,False
"Bir Tikendrajit University, Imphal",Manipur,Engineering,"1,60,000","1,60,000",--,--,--,--,--,--,--,"Bir Tikendrajit University, Imphal",EXACT,False
Central Agricultural University,Manipur,Management,"6,250",--,7.5,8,6.7,7.5,9,6.8,7,Central Agricultural University,EXACT,False
Manipur University,Manipur,Management,"30,450",--,8.1,8.4,8.2,8.5,7.7,7.2,8.4,Manipur University,EXACT,False
"Bir Tikendrajit University, Imphal",Manipur,Management,"40,000","1,00,000",--,--,--,--,--,--,--,"Bir Tikendrajit University, Imphal",EXACT,False
National Institute of Technology,Manipur,Science,"18,000","31,000",7.9,7.9,7.1,8.2,7.4,8.4,8.2,NIT,EXACT,False
"Regional Institute of Medical Sciences, Imphal",Manipur,Science,"22,150",--,7,8.3,5.5,7.6,6.8,7.4,6.4,Regional Institute of Medical Sciences,EXACT,False
Central Agricultural University,Manipur,Science,"2,980","2,980",7.5,8,6.7,7.5,9,6.8,7,Central Agricultural University,EXACT,False
Sangai International University,Manipur,Science,--,--,8.1,8.3,7,8.3,9,8,8.2,Sangai International University,EXACT,False
Indian Institute of Information Technology,Manipur,Science,"21,795",--,6.8,7.1,6.7,7.6,6.3,6.6,6.2,IIIT,EXACT,False
"Kakching Khunou College, Thoubal",Manipur,Science,--,--,--,--,--,--,--,--,--,"Kakching Khunou College, Thoubal",EXACT,False
"United College, Chandel",Manipur,Science,"4,320",--,--,--,--,--,--,--,--,"United College, Chandel",EXACT,False
"DM College of Science, Imphal",Manipur,Science,"3,201",--,6.4,7.3,5.6,8.1,5.5,4,7.9,"DM College of Science, Imphal",EXACT,False
"Imphal College, Imphal",Manipur,Science,--,--,6.2,8,4.5,6.5,5,4.5,8.5,"Imphal College, Imphal",EXACT,False
Institute of Bioresources and Sustainable Development,Manipur,Science,--,--,7.2,7,7,7,7,8,7,Institute of Bioresources and Sustainable Development,EXACT,False
"Waikhom Mani Girl's College, Thoubal",Manipur,Science,--,--,--,--,--,--,--,--,--,"Waikhom Mani Girl's College, Thoubal",EXACT,False
Manipur University,Manipur,Science,"10,375",--,8.1,8.4,8.2,8.5,7.7,7.2,8.4,Manipur University,EXACT,False
"Lilong Haoreibi College, Imphal",Manipur,Science,"2,745",--,6.3,5,5,7.5,5,7,8,"Lilong Haoreibi College, Imphal",EXACT,False
"The Modern College, Imphal",Manipur,Science,--,--,5.7,7,7,6,4,5,5,"The Modern College, Imphal",EXACT,False
National Sports University,Manipur,Science,"88,100","92,800",5.7,6,1,7.2,6,6.7,7.5,National Sports University,EXACT,False
"Dhanamanjuri University, Imphal",Manipur,Science,"4,021",--,6.9,7.5,8,7,7,5,--,"Dhanamanjuri University, Imphal",EXACT,False
"Bir Tikendrajit University, Imphal",Manipur,Science,"40,000","40,000",--,--,--,--,--,--,--,"Bir Tikendrajit University, Imphal",EXACT,False
"Kakching Khunou College, Thoubal",Manipur,Commerce,--,--,--,--,--,--,--,--,--,"Kakching Khunou College, Thoubal",EXACT,False
Manipur University,Manipur,Commerce,"34,350","5,375",8.1,8.4,8.2,8.5,7.7,7.2,8.4,Manipur University,EXACT,False
"Dhanamanjuri University, Imphal",Manipur,Commerce,--,--,6.9,7.5,8,7,7,5,--,"Dhanamanjuri University, Imphal",EXACT,False
"Bir Tikendrajit University, Imphal",Manipur,Commerce,"10,000","15,000",--,--,--,--,--,--,--,"Bir Tikendrajit University, Imphal",EXACT,False
National Institute of Technology,Manipur,Arts,"31,000",--,7.9,7.9,7.1,8.2,7.4,8.4,8.2,NIT,EXACT,False
"DM College of Arts, Imphal",Manipur,Arts,--,--,6.1,7.4,5,7.5,6.6,3.8,6,"DM College of Arts, Imphal",EXACT,False
"Grace Bible College, Churachandpur",Manipur,Arts,"13,400","15,900",6.3,8,4,--,--,--,--,"Grace Bible College, Churachandpur",EXACT,False
"Kakching Khunou College, Thoubal",Manipur,Arts,--,--,--,--,--,--,--,--,--,"Kakching Khunou College, Thoubal",EXACT,False
"United College, Chandel",Manipur,Arts,"3,220",--,--,--,--,--,--,--,--,"United College, Chandel",EXACT,False
"Imphal College, Imphal",Manipur,Arts,--,--,6.2,8,4.5,6.5,5,4.5,8.5,"Imphal College, Imphal",EXACT,False
"Waikhom Mani Girl's College, Thoubal",Manipur,Arts,--,--,--,--,--,--,--,--,--,"Waikhom Mani Girl's College, Thoubal",EXACT,False
Manipur University,Manipur,Arts,"6,375",--,8.1,8.4,8.2,8.5,7.7,7.2,8.4,Manipur University,EXACT,False
"Lilong Haoreibi College, Imphal",Manipur,Arts,"2,245",--,6.3,5,5,7.5,5,7,8,"Lilong Haoreibi College, Imphal",EXACT,False
"The Modern College, Imphal",Manipur,Arts,--,--,5.7,7,7,6,4,5,5,"The Modern College, Imphal",EXACT,False
"Dhanamanjuri University, Imphal",Manipur,Arts,--,--,6.9,7.5,8,7,7,5,--,"Dhanamanjuri University, Imphal",EXACT,False
Manipur University of Culture,Manipur,Arts,"5,000",--,--,--,--,--,--,--,--,Manipur University of Culture,EXACT,False
"Bir Tikendrajit University, Imphal",Manipur,Arts,"10,000","20,000",--,--,--,--,--,--,--,"Bir Tikendrajit University, Imphal",EXACT,False
"Bir Tikendrajit University, Imphal",Manipur,Hotel-management,"10,000","20,000",--,--,--,--,--,--,--,"Bir Tikendrajit University, Imphal",EXACT,False
Central Agricultural University,Manipur,Agriculture,"2,880","4,650",7.5,8,6.7,7.5,9,6.8,7,Central Agricultural University,EXACT,False
"Bir Tikendrajit University, Imphal",Manipur,Agriculture,"20,000","20,000",--,--,--,--,--,--,--,"Bir Tikendrajit University, Imphal",EXACT,False
"Regional Institute of Medical Sciences, Imphal",Manipur,Medical,"17,450","22,150",7,8.3,5.5,7.6,6.8,7.4,6.4,Regional Institute of Medical Sciences,EXACT,False
Manipur University,Manipur,Medical,--,--,8.1,8.4,8.2,8.5,7.7,7.2,8.4,Manipur University,EXACT,False
Jawaharlal Nehru Institute of Medical Sciences,Manipur,Medical,--,--,8.5,8.5,8.5,9,8.5,8.5,8,Jawaharlal Nehru Institute of Medical Sciences,EXACT,False
"Bir Tikendrajit University, Imphal",Manipur,Medical,"20,000","80,000",--,--,--,--,--,--,--,"Bir Tikendrajit University, Imphal",EXACT,False
"Government Polytechnic, Imphal",Manipur,Pharmacy,--,--,--,--,--,--,--,--,--,"Government Polytechnic, Imphal",EXACT,False
"Bir Tikendrajit University, Imphal",Manipur,Pharmacy,"80,000","2,40,000",--,--,--,--,--,--,--,"Bir Tikendrajit University, Imphal",EXACT,False
Manipur University,Manipur,Law,--,--,8.1,8.4,8.2,8.5,7.7,7.2,8.4,Manipur University,EXACT,False
"Dhanamanjuri University, Imphal",Manipur,Law,--,--,6.9,7.5,8,7,7,5,--,"Dhanamanjuri University, Imphal",EXACT,False
"Bir Tikendrajit University, Imphal",Manipur,Law,"80,000","1,80,000",--,--,--,--,--,--,--,"Bir Tikendrajit University, Imphal",EXACT,False
National Institute of Technology,Mizoram,Engineering,"1,36,500","82,500",5.4,6.3,4.5,6.4,3.9,6.5,5,NIT,EXACT,False
"Mizoram University, School of Engineering and Technology",Mizoram,Engineering,"29,000",--,5.7,6,2,7.5,6,5.5,7,Mizoram University,EXACT,False
"Mizoram Polytechnic, Lunglei",Mizoram,Engineering,"5,550",--,--,--,--,--,--,--,--,"Mizoram Polytechnic, Lunglei",EXACT,False
Mizoram University,Mizoram,Engineering,"39,150","43,000",8,8.7,7,8.8,8,7.6,7.9,Mizoram University,EXACT,False
National Institute of Electronics & Information Technology,Mizoram,Engineering,"44,560","33,950",5.3,7,6,--,7,1,--,National Institute of Electronics & Information Technology,EXACT,False
"ICFAI University, Aizawl",Mizoram,Management,"28,000","1,14,450",7,7.1,6.9,7.2,6.9,6.8,6.8,"ICFAI University, Aizawl",EXACT,False
"Pachhunga University College, Aizawl",Mizoram,Management,"41,000",--,8.3,9.3,8,8.8,9,6.1,8.5,"Pachhunga University College, Aizawl",EXACT,False
Mizoram University,Mizoram,Management,"33,750","9,850",8,8.7,7,8.8,8,7.6,7.9,Mizoram University,EXACT,False
"Government Mizoram Law college, Aizawl",Mizoram,Management,--,--,--,--,--,--,--,--,--,"Government Mizoram Law college, Aizawl",EXACT,False
National Institute of Technology,Mizoram,Science,--,--,5.4,6.3,4.5,6.4,3.9,6.5,5,NIT,EXACT,False
"ICFAI University, Aizawl",Mizoram,Science,"42,500",--,7,7.1,6.9,7.2,6.9,6.8,6.8,"ICFAI University, Aizawl",EXACT,False
"Government Champhai College, Champhai",Mizoram,Science,"12,320",--,--,--,--,--,--,--,--,"Government Champhai College, Champhai",EXACT,False
"Government Saiha College, Saiha",Mizoram,Science,--,--,--,--,--,--,--,--,--,"Government Saiha College, Saiha",EXACT,False
"Pachhunga University College, Aizawl",Mizoram,Science,"11,700","13,470",8.3,9.3,8,8.8,9,6.1,8.5,"Pachhunga University College, Aizawl",EXACT,False
"Govt Zirtiri Residential Science College, Aizawl",Mizoram,Science,"4,740",--,--,--,--,--,--,--,--,Govt Zirtiri Residential Science College,EXACT,False
Mizoram University,Mizoram,Science,"10,150","16,020",8,8.7,7,8.8,8,7.6,7.9,Mizoram University,EXACT,False
College of Veterinary Science & Animal Husbandry,Mizoram,Science,--,--,--,--,--,--,--,--,--,College of Veterinary Science & Animal Husbandry,EXACT,False
"Government Serchhip College, Serchhip",Mizoram,Science,"8,880",--,--,--,--,--,--,--,--,"Government Serchhip College, Serchhip",EXACT,False
National Institute of Electronics & Information Technology,Mizoram,Science,"22,000","3,520",5.3,7,6,--,7,1,--,National Institute of Electronics & Information Technology,EXACT,False
"ICFAI University, Aizawl",Mizoram,Commerce,"23,400","41,000",7,7.1,6.9,7.2,6.9,6.8,6.8,"ICFAI University, Aizawl",EXACT,False
"Government Champhai College, Champhai",Mizoram,Commerce,"23,120",--,--,--,--,--,--,--,--,"Government Champhai College, Champhai",EXACT,False
"Pachhunga University College, Aizawl",Mizoram,Commerce,"10,700",--,8.3,9.3,8,8.8,9,6.1,8.5,"Pachhunga University College, Aizawl",EXACT,False
Mizoram University,Mizoram,Commerce,"16,020","7,120",8,8.7,7,8.8,8,7.6,7.9,Mizoram University,EXACT,False
National Institute of Electronics & Information Technology,Mizoram,Commerce,"3,520",--,5.3,7,6,--,7,1,--,National Institute of Electronics & Information Technology,EXACT,False
National Institute of Technology,Mizoram,Arts,--,--,5.4,6.3,4.5,6.4,3.9,6.5,5,NIT,EXACT,False
"ICFAI University, Aizawl",Mizoram,Arts,"23,400","41,000",7,7.1,6.9,7.2,6.9,6.8,6.8,"ICFAI University, Aizawl",EXACT,False
"Aizawl Theological College-[ATC], Aizawl",Mizoram,Arts,"41,600","38,700",8.5,9,8.5,9,8.5,8,8,"Aizawl Theological College-[ATC], Aizawl",EXACT,False
"Government Aizawl West College, Aizawl",Mizoram,Arts,--,--,7.2,7.5,7,7,5.5,8,8,"Government Aizawl West College, Aizawl",EXACT,False
"Government Champhai College, Champhai",Mizoram,Arts,"12,210",--,--,--,--,--,--,--,--,"Government Champhai College, Champhai",EXACT,False
"Government Saiha College, Saiha",Mizoram,Arts,--,--,--,--,--,--,--,--,--,"Government Saiha College, Saiha",EXACT,False
"Pachhunga University College, Aizawl",Mizoram,Arts,"9,700","8,010",8.3,9.3,8,8.8,9,6.1,8.5,"Pachhunga University College, Aizawl",EXACT,False
Govt. T.Romana College,Mizoram,Arts,"16,870",--,6.2,6.5,6,6.5,6,6,6,Govt. T.Romana College,EXACT,False
Mizoram University,Mizoram,Arts,"7,220","16,020",8,8.7,7,8.8,8,7.6,7.9,Mizoram University,EXACT,False
"Government Serchhip College, Serchhip",Mizoram,Arts,"8,280",--,--,--,--,--,--,--,--,"Government Serchhip College, Serchhip",EXACT,False
"Government J.Thankima College, Aizawl",Mizoram,Arts,--,--,--,--,--,--,--,--,--,"Government J.Thankima College, Aizawl",EXACT,False
National Institute of Electronics & Information Technology,Mizoram,Arts,"3,520",--,5.3,7,6,--,7,1,--,National Institute of Electronics & Information Technology,EXACT,False
Mizoram University,Mizoram,Agriculture,"7,930","12,500",8,8.7,7,8.8,8,7.6,7.9,Mizoram University,EXACT,False
"Aizawl Theological College-[ATC], Aizawl",Mizoram,Medical,"38,200",--,8.5,9,8.5,9,8.5,8,8,"Aizawl Theological College-[ATC], Aizawl",EXACT,False
Zoram Medical College,Mizoram,Medical,"69,150",--,--,--,--,--,--,--,--,Zoram Medical College,EXACT,False
College of Veterinary Science & Animal Husbandry,Mizoram,Pharmacy,--,--,--,--,--,--,--,--,--,College of Veterinary Science & Animal Husbandry,EXACT,False
"Government Mizoram Law college, Aizawl",Mizoram,Law,--,--,--,--,--,--,--,--,--,"Government Mizoram Law college, Aizawl",EXACT,False
"Dr. B R Ambedkar Institute of Technology, Port Blair",Andaman & Nicobar,Engineering,"12,083","4,780",--,--,--,--,--,--,--,Dr. B R Ambedkar Institute of Technology,EXACT,False
"Dr. B R Ambedkar Institute of Technology, Port Blair",Andaman & Nicobar,Management,"4,780",--,--,--,--,--,--,--,--,Dr. B R Ambedkar Institute of Technology,EXACT,False
Jawaharlal Nehru Rajkeeya Mahavidyalaya,Andaman & Nicobar,Management,843,--,6.6,8.5,5,7,7.5,2.5,9,Jawaharlal Nehru Rajkeeya Mahavidyalaya,EXACT,False
"Dr. B R Ambedkar Institute of Technology, Port Blair",Andaman & Nicobar,Science,"29,964",--,--,--,--,--,--,--,--,Dr. B R Ambedkar Institute of Technology,EXACT,False
Jawaharlal Nehru Rajkeeya Mahavidyalaya,Andaman & Nicobar,Science,939,"1,128",6.6,8.5,5,7,7.5,2.5,9,Jawaharlal Nehru Rajkeeya Mahavidyalaya,EXACT,False
"Mahatma Gandhi Government College, Mayabander",Andaman & Nicobar,Science,"1,155",--,--,--,--,--,--,--,--,Mahatma Gandhi Government College,EXACT,False
"Tagore Government College of Education, Port Blair",Andaman & Nicobar,Science,--,--,9,9,--,--,9,9,--,Tagore Government College of Education,EXACT,False
Jawaharlal Nehru Rajkeeya Mahavidyalaya,Andaman & Nicobar,Commerce,843,"1,008",6.6,8.5,5,7,7.5,2.5,9,Jawaharlal Nehru Rajkeeya Mahavidyalaya,EXACT,False
"Mahatma Gandhi Government College, Mayabander",Andaman & Nicobar,Commerce,"1,155",--,--,--,--,--,--,--,--,Mahatma Gandhi Government College,EXACT,False
Jawaharlal Nehru Rajkeeya Mahavidyalaya,Andaman & Nicobar,Arts,843,"1,008",6.6,8.5,5,7,7.5,2.5,9,Jawaharlal Nehru Rajkeeya Mahavidyalaya,EXACT,False
"Mahatma Gandhi Government College, Mayabander",Andaman & Nicobar,Arts,"1,155",--,--,--,--,--,--,--,--,Mahatma Gandhi Government College,EXACT,False
"Tagore Government College of Education, Port Blair",Andaman & Nicobar,Arts,--,--,9,9,--,--,9,9,--,Tagore Government College of Education,EXACT,False
"Dr. B R Ambedkar Institute of Technology, Port Blair",Andaman & Nicobar,Hotel-management,"4,780","11,980",--,--,--,--,--,--,--,Dr. B R Ambedkar Institute of Technology,EXACT,False
Jawaharlal Nehru Rajkeeya Mahavidyalaya,Andaman & Nicobar,Agriculture,939,--,6.6,8.5,5,7,7.5,2.5,9,Jawaharlal Nehru Rajkeeya Mahavidyalaya,EXACT,False
Andaman & Nicobar Islands Institute of Medical Sciences,Andaman & Nicobar,Medical,"91,050",--,8.3,8.6,8.4,8.4,8.3,8.2,8.1,Andaman & Nicobar Islands Institute of Medical Sciences,EXACT,False
"Plastindia International University, Dadra & Nagar Haveli",Dadra & Nagar Haveli,Engineering,--,--,--,--,--,--,--,--,--,Plastindia International University,EXACT,False
SSR Institute of Management and Research,Dadra & Nagar Haveli,Management,"1,30,000",--,8,--,--,8,--,6,--,SSR Institute of Management and Research,EXACT,False
Institute of Hotel Management and Catering Technology,Dadra & Nagar Haveli,Hotel-management,"77,000",--,7.7,7,7,8.2,8.5,8,7.4,Institute of Hotel Management and Catering Technology,EXACT,False
"Government Polytechnic, Daman",Daman & Diu,Engineering,"3,575","8,280",--,--,--,--,--,--,--,"Government Polytechnic, Daman",EXACT,False
